Category,Technology
Ad Servers,24-7 Media
Ad Servers,AdButler
Ad Servers,Adform
Ad Servers,DoubleClick
Ad Servers,E-planning
Ad Servers,Emediate
Ad Servers,Epom
Ad Servers,FreeWheel
Ad Servers,Google Ad Manager
Ad Servers,Open AdStream
Ad Servers,Sizmek
Ad Servers,Smart AdServer
Ad Servers,Switch Concepts
Ad Servers,Weborama
Ad Servers,Adition Technologies - Advertisers
Ad Servers,AdSpeed
Ad Servers,Adswizz
Ad Servers,Celtra
Ad Servers,Flashtalking
Ad Servers,Flite
Ad Servers,Kevel
Ad Servers,MediaLets
Ad Servers,ValueClick Mediaplex
Ad Servers,AdGlare
Ad Servers,AdRiver
Ad Servers,Adverticum
Ad Servers,Aniview Ad Server
Ad Servers,BittAds
Ad Servers,Broadstreet
Ad Servers,Container Media Group
Ad Servers,DoubleClick Campaign Manager
Ad Servers,DoubleClick for Publishers
Ad Servers,DynAd
Ad Servers,RevJet
Ad Servers,Pulse SDP
Ad Servers,Creatopy
Ad Servers,Google Marketing Platform
Ad Servers,Vaven
Ad Servers,Altas Relaunched
Ad Servers,AdOcean
Ad Servers,AdvertServe
Ad Servers,PointRoll
Advertising Networks,3XChange
Advertising Networks,41Ads
Advertising Networks,Ad Dynamo
Advertising Networks,Adara
Advertising Networks,AdParlor
Advertising Networks,Advertising.com
Advertising Networks,Amazon Advertising
Advertising Networks,Amazon AMS
Advertising Networks,Baidu Ads
Advertising Networks,BlogHer
Advertising Networks,Boo-box
Advertising Networks,Carbon
Advertising Networks,Chitika
Advertising Networks,CitrusAd
Advertising Networks,Clicksor
Advertising Networks,Collective Media
Advertising Networks,Complex Media Network
Advertising Networks,Conversant
Advertising Networks,CPMStar
Advertising Networks,CPX Interactive
Advertising Networks,FederatedMedia
Advertising Networks,Glam Media
Advertising Networks,Google AdMob
Advertising Networks,Google Ads
Advertising Networks,Google AdSense
Advertising Networks,Google AdSense for Domains
Advertising Networks,Gorilla Nation
Advertising Networks,Groundtruth
Advertising Networks,Gumgum
Advertising Networks,Hi-Media Performance
Advertising Networks,IndustryBrains
Advertising Networks,Infolinks
Advertising Networks,InMobi
Advertising Networks,Intent Media
Advertising Networks,Interclick
Advertising Networks,ironSource
Advertising Networks,Kiosked
Advertising Networks,Kontera
Advertising Networks,Ligatus
Advertising Networks,LinkedIn Ads
Advertising Networks,Linkedin Marketing Solutions
Advertising Networks,Meta Audience Network
Advertising Networks,MGID
Advertising Networks,Microsoft Advertising
Advertising Networks,ProclivityMedia
Advertising Networks,PulsePoint
Advertising Networks,ReactX
Advertising Networks,Respond
Advertising Networks,Revcontent
Advertising Networks,Right Media
Advertising Networks,Say Media
Advertising Networks,Scupio
Advertising Networks,Specific Media
Advertising Networks,Technorati
Advertising Networks,TikTok Ads
Advertising Networks,TribalFusion
Advertising Networks,TripleLift
Advertising Networks,Twitter Ads
Advertising Networks,Undertone
Advertising Networks,Vibrant Media
Advertising Networks,Viewable Media
Advertising Networks,WebSpectator
Advertising Networks,Wider Planet
Advertising Networks,Yahoo Ad Manager
Advertising Networks,Yahoo! Japan Promotional Ads
Advertising Networks,YieldBot
Advertising Networks,Yieldmo
Advertising Networks,Znaptag
Advertising Networks,Aarki
Advertising Networks,Adcash
Advertising Networks,AdInfinity
Advertising Networks,Admixer
Advertising Networks,Adnegah
Advertising Networks,Advally
Advertising Networks,Advert Stream
Advertising Networks,Anetwork
Advertising Networks,Appier
Advertising Networks,APPLOVIN
Advertising Networks,Audiohook
Advertising Networks,Automatad
Advertising Networks,Clickaine
Advertising Networks,Clicktripz
Advertising Networks,Cluep
Advertising Networks,Collective Audience
Advertising Networks,Concert
Advertising Networks,Dable
Advertising Networks,District M
Advertising Networks,DoubleClick Ad Exchange
Advertising Networks,eRate
Advertising Networks,EthicalAds
Advertising Networks,Exit Bee
Advertising Networks,ExoClick
Advertising Networks,FastTony
Advertising Networks,FirstImpression.io
Advertising Networks,Fusion Ads
Advertising Networks,Geniee
Advertising Networks,HypeLab
Advertising Networks,i-mobile
Advertising Networks,JuicyAds
Advertising Networks,Mantis
Advertising Networks,Mediavine
Advertising Networks,Nextdoor Ads
Advertising Networks,OneTag
Advertising Networks,ONiAD
Advertising Networks,Premion
Advertising Networks,Project Wonderful
Advertising Networks,Publy
Advertising Networks,PurpleAds
Advertising Networks,Q1Media
Advertising Networks,Reddit Ads
Advertising Networks,Rontar
Advertising Networks,SabaVision
Advertising Networks,Sixads
Advertising Networks,Sublime
Advertising Networks,Swoop
Advertising Networks,Tapsell
Advertising Networks,The Arena Group
Advertising Networks,The Monetyzer
Advertising Networks,TrafficStars
Advertising Networks,Twiago
Advertising Networks,Upravel
Advertising Networks,VDX.tv
Advertising Networks,Verizon Media
Advertising Networks,Vidazoo
Advertising Networks,WordAds
Advertising Networks,Yahoo Advertising
Advertising Networks,Yektanet
Advertising Networks,AdBay
Advertising Networks,ContentClick
Advertising Networks,ContextBar
Advertising Networks,AdBlade Advertisement
Advertising Networks,Content.ad
Advertising Networks,Dianomi
Advertising Networks,Instinctive Ads
Advertising Networks,Nster
Advertising Networks,Outbrain
Advertising Networks,Perfect Market
Advertising Networks,Plista
Advertising Networks,Strossle
Advertising Networks,Taboola
Advertising Networks,Email Attitude
Advertising Networks,Eperflex / ividence
Advertising Networks,LiveIntent
Advertising Networks,ParkingCrew
Advertising Networks,Sedo Domain Parking
Advertising Networks,Alimama
Advertising Networks,Raptive
Advertising Networks,Steepto
Advertising Networks,AdSupply
Advertising Networks,MadAdsMedia
Advertising Networks,NetSeer
Advertising Networks,Seedtag
Advertising Networks,Switch Ads
Advertising Networks,Tacoda
Advertising Networks,webtraffic
Advertising Networks,Nanigans
Advertising Networks,Reddit for business
Advertising Networks,Snap
Affiliate Advertising Network,Affilinet
Affiliate Advertising Network,Affise
Affiliate Advertising Network,Amazon Associates
Affiliate Advertising Network,AvantLink
Affiliate Advertising Network,Awin
Affiliate Advertising Network,CJ Affiliate
Affiliate Advertising Network,Commission Junction
Affiliate Advertising Network,iDevAffiliate
Affiliate Advertising Network,impact.com
Affiliate Advertising Network,LeadDyno
Affiliate Advertising Network,Linkconnector
Affiliate Advertising Network,Linkshare
Affiliate Advertising Network,Opt-Intelligence
Affiliate Advertising Network,Partnerize
Affiliate Advertising Network,PartnerStack
Affiliate Advertising Network,Postpresso
Affiliate Advertising Network,Rakuten Affiliate Network
Affiliate Advertising Network,Refersion
Affiliate Advertising Network,RewardStyle
Affiliate Advertising Network,ShareASale
Affiliate Advertising Network,SkimLinks
Affiliate Advertising Network,TradeTracker
Affiliate Advertising Network,Webgains
Affiliate Advertising Network,Yieldkit
Affiliate Advertising Network,A8.net
Affiliate Advertising Network,AccessTrade
Affiliate Advertising Network,Admitad
Affiliate Advertising Network,Affilae
Affiliate Advertising Network,Affiliate B
Affiliate Advertising Network,Affiliate Future
Affiliate Advertising Network,Affiliatly
Affiliate Advertising Network,Affilio
Affiliate Advertising Network,Affilo
Affiliate Advertising Network,Aklamio
Affiliate Advertising Network,Booking.com
Affiliate Advertising Network,Cellxpert
Affiliate Advertising Network,Clickbank
Affiliate Advertising Network,Convertiser
Affiliate Advertising Network,Coopt
Affiliate Advertising Network,Digistore24
Affiliate Advertising Network,Dovetale
Affiliate Advertising Network,Duel
Affiliate Advertising Network,EarlyParrot
Affiliate Advertising Network,eBay Partner Network
Affiliate Advertising Network,Effiliation
Affiliate Advertising Network,Evermos
Affiliate Advertising Network,FinanceAds
Affiliate Advertising Network,FirstPromoter
Affiliate Advertising Network,Flocktory
Affiliate Advertising Network,GoAffPro
Affiliate Advertising Network,JANet
Affiliate Advertising Network,Klook
Affiliate Advertising Network,Line2
Affiliate Advertising Network,Moshimo
Affiliate Advertising Network,Narrativ
Affiliate Advertising Network,Optimise
Affiliate Advertising Network,OSI Tracker
Affiliate Advertising Network,Partnero
Affiliate Advertising Network,Peachs
Affiliate Advertising Network,Pepperjam
Affiliate Advertising Network,Profity
Affiliate Advertising Network,Rakuten
Affiliate Advertising Network,Reditus
Affiliate Advertising Network,Refericon
Affiliate Advertising Network,Referral Rocket
Affiliate Advertising Network,RevenueHunt
Affiliate Advertising Network,Rewardful
Affiliate Advertising Network,SaaSquatch
Affiliate Advertising Network,ShoutOut
Affiliate Advertising Network,Social Snowball
Affiliate Advertising Network,Sovrn//Commerce
Affiliate Advertising Network,SparkLoop
Affiliate Advertising Network,Tapfiliate
Affiliate Advertising Network,The Rave
Affiliate Advertising Network,Tolt
Affiliate Advertising Network,TravelPayouts
Affiliate Advertising Network,TSA Commerce
Affiliate Advertising Network,ValueCommerce
Affiliate Advertising Network,Viral Loops
Affiliate Advertising Network,Zuberance
Affiliate Advertising Network,Adgoal
Affiliate Advertising Network,Tradedoubler
Affiliate Advertising Network,Felmat
Affiliate Advertising Network,Klickly
Affiliate Advertising Network,Leadbit
Affiliate Advertising Network,Rakuten Advertising
Affiliate Advertising Network,Thor-Media
Affiliate Advertising Network,Veoxa
Affiliate Advertising Network,TUNE
Affiliate Advertising Network,LinkMink
Affiliate Advertising Network,Stay22
Affiliate Advertising Network,Cake Marketing
Affiliate Advertising Network,Everflow
Affiliate Advertising Network,Edugram
Affiliate Advertising Network,Kommi
Affiliate Advertising Network,PostAffiliatePro
Affiliate Advertising Network,Shopsense
Affiliate Advertising Network,Natural Intelligence
Analytics and Tracking,Dub
Analytics and Tracking,Acoustic Analytics
Analytics and Tracking,Adjust
Analytics and Tracking,Adloox
Analytics and Tracking,AdMetrics
Analytics and Tracking,Adobe Analytics
Analytics and Tracking,Adobe Customer Journey Analytics
Analytics and Tracking,Adobe Marketo Measure
Analytics and Tracking,Adometry
Analytics and Tracking,AFS Analytics
Analytics and Tracking,AgencyAnalytics
Analytics and Tracking,Alexa Metrics
Analytics and Tracking,Amplitude
Analytics and Tracking,Appier AIRIS
Analytics and Tracking,AppsFlyer
Analytics and Tracking,AT Internet
Analytics and Tracking,AvantMetrics
Analytics and Tracking,AWS Analytics
Analytics and Tracking,Bitly
Analytics and Tracking,Blue Triangle
Analytics and Tracking,Bombora Measurement
Analytics and Tracking,C3 Metrics
Analytics and Tracking,Chartbeat
Analytics and Tracking,Clarity SDM
Analytics and Tracking,ClearSaleing
Analytics and Tracking,Clickdensity
Analytics and Tracking,ClickMeter
Analytics and Tracking,ClickTale
Analytics and Tracking,Clicky
Analytics and Tracking,Cloudflare Insights
Analytics and Tracking,Compete
Analytics and Tracking,comScore
Analytics and Tracking,Contentsquare
Analytics and Tracking,Convertro
Analytics and Tracking,Coremetrics
Analytics and Tracking,Countly
Analytics and Tracking,CrazyEgg
Analytics and Tracking,DC Storm
Analytics and Tracking,Decibel Insight
Analytics and Tracking,Demandware Analytics
Analytics and Tracking,DeviceAtlas
Analytics and Tracking,Eaglestats
Analytics and Tracking,Econda
Analytics and Tracking,Effective Measure
Analytics and Tracking,Etracker
Analytics and Tracking,ExactMetrics
Analytics and Tracking,eXTReMe Tracker
Analytics and Tracking,Facebook Insights
Analytics and Tracking,Factors.AI
Analytics and Tracking,Fathom
Analytics and Tracking,Funnel
Analytics and Tracking,Gainsight PX
Analytics and Tracking,Gauges
Analytics and Tracking,Gemius
Analytics and Tracking,GetSocial
Analytics and Tracking,Glassbox
Analytics and Tracking,Google Ads Conversion
Analytics and Tracking,Google Analytics
Analytics and Tracking,Google Analytics 360
Analytics and Tracking,Google Analytics 4
Analytics and Tracking,GoSquared
Analytics and Tracking,GoStats
Analytics and Tracking,HCL Unica NetInsight
Analytics and Tracking,HeapAnalytics
Analytics and Tracking,Histats
Analytics and Tracking,Hitslink
Analytics and Tracking,Hotjar
Analytics and Tracking,HotLog
Analytics and Tracking,InsightExpress
Analytics and Tracking,Improvely
Analytics and Tracking,Indicative
Analytics and Tracking,Inspectlet
Analytics and Tracking,Keen
Analytics and Tracking,KISSmetrics
Analytics and Tracking,Kochava
Analytics and Tracking,Korrelate
Analytics and Tracking,KYA
Analytics and Tracking,LeadsRx
Analytics and Tracking,LiveInternet
Analytics and Tracking,Lucky Orange
Analytics and Tracking,Matomo
Analytics and Tracking,Meetrics
Analytics and Tracking,Microsoft Clarity
Analytics and Tracking,Mint
Analytics and Tracking,Mixpanel
Analytics and Tracking,Motigo
Analytics and Tracking,MouseFlow
Analytics and Tracking,Nielsen NetRatings
Analytics and Tracking,OneStat
Analytics and Tracking,OpenTracker
Analytics and Tracking,Oribi
Analytics and Tracking,Pathful
Analytics and Tracking,Pendo.
Analytics and Tracking,Performable
Analytics and Tracking,Piano Media
Analytics and Tracking,Piwik PRO
Analytics and Tracking,Pmetrics
Analytics and Tracking,ProfitWell
Analytics and Tracking,Ptengine
Analytics and Tracking,Quantcast
Analytics and Tracking,Quantcast Measure
Analytics and Tracking,Quantum Metric
Analytics and Tracking,Radarstats
Analytics and Tracking,RealTracker
Analytics and Tracking,Reinvigorate
Analytics and Tracking,Roistat
Analytics and Tracking,Salesforce Marketing Cloud Intelligence
Analytics and Tracking,ScorecardResearch
Analytics and Tracking,SessionCam
Analytics and Tracking,ShinyStat
Analytics and Tracking,Data Analytics
Analytics and Tracking,Siteimprove
Analytics and Tracking,SiteMeter
Analytics and Tracking,Smartlook
Analytics and Tracking,Snoobi
Analytics and Tracking,Snowplow
Analytics and Tracking,Sophus 3 eMetrics
Analytics and Tracking,SpingMetrics
Analytics and Tracking,StatCounter
Analytics and Tracking,SuperStats
Analytics and Tracking,Trafic
Analytics and Tracking,trak.io
Analytics and Tracking,TVSquared
Analytics and Tracking,Twitter Analytics
Analytics and Tracking,User Insight
Analytics and Tracking,USERcycle
Analytics and Tracking,UXCam
Analytics and Tracking,VisibleMeasures
Analytics and Tracking,Visual IQ
Analytics and Tracking,Visual Revenue
Analytics and Tracking,Vizzit
Analytics and Tracking,W3Counter
Analytics and Tracking,Webtraxs
Analytics and Tracking,Webtrekk
Analytics and Tracking,Webtrends
Analytics and Tracking,Webtrends Analytics for Sharepoint
Analytics and Tracking,WebVisor
Analytics and Tracking,whos.amung.us
Analytics and Tracking,Yahoo Analytics
Analytics and Tracking,Yandex Metrica
Analytics and Tracking,Youmeng +
Analytics and Tracking,52Degrees
Analytics and Tracking,Abralytics
Analytics and Tracking,Acecounter
Analytics and Tracking,Ackee
Analytics and Tracking,Adline
Analytics and Tracking,Ahoy
Analytics and Tracking,Airbridge
Analytics and Tracking,Akavita
Analytics and Tracking,Alpharank
Analytics and Tracking,Analysys Ark
Analytics and Tracking,Analytick
Analytics and Tracking,AnalyticOwl
Analytics and Tracking,AnalyticsConnect
Analytics and Tracking,Analyzati
Analytics and Tracking,Analyzee
Analytics and Tracking,Analyzz
Analytics and Tracking,Attribution
Analytics and Tracking,Auryc
Analytics and Tracking,AWStats
Analytics and Tracking,Baidu Analytics
Analytics and Tracking,Baremetrics
Analytics and Tracking,Better Replay
Analytics and Tracking,Beusable
Analytics and Tracking,Biano
Analytics and Tracking,BizSpring
Analytics and Tracking,Browsee
Analytics and Tracking,Burst
Analytics and Tracking,Cabin
Analytics and Tracking,CaliberMind
Analytics and Tracking,Capturly
Analytics and Tracking,ClickHeat
Analytics and Tracking,Clickx
Analytics and Tracking,CNZZ
Analytics and Tracking,Converdiant
Analytics and Tracking,Conversio
Analytics and Tracking,Databuddy
Analytics and Tracking,Datanyze
Analytics and Tracking,Dema
Analytics and Tracking,EcomScout
Analytics and Tracking,Elevar
Analytics and Tracking,Engagio
Analytics and Tracking,Enquisite
Analytics and Tracking,ExactVisitor
Analytics and Tracking,Fastbase
Analytics and Tracking,FC2 Analyzer
Analytics and Tracking,FindGore
Analytics and Tracking,Flurry Analytics
Analytics and Tracking,Friendly Analytics
Analytics and Tracking,GoatCounter
Analytics and Tracking,Google Analytics Enhanced eCommerce
Analytics and Tracking,GrowingIO
Analytics and Tracking,hantana
Analytics and Tracking,Huberway Analytics
Analytics and Tracking,HubSpot Analytics
Analytics and Tracking,Humblytics
Analytics and Tracking,Hyros
Analytics and Tracking,INFOnline
Analytics and Tracking,Insignal
Analytics and Tracking,June
Analytics and Tracking,Kilkaya
Analytics and Tracking,Koala
Analytics and Tracking,Konget
Analytics and Tracking,Linkedin Insight Tag
Analytics and Tracking,LiveSession
Analytics and Tracking,Logaholic
Analytics and Tracking,Loglib
Analytics and Tracking,Lumino
Analytics and Tracking,Lumio
Analytics and Tracking,MarketPlan
Analytics and Tracking,Massflow
Analytics and Tracking,Matomo Analytics
Analytics and Tracking,Measured
Analytics and Tracking,Metrics Key
Analytics and Tracking,Metrilo
Analytics and Tracking,Modio
Analytics and Tracking,Monitus
Analytics and Tracking,Moostik
Analytics and Tracking,MyStat
Analytics and Tracking,Naver Analytics
Analytics and Tracking,Nemu
Analytics and Tracking,Nepcha Analytics
Analytics and Tracking,NexMind
Analytics and Tracking,NinjaCat
Analytics and Tracking,Nocodelytics
Analytics and Tracking,Northbeam
Analytics and Tracking,Open Web Analytics
Analytics and Tracking,OpenPanel
Analytics and Tracking,Oracle Infinity
Analytics and Tracking,Oracle Moat Measurement
Analytics and Tracking,PayPal Marketing Solutions
Analytics and Tracking,Pinterest Conversion Tag
Analytics and Tracking,Plausible
Analytics and Tracking,Plerdy
Analytics and Tracking,Podkite
Analytics and Tracking,Polar Analytics
Analytics and Tracking,PostHog
Analytics and Tracking,Powster
Analytics and Tracking,PrimeGate
Analytics and Tracking,Psyma
Analytics and Tracking,Publytics
Analytics and Tracking,Pubperf
Analytics and Tracking,Pyze
Analytics and Tracking,Quora Pixel
Analytics and Tracking,Realytics
Analytics and Tracking,Refix
Analytics and Tracking,Repro
Analytics and Tracking,Ruler Analytics
Analytics and Tracking,Rybbit
Analytics and Tracking,S&P Global Mobility
Analytics and Tracking,Say.ac
Analytics and Tracking,SealMetrics
Analytics and Tracking,SegmentStream
Analytics and Tracking,Seline
Analytics and Tracking,Sensai Metrics
Analytics and Tracking,Sensors Data
Analytics and Tracking,Session Rewind
Analytics and Tracking,SessionStack
Analytics and Tracking,Setrics
Analytics and Tracking,Simple Analytics
Analytics and Tracking,Sirge
Analytics and Tracking,Site Kit
Analytics and Tracking,Sitefinity Insight
Analytics and Tracking,SkyGlue
Analytics and Tracking,Smartocto
Analytics and Tracking,SniffURL
Analytics and Tracking,Spectro
Analytics and Tracking,Splitbee
Analytics and Tracking,Sprocket
Analytics and Tracking,Stack Analytix
Analytics and Tracking,Statsig
Analytics and Tracking,Stetic Analytics
Analytics and Tracking,SuperPluralAnalytics
Analytics and Tracking,Swetrix
Analytics and Tracking,Tallentor
Analytics and Tracking,Tencent Analytics
Analytics and Tracking,TG Track
Analytics and Tracking,ThankYou Analytics
Analytics and Tracking,The Hotels Network
Analytics and Tracking,Thesis
Analytics and Tracking,TikTok Pixel
Analytics and Tracking,Trackbee
Analytics and Tracking,Trackboxx
Analytics and Tracking,TrackFox
Analytics and Tracking,trackthemetric
Analytics and Tracking,UI Avenue
Analytics and Tracking,Umami
Analytics and Tracking,uMarketingSuite
Analytics and Tracking,UXSniff
Analytics and Tracking,Veonr
Analytics and Tracking,Vercel Analytics
Analytics and Tracking,VersaTailor
Analytics and Tracking,VertaFlow Analytics
Analytics and Tracking,Vicomi
Analytics and Tracking,VisitorVille
Analytics and Tracking,VK Pixel
Analytics and Tracking,W3 Ataiva
Analytics and Tracking,WatchThem
Analytics and Tracking,Weberlo
Analytics and Tracking,WebMetric
Analytics and Tracking,WeboLead
Analytics and Tracking,WebSTAT
Analytics and Tracking,Wipe Analytics
Analytics and Tracking,Wisetracker
Analytics and Tracking,Wonder
Analytics and Tracking,WP-Statistics
Analytics and Tracking,Xzero Analytics
Analytics and Tracking,Yxper
Analytics and Tracking,Placed
Analytics and Tracking,Branch
Analytics and Tracking,FullStory
Analytics and Tracking,Purple
Analytics and Tracking,Alexa Certified Site Metrics
Analytics and Tracking,Atlas by Facebook
Analytics and Tracking,DoubleClick Conversion
Analytics and Tracking,Adalyser
Analytics and Tracking,Admo.tv
Analytics and Tracking,Innovid Advertising Measurement
Analytics and Tracking,LiveRamp DPM
Analytics and Tracking,Podsights
Analytics and Tracking,Snap Pixel
Analytics and Tracking,MonsterInsights
Analytics and Tracking,Pretty Links
Analytics and Tracking,WP Live Visitor Counter
Analytics and Tracking,WPS Visitor Counter
Analytics and Tracking,Piano Analytics
Analytics and Tracking,Rockerbox
Analytics and Tracking,Triple Whale
Analytics and Tracking,Cooladata
Analytics and Tracking,PriceSpider
Analytics and Tracking,Rebrandly
Analytics and Tracking,Google Analytics Ecommerce Tracking
Analytics and Tracking,Jirafe
Analytics and Tracking,EraofEcom WinAds
Analytics and Tracking,Littledata
Analytics and Tracking,Shortly
Analytics and Tracking,TraceMyIP
Analytics and Tracking,Facebook Pixel
Analytics and Tracking,VisiStat
Analytics and Tracking,Urllo
Analytics and Tracking,Adtriba
Analytics and Tracking,CausalFunnel
Analytics and Tracking,Converge
Analytics and Tracking,data nugget
Analytics and Tracking,Datalitics
Analytics and Tracking,Dreamdata
Analytics and Tracking,Funnelytics
Analytics and Tracking,MarketHero
Analytics and Tracking,Smart Analytics
Analytics and Tracking,ThoughtMetric
Analytics and Tracking,Tracify
Analytics and Tracking,Upstack Data
Analytics and Tracking,Verfacto
Analytics and Tracking,Wicked Reports
Analytics and Tracking,ADEBiS
Analytics and Tracking,Alexa Certify
Analytics and Tracking,DXS
Analytics and Tracking,Eulerian
Analytics and Tracking,Exponea
Analytics and Tracking,Flowcode
Analytics and Tracking,Rambler
Analytics and Tracking,Singular
Analytics and Tracking,smartURL
Analytics and Tracking,TinyURL
Analytics and Tracking,Trialfire
Analytics and Tracking,Yandex
Analytics and Tracking,Grain Harvest
Analytics and Tracking,Sniply
Analytics and Tracking,Scout Analytics
Analytics and Tracking,Tynt
Analytics and Tracking,Baidu
Analytics and Tracking,Spring Metrics
Analytics and Tracking,ByteDance
Analytics and Tracking,Facebook
Analytics and Tracking,DoubleClick Floodlight
Analytics and Tracking,Exactag
Analytics and Tracking,Facebook Pixel Advanced Matching
Analytics and Tracking,ClustrMaps Widget
Analytics and Tracking,MapLoco
Analytics and Tracking,RevolverMaps
Appointment Scheduling,17hats
Appointment Scheduling,4PatientCare
Appointment Scheduling,Acuity Scheduling
Appointment Scheduling,AppointmentPlus
Appointment Scheduling,AVImark Rapport
Appointment Scheduling,Book4Time
Appointment Scheduling,Bookeo
Appointment Scheduling,Bookeo Appointments
Appointment Scheduling,Calendly
Appointment Scheduling,Calendly for Sales
Appointment Scheduling,Chili Piper
Appointment Scheduling,Cronofy
Appointment Scheduling,Doodle
Appointment Scheduling,Dubsado
Appointment Scheduling,Flash Appointments
Appointment Scheduling,Front Desk Scheduling
Appointment Scheduling,Genbook
Appointment Scheduling,Mindbody
Appointment Scheduling,Salon Ultimate
Appointment Scheduling,SalonBiz
Appointment Scheduling,Schedulicity
Appointment Scheduling,Skedge.me
Appointment Scheduling,Square Appointments
Appointment Scheduling,STX Software
Appointment Scheduling,TeamUp
Appointment Scheduling,TimeTrade
Appointment Scheduling,Tula
Appointment Scheduling,Vagaro
Appointment Scheduling,vcita
Appointment Scheduling,WellnessLiving
Appointment Scheduling,Wodify
Appointment Scheduling,YouCanBook.me
Appointment Scheduling,Zen Planner
Appointment Scheduling,Zenoti
Appointment Scheduling,ZocDoc
Appointment Scheduling,Agendize
Appointment Scheduling,Aimy
Appointment Scheduling,Allbookable
Appointment Scheduling,Appointo
Appointment Scheduling,Appointy
Appointment Scheduling,BLiNK AI
Appointment Scheduling,Booked
Appointment Scheduling,Bookero
Appointment Scheduling,Bookitit
Appointment Scheduling,Booklux
Appointment Scheduling,Bookly
Appointment Scheduling,Booxi
Appointment Scheduling,Boulevard
Appointment Scheduling,Bsport
Appointment Scheduling,CalendarHero
Appointment Scheduling,CalendarWiz
Appointment Scheduling,Calenso
Appointment Scheduling,Cfixé
Appointment Scheduling,ClassFit
Appointment Scheduling,Client Diary
Appointment Scheduling,DearDoc
Appointment Scheduling,Doctena
Appointment Scheduling,EasyWeek
Appointment Scheduling,eola
Appointment Scheduling,Fitssey
Appointment Scheduling,Fresha
Appointment Scheduling,Full Slate
Appointment Scheduling,FullSeats
Appointment Scheduling,GBooking
Appointment Scheduling,Glofox
Appointment Scheduling,GOrendezvous
Appointment Scheduling,GReminders
Appointment Scheduling,HotDoc
Appointment Scheduling,iClose
Appointment Scheduling,Jameda
Appointment Scheduling,Limecall
Appointment Scheduling,Mainboard
Appointment Scheduling,Makeplans
Appointment Scheduling,Mangomint
Appointment Scheduling,Momence
Appointment Scheduling,Motion
Appointment Scheduling,MyTime
Appointment Scheduling,Nookal
Appointment Scheduling,Occasion
Appointment Scheduling,Periodic
Appointment Scheduling,Planfy
Appointment Scheduling,Planway
Appointment Scheduling,Pluralo
Appointment Scheduling,Practo
Appointment Scheduling,Recras
Appointment Scheduling,Resova
Appointment Scheduling,Salonist
Appointment Scheduling,ScheduleAnyone
Appointment Scheduling,Shore
Appointment Scheduling,SimplyBook.me
Appointment Scheduling,Skedify
Appointment Scheduling,Sonline
Appointment Scheduling,StyleSeat
Appointment Scheduling,SynBird
Appointment Scheduling,TerMed
Appointment Scheduling,theCut
Appointment Scheduling,TimeTap
Appointment Scheduling,Timify
Appointment Scheduling,Timma
Appointment Scheduling,TuCalendi
Appointment Scheduling,Vello
Appointment Scheduling,VertaFlow Booking
Appointment Scheduling,X.ai
Appointment Scheduling,Xtime
Appointment Scheduling,YachtSys
Appointment Scheduling,ZenMaid
Appointment Scheduling,Zozi
Appointment Scheduling,BookingKoala
Appointment Scheduling,RhinoFit
Appointment Scheduling,Walla
Appointment Scheduling,Gingr
Appointment Scheduling,Hapana
Appointment Scheduling,Hubtiger
Appointment Scheduling,Phorest
Appointment Scheduling,Universe Soft
Appointment Scheduling,YogaTrail
Appointment Scheduling,Booker
Appointment Scheduling,SalonBiz / SpaBiz
Appointment Scheduling,BookThatApp
Appointment Scheduling,Bookeo Classes and Courses
Appointment Scheduling,Punchpass
Appointment Scheduling,Otto
Appointment Scheduling,Arketa
Appointment Scheduling,Pet Exec
Appointment Scheduling,VetScene
Appointment Scheduling,Demandforce Scheduler Widget
Appointment Scheduling,Reservio
Appointment Scheduling,KarmaSoft
Appointment Scheduling,PerfectMind
Appointment Scheduling,Rosy Salon Software
Appointment Scheduling,Booksy
Appointment Scheduling,Meeting Scheduler
Appointment Scheduling,Setmore
CMS,Agility
CMS,Astra WordPress Theme
CMS,Atex
CMS,Auctori
CMS,BaseKit
CMS,Bitrix
CMS,Blogger
CMS,Buuteeq
CMS,Cascade CMS
CMS,Civic Plus
CMS,Clickability
CMS,Clover Sites
CMS,CM4All
CMS,CommonSpot
CMS,Concrete CMS
CMS,Contentstack
CMS,Craft CMS
CMS,DatoCMS
CMS,Divi
CMS,DNN
CMS,Drupal
CMS,Duda
CMS,Ektron
CMS,Elementor
CMS,EPiServer
CMS,ExpressionEngine
CMS,FirstSpirit
CMS,Ghost
CMS,Homestead
CMS,iMatrix
CMS,Jetpack
CMS,Jimdo
CMS,Joomla
CMS,Kentico CMS
CMS,Kirra
CMS,ListingLab
CMS,Marqui
CMS,Microsoft Frontpage
CMS,Mono Solutions
CMS,Moonfruit
CMS,Movable Type
CMS,NationBuilder
CMS,NetObjects Fusion
CMS,Omni CMS
CMS,PaperThin
CMS,Placester
CMS,Plone
CMS,Prismic
CMS,Progress Sitefinity
CMS,PyroCMS
CMS,RWS Tridion Sites
CMS,Sanity
CMS,Silverstripe CMS
CMS,SiteCore
CMS,Squarespace
CMS,Storyblok
CMS,Strapi
CMS,Strikingly
CMS,Terminalfour
CMS,Tumblr
CMS,TYPO3
CMS,uCoz
CMS,Umbraco
CMS,Visual Composer
CMS,Wagtail CMS
CMS,WebCube
CMS,Webflow
CMS,Weblication
CMS,WebSite Tonight
CMS,WebSite X5
CMS,WebsPlanet
CMS,WebStarts
CMS,Webydo
CMS,Whipple Hill
CMS,Wix
CMS,Wordpress
CMS,Wordpress.com
CMS,WordPress.org
CMS,WPMU DEV
CMS,Yahoo SiteBuilder
CMS,Yola
CMS,YOOtheme
CMS,Zoho Sites
CMS,1C-Bitrix
CMS,321 CMS
CMS,a-blog cms
CMS,AbhiCMS
CMS,AboutMyClinic
CMS,AdminBuy
CMS,Advanced Custom Fields
CMS,Adwos CMS
CMS,Aegea
CMS,AFThemes CoverNews
CMS,AitThemes
CMS,Aksara CMS
CMS,Alinea
CMS,AlvandCMS
CMS,Ametys
CMS,Amiro.CMS
CMS,AndersNoren Baskerville
CMS,AndersNoren Fukasawa
CMS,AndersNoren Hemingway
CMS,AndersNoren Hitchcock
CMS,AndersNoren Lovecraft
CMS,Animation Addons
CMS,Antee IPO
CMS,Apollo13Themes Rife
CMS,ApostropheCMS
CMS,AquilaCMS
CMS,aThemes Airi
CMS,aThemes Astrid
CMS,aThemes Hiero
CMS,aThemes Moesia
CMS,aThemes Sydney
CMS,Auberge
CMS,Azko CMS
CMS,Azuriom
CMS,Backdrop
CMS,Batflat
CMS,Bear Blog
CMS,Beaver Builder
CMS,Bentobox
CMS,BeTheme
CMS,BIGACE
CMS,BigTree CMS
CMS,Blocksy
CMS,Blocksy Companion
CMS,Blossom Travel
CMS,Bludit
CMS,BoidCMS
CMS,Bold Page Builder
CMS,Bold Themes
CMS,BoldGrid
CMS,Bolt CMS
CMS,BOOM
CMS,Botble CMS
CMS,Brightspot
CMS,Brizy Cloud
CMS,Brownie
CMS,BrowserCMS
CMS,Builder.io
CMS,BUROGU
CMS,ButterCMS
CMS,Caisy
CMS,Candid Themes Fairy
CMS,Caramella
CMS,Carbonmade
CMS,caSaaS
CMS,Catch Themes Catch Box
CMS,Catch Themes Fotografie
CMS,Cendyn
CMS,Chameleon system
CMS,Chayns
CMS,Chorus
CMS,ClientXCMS
CMS,Clinic Sites
CMS,Clonando
CMS,CloudCannon
CMS,Cloudrexx
CMS,CMS Caddy
CMS,CMS Made Simple
CMS,CMSimple
CMS,Coaster CMS
CMS,Codetipi
CMS,Colibri WP
CMS,Colorlib Activello
CMS,Colorlib Illdy
CMS,Colorlib Shapely
CMS,Colorlib Sparkling
CMS,Colorlib Travelify
CMS,ColorMag
CMS,Contao
CMS,Contenido
CMS,Contensis
CMS,ContentBox
CMS,Contento
CMS,Cornerstone
CMS,Cosmic
CMS,Cotonti
CMS,CPG Dragonfly
CMS,Crocoblock JetElements
CMS,Croogo
CMS,Cryout Creations Bravada
CMS,Cryout Creations Fluida
CMS,Cryout Creations Mantra
CMS,Cryout Creations Parabola
CMS,CSSIgniter Olsen Light
CMS,Cwicly
CMS,CyberChimps Responsive
CMS,Danneo CMS
CMS,DataLife Engine
CMS,Decap CMS
CMS,DedeCMS
CMS,DESTOON
CMS,Directus
CMS,Distributor
CMS,Django CMS
CMS,DM Polopoly
CMS,Dotclear
CMS,Download Monitor
CMS,DropInBlog
CMS,E-monsite
CMS,e107
CMS,Ebasnet
CMS,eDirectory
CMS,Elcom
CMS,Eleanor CMS
CMS,Elementor Header & Footer Builder
CMS,ElementsKit
CMS,Enagic
CMS,enduro.js
CMS,Enigma
CMS,Enjin CMS
CMS,Envo eCommerce
CMS,Envo Shop
CMS,Envo Storefront
CMS,Essent SiteBuilder Pro
CMS,Essential Addons for Elementor
CMS,Essential Blocks
CMS,eSyndiCat
CMS,Etch
CMS,experiencedCMS
CMS,Extendify
CMS,ExtendThemes Calliope
CMS,ExtendThemes EmpowerWP
CMS,ExtendThemes Highlight
CMS,ExtendThemes Materialis
CMS,ExtendThemes Mesmerize
CMS,EyouCMS
CMS,eZ Publish
CMS,FalguniThemes Nisarg
CMS,FameThemes OnePress
CMS,FameThemes Screenr
CMS,FaraPy
CMS,Finalsite
CMS,Flazio
CMS,FlexCMP
CMS,Fork CMS
CMS,Format
CMS,Frames
CMS,Futurio
CMS,Gannett CMS
CMS,GenerateBlocks
CMS,GeneratePress
CMS,GeneratePress GP Premium
CMS,Genesis blocks
CMS,GetSimple CMS
CMS,Gnuboard
CMS,GoDaddy CoBlocks
CMS,GoDaddy Escapade
CMS,GoDaddy Go
CMS,GoDaddy Lyrical
CMS,GoDaddy Primer
CMS,GoDaddy Uptown Style
CMS,GoDaddy Website Builder
CMS,govCMS
CMS,GPT AI Power
CMS,Graffiti CMS
CMS,GraphCMS
CMS,Graphene
CMS,Grav
CMS,Green Valley CMS
CMS,Greyd.Suite
CMS,Gutenberg
CMS,GX WebManager
CMS,Halo
CMS,Hashnode
CMS,HashThemes Total
CMS,Hatena Blog
CMS,Hello Elementor
CMS,Hestia
CMS,Hinza Advanced CMS
CMS,Hocalwire
CMS,Holduix CMS
CMS,Hosttech Website Creator
CMS,Hotaru CMS
CMS,Hubb
CMS,Huberway
CMS,Icordis CMS
CMS,Imagely NextGEN Gallery
CMS,imperia CMS
CMS,ImpressCMS
CMS,ImpressPages
CMS,Inblog
CMS,Indexhibit
CMS,Influx CMS
CMS,InstantCMS
CMS,ISAY
CMS,iScripts
CMS,It'seeze
CMS,iTCHYROBOT
CMS,iWiki
CMS,Jadu
CMS,Jadu Central Content
CMS,JamFeed
CMS,JetEngine
CMS,JetTabs
CMS,JouwWeb
CMS,Jugem
CMS,K-Sup
CMS,Kadence WP Blocks
CMS,Kadence WP Kadence
CMS,Kadence WP Virtue
CMS,Kaira Vogue
CMS,Kirby
CMS,Kirki Customizer Framework
CMS,KIT CMS
CMS,Koken
CMS,Kommand
CMS,Komodo CMS
CMS,Kontent.ai
CMS,Koobi
CMS,Kooboo CMS
CMS,Kotisivukone
CMS,Kreatio
CMS,Labrador CMS
CMS,LandingPress
CMS,Lede
CMS,LEPTON
CMS,LGC
CMS,Liana
CMS,LightMon Engine
CMS,Lightning
CMS,LiveCanvas
CMS,LiveStreet CMS
CMS,LocalGov Drupal
CMS,LocomotiveCMS
CMS,Lodel
CMS,LTheme
CMS,LyraThemes Kale
CMS,MAAK
CMS,MachoThemes NewsMag
CMS,Maglr
CMS,Maisey
CMS,Mambo
CMS,MangaReader
CMS,Marketpath CMS
CMS,MaxenceDEVCMS
CMS,MaxiCMS
CMS,MaxSite CMS
CMS,MDBootstrap WP theme
CMS,Megagroup CMS.S3
CMS,Melis Platform
CMS,Methode
CMS,Metro CreativeX
CMS,MGPanel
CMS,microCMS
CMS,Microweber
CMS,Milestone CMS
CMS,Miniflat
CMS,Modula
CMS,MODX
CMS,Motion.page
CMS,MotoCMS
CMS,Mura CMS
CMS,MVD Studio
CMS,Mynetcap
CMS,MysteryThemes News Portal
CMS,MysteryThemes News Portal Lite
CMS,MysteryThemes News Portal Mag
CMS,Naviga
CMS,Neos CMS
CMS,Nepso
CMS,Neve
CMS,Newspack
CMS,Norse Env
CMS,Nrdevo
CMS,Nucleus CMS
CMS,Nukeviet CMS
CMS,OceanWP
CMS,October CMS
CMS,Ohava
CMS,Omeka
CMS,Omurga Sistemi
CMS,OnePage Express
CMS,onpublix
CMS,OpenCms
CMS,OpenElement
CMS,OpenNemas
CMS,OpenText Web Solutions
CMS,OrbitFox
CMS,Orchard Core
CMS,Otter Blocks
CMS,OutTheBoxThemes Panoramic
CMS,Overblog
CMS,Page Builder Framework
CMS,Pagefai CMS
CMS,Pagekit
CMS,Pagetiger
CMS,PagineGialle
CMS,papaya CMS
CMS,Pars Elecom Portal
CMS,PatientSites
CMS,Payload CMS
CMS,Pegboard7
CMS,PencilBlue
CMS,Percussion
CMS,Phlox
CMS,Photo Gallery
CMS,PHP-Nuke
CMS,PHPBoost
CMS,phpCMS
CMS,PHPFusion
CMS,phpRS
CMS,phpSQLiteCMS
CMS,phpwcms
CMS,Pingoteam
CMS,pirobase CMS
CMS,Pixieset Website
CMS,Plate
CMS,Pligg
CMS,Popmenu
CMS,PopularFX
CMS,Postach
CMS,Posterous
CMS,Powerfolio
CMS,Prater Raines
CMS,Prepr
CMS,Press Customizr
CMS,Press Hueman
CMS,PressMaximum Customify
CMS,ProcessWire
CMS,Procurios
CMS,Public CMS
CMS,PublishPress Blocks
CMS,Publishrr
CMS,Publive
CMS,Pulse CMS
CMS,Quant
CMS,Quick.CMS
CMS,Quickblog
CMS,Quintype
CMS,Rayo
CMS,RBS Change
CMS,RCMS
CMS,React Bricks
CMS,Reactive
CMS,REC
CMS,Recent Posts Widget With Thumbnails
CMS,REDAXO
CMS,Responsive Lightbox & Gallery
CMS,Rhymix
CMS,RiteCMS
CMS,Roadiz CMS
CMS,Roya
CMS,Rubedo
CMS,S-COREpion
CMS,Sapren
CMS,Sarka-SPIP
CMS,Satori Studio Bento
CMS,Scissor Themes Writee
CMS,Scrivito
CMS,SeamlessCMS
CMS,SeedProd Coming Soon
CMS,Semplice
CMS,SeoToaster CMS
CMS,Serendipity
CMS,Shortcodes Ultimate
CMS,ShoutCMS
CMS,Shuttle
CMS,SIDEARM Sports
CMS,simploCMS
CMS,Simplébo
CMS,SIMsite
CMS,Sinatra
CMS,SiteEdit
CMS,SiteManager
CMS,SiteOrigin Page Builder
CMS,SiteOrigin Vantage
CMS,SiteOrigin Widgets Bundle
CMS,Sitepark IES
CMS,Sitepark InfoSite
CMS,SitePoint
CMS,Sitevision CMS
CMS,SiteWrench
CMS,SixCMS
CMS,Skeeks
CMS,Skilldo
CMS,Smallbox
CMS,SMART L-Gov
CMS,Smart Slider 3
CMS,SmartSite
CMS,Smartstore Page Builder
CMS,sNews
CMS,SNO Flex
CMS,SolidPixels
CMS,Solodev
CMS,Spark CMS
CMS,Spectra
CMS,Spexo Addons
CMS,SpiceThemes SpicePress
CMS,SPIP
CMS,SpiralCMS
CMS,Stackable
CMS,Statamic
CMS,Strato Website
CMS,Strife
CMS,Subrion
CMS,Sulu
CMS,Suncel
CMS,Superblog
CMS,Svbtle
CMS,SVG Support
CMS,TablePress
CMS,Tendenci
CMS,Textpattern CMS
CMS,The Theme Foundry Make
CMS,Theme Freesia Edge
CMS,Theme Freesia Photograph
CMS,Theme Freesia ShoppingCart
CMS,Theme Horse Attitude
CMS,Theme Horse NewsCard
CMS,Theme Vision Agama
CMS,Theme4Press Evolve
CMS,Themeansar Newsberg
CMS,Themeansar Newsup
CMS,Themebeez Cream Magazine
CMS,Themebeez Orchid Store
CMS,Themegraphy Graphy
CMS,ThemeGrill Accelerate
CMS,ThemeGrill Cenote
CMS,ThemeGrill ColorMag
CMS,ThemeGrill eStore
CMS,ThemeGrill Flash
CMS,ThemeGrill Radiate
CMS,ThemeGrill Spacious
CMS,ThemeIsle Menu Icons
CMS,Themes4Wp Bulk
CMS,ThemeZee Donovan
CMS,ThemeZee Poseidon
CMS,ThemeZee Wellington
CMS,ThemezHut Bam
CMS,ThemezHut HitMag
CMS,Themonic Iconic One
CMS,Think Up Themes Consulting
CMS,Think Up Themes Minamaze
CMS,Thrive Architect
CMS,Tilda
CMS,TownNews
CMS,Twenty Eleven
CMS,Twenty Fifteen
CMS,Twenty Fourteen
CMS,Twenty Nineteen
CMS,Twenty Seventeen
CMS,Twenty Sixteen
CMS,Twenty Ten
CMS,Twenty Thirteen
CMS,Twenty Twelve
CMS,Twenty Twenty
CMS,Twenty Twenty-Five
CMS,Twenty Twenty-Four
CMS,Twenty Twenty-One
CMS,Twenty Twenty-Three
CMS,Twenty Twenty-Two
CMS,Twilight CMS
CMS,Typecho
CMS,TypePad
CMS,Ultimate Addons for Elementor
CMS,Ultimate Tables
CMS,UMI.CMS
CMS,Understrap
CMS,Unstack
CMS,UpSolution Zephyr
CMS,Varbase
CMS,VerseOne
CMS,Vigbo
CMS,Virgool
CMS,Visual Portfolio
CMS,VIVVO
CMS,Voog.com Website Builder
CMS,Vox Media
CMS,Vvveb CMS
CMS,Waveme
CMS,Weaver Xtreme
CMS,Web Stories for WordPress
CMS,Webcool CMS
CMS,webEdition
CMS,WebFactory Maintenance
CMS,WebFactory Under Construction
CMS,WebGUI
CMS,Webhealer
CMS,Weblium
CMS,WebNode
CMS,Webriti Busiprof
CMS,WebsiteBaker
CMS,WebZi
CMS,Webzie
CMS,WEN Themes Education Hub
CMS,WEN Themes Signify Dark
CMS,Winter CMS
CMS,wisyCMS
CMS,Wolf CMS
CMS,WooCommerce Blocks
CMS,Woodmart
CMS,Woostify
CMS,WordPress Default
CMS,WordPress Popular Posts
CMS,WP Automatic
CMS,WP Grid Builder
CMS,WP Maintenance Mode
CMS,WP Portfolio
CMS,WP Puzzle Basic
CMS,WP-PageNavi
CMS,WP-Royal Ashe
CMS,WP-Royal Bard
CMS,Wuilt
CMS,XOOPS
CMS,XpressEngine
CMS,Xtra
CMS,XYZScripts
CMS,Yoast Duplicate Post
CMS,youCMS
CMS,Zakra
CMS,Zinnia
CMS,Assemble
CMS,Dorik AI
CMS,Sprig plugin
CMS,Astra
CMS,Ocea
CMS,Moovweb
CMS,Shogun
CMS,Zenfolio
CMS,Argento
CMS,Hyva Themes
CMS,Storagely
CMS,Belliza
CMS,GemPages
CMS,LayoutHub
CMS,Shogun Landing Page Builder
CMS,Shoptimized
CMS,Simplero Websites
CMS,Simplicity Lite
CMS,Vertex
CMS,Adobe Muse
CMS,GuppY
CMS,Helix Ultimate
CMS,Publii
CMS,Seosphera
CMS,SitePad
CMS,The.com
CMS,ArcGIS Hub
CMS,YesWiki
CMS,ServiceNow Content Management System
CMS,ServiceNow Service Portal
CMS,Tistory
CMS,Blackbaud NetCommunity
CMS,dotCMS
CMS,HubSpot Content Hub
CMS,Instapage
CMS,LiveJournal
CMS,Medium
CMS,Rally
CMS,Substack
CMS,Acquia Site Studio
CMS,Alboom Prosite
CMS,AllMyLinks
CMS,Appjustable
CMS,Art Schema
CMS,B12
CMS,Baya
CMS,Beae
CMS,Behzi
CMS,Blutui
CMS,Boats Group
CMS,Boxmode
CMS,Breakdance
CMS,Bricks
CMS,Bricksite
CMS,Brizy WordPress
CMS,Brushd
CMS,Cantrip
CMS,Cargo
CMS,Carrd
CMS,CartFlows
CMS,CoffeeCup
CMS,Convertri
CMS,Convrrt
CMS,Craftum
CMS,Creatium
CMS,Destinet
CMS,Directorist
CMS,Divhunt
CMS,Doteasy Website Builder
CMS,DotGo
CMS,Droip
CMS,Durable
CMS,Easy Web Editor
CMS,EverWeb
CMS,FASO
CMS,Ferret One
CMS,FlexiFunnels
CMS,Flipsite
CMS,Get Siimple
CMS,Goope
CMS,GrapesJS
CMS,GreatPages
CMS,GroovePages
CMS,Heroic
CMS,Hostinger Website Builder
CMS,Hotel Propeller
CMS,Hypervisual Page Builder
CMS,Instant
CMS,Italiaonline
CMS,Jacklist
CMS,Jottful
CMS,Kopage
CMS,Kubio Builder
CMS,Kyvio
CMS,Ladipage
CMS,Launchrock
CMS,LiveBooks
CMS,LiveEdit
CMS,LiveSite
CMS,MailerLite Website Builder
CMS,Makeswift
CMS,Mobirise
CMS,Modulify
CMS,Mono.net
CMS,Mysitefy
CMS,MySiteNow
CMS,MyWebsite
CMS,MyWebsite Creator
CMS,MyWebsite Now
CMS,Nebula Sites
CMS,Netlify Create
CMS,Nicepage
CMS,Onepage
CMS,OnUniverse
CMS,Oopy
CMS,Optimx Sports
CMS,Ova
CMS,Oxygen
CMS,Pagecloud
CMS,PageFly
CMS,Pagemaker
CMS,Pagevamp
CMS,PARSICO
CMS,Pineapple Builder
CMS,Pixelesq
CMS,Plasmic
CMS,Platforma LP
CMS,Pobo
CMS,Podpage
CMS,Popsy
CMS,QUV
CMS,RapidWeaver
CMS,Rawabit
CMS,Replo
CMS,Retrina Builder
CMS,Revize
CMS,Rocketspark
CMS,Sellful
CMS,Sharing
CMS,Showit
CMS,Silex
CMS,Simple.ink
CMS,SiteGalore
CMS,Siteklik
CMS,SiteW
CMS,SiteWright
CMS,Sitey
CMS,Sketchanet
CMS,Snapps
CMS,Sociavore
CMS,Solo
CMS,Springnest
CMS,Sqwiz
CMS,Stardekk
CMS,Super Builder
CMS,Swipe Pages
CMS,TeleportHQ
CMS,The Church Co
CMS,Themify Builder
CMS,Umso
CMS,Untree
CMS,Vev
CMS,Vintcer
CMS,Voog
CMS,Weaverse
CMS,WebBoss
CMS,Webito
CMS,WebsiteBuilder
CMS,Webstudio
CMS,WordPress Block Editor
CMS,WordPress Site Editor
CMS,wpBakery
CMS,YOAPress
CMS,Zarla
CMS,Zeta Producer
CMS,ZipWP
CMS,Portal
CMS,STUDIO
CMS,Google Sites
CMS,Drupal Multisite
CMS,Newspack by Automattic
CMS,WordPress Multisite
CMS,Landingi
CMS,Interago
CMS,KlickPages
CMS,ClickFunnels
CMS,LeadPages
CMS,Unbounce
CMS,Blackline
CMS,Genesis
CMS,Onswipe
CMS,Smore
CMS,Wolters Kluwer
CMS,Adobe GoLive
CMS,Amaya
CMS,HarborByte
CMS,iWeb
CMS,K2
CMS,Kuroco
CMS,Obsidian Publish
CMS,Rcode Vision
CMS,RobixCM DV Team
CMS,RobixCM Generator
CMS,SOBI 2
CMS,SobiPro
CMS,Spicy Rocket
CMS,Typeflo
CMS,WeltPixel Pearl Theme
CMS,RebelMouse
CMS,ScribbleLive
CMS,Framer
CMS,Studio Studio
CMS,WYSIWYG Web Builder
CMS,Clickbooq
CMS,Coppermine
CMS,Dynamic Conditions
CMS,Gallery
CMS,Mesmerize Companion
CMS,PageLayer
CMS,Pixpa
CSS and JavaScript Libraries,Ag Grid
CSS and JavaScript Libraries,amCharts
CSS and JavaScript Libraries,Angular Material
CSS and JavaScript Libraries,Ant Design React
CSS and JavaScript Libraries,ApexCharts
CSS and JavaScript Libraries,AWS SDK for JavaScript
CSS and JavaScript Libraries,Bootstrap
CSS and JavaScript Libraries,Bootstrap Framework v3.1.1
CSS and JavaScript Libraries,Bootstrap Framework v3.2.0
CSS and JavaScript Libraries,Chart.Js
CSS and JavaScript Libraries,D3js
CSS and JavaScript Libraries,Ext JS
CSS and JavaScript Libraries,FlexSlider
CSS and JavaScript Libraries,Flickity
CSS and JavaScript Libraries,GSAP
CSS and JavaScript Libraries,Highcharts
CSS and JavaScript Libraries,jQuery
CSS and JavaScript Libraries,JQuery 1.11.1
CSS and JavaScript Libraries,JQuery 2.1.1
CSS and JavaScript Libraries,Knockout.js
CSS and JavaScript Libraries,Leaflet
CSS and JavaScript Libraries,Mathjax
CSS and JavaScript Libraries,Milonic
CSS and JavaScript Libraries,MUI
CSS and JavaScript Libraries,Nivo Slider
CSS and JavaScript Libraries,PixiJS
CSS and JavaScript Libraries,Plotly.js
CSS and JavaScript Libraries,PrimeNG
CSS and JavaScript Libraries,Progress Kendo UI
CSS and JavaScript Libraries,React
CSS and JavaScript Libraries,React Flow
CSS and JavaScript Libraries,React Redux
CSS and JavaScript Libraries,React Router
CSS and JavaScript Libraries,Recharts
CSS and JavaScript Libraries,Redux
CSS and JavaScript Libraries,RXJS
CSS and JavaScript Libraries,Sencha
CSS and JavaScript Libraries,SignalR
CSS and JavaScript Libraries,Tailwind
CSS and JavaScript Libraries,ThickBox
CSS and JavaScript Libraries,Three.js
CSS and JavaScript Libraries,Uikit
CSS and JavaScript Libraries,VueJS
CSS and JavaScript Libraries,Yahoo User Interface
CSS and JavaScript Libraries,ZingChart
CSS and JavaScript Libraries,@sulu/web
CSS and JavaScript Libraries,_hyperscript
CSS and JavaScript Libraries,A-Frame
CSS and JavaScript Libraries,Ace
CSS and JavaScript Libraries,Amaze UI
CSS and JavaScript Libraries,Amplify JS
CSS and JavaScript Libraries,Angular Gridster
CSS and JavaScript Libraries,Angular Notitia
CSS and JavaScript Libraries,Animate.css
CSS and JavaScript Libraries,anime.js
CSS and JavaScript Libraries,AntV G2
CSS and JavaScript Libraries,AntV G6
CSS and JavaScript Libraries,AnythingSlider
CSS and JavaScript Libraries,AOS
CSS and JavaScript Libraries,Arbor.js
CSS and JavaScript Libraries,Arco Design Vue
CSS and JavaScript Libraries,augmented-ui
CSS and JavaScript Libraries,Aura
CSS and JavaScript Libraries,autoComplete.js
CSS and JavaScript Libraries,Automatic.css
CSS and JavaScript Libraries,Axios
CSS and JavaScript Libraries,Babylon.js
CSS and JavaScript Libraries,Backstretch
CSS and JavaScript Libraries,Barba.js
CSS and JavaScript Libraries,Base UI
CSS and JavaScript Libraries,Basil.css
CSS and JavaScript Libraries,basket.js
CSS and JavaScript Libraries,Boba.js
CSS and JavaScript Libraries,Bootbox.js
CSS and JavaScript Libraries,Bootstrap Table
CSS and JavaScript Libraries,bowser
CSS and JavaScript Libraries,Bulma
CSS and JavaScript Libraries,C3.js
CSS and JavaScript Libraries,CamanJS
CSS and JavaScript Libraries,CanvasJS
CSS and JavaScript Libraries,Cart.js
CSS and JavaScript Libraries,Chakra UI
CSS and JavaScript Libraries,Choices
CSS and JavaScript Libraries,chroma.js
CSS and JavaScript Libraries,CivicTheme
CSS and JavaScript Libraries,CKEditor
CSS and JavaScript Libraries,Clarity
CSS and JavaScript Libraries,Classnames
CSS and JavaScript Libraries,Cleave.js
CSS and JavaScript Libraries,ClientJS
CSS and JavaScript Libraries,Clipboard.js
CSS and JavaScript Libraries,Closure Library
CSS and JavaScript Libraries,core-js
CSS and JavaScript Libraries,CoreUI
CSS and JavaScript Libraries,crypto-js
CSS and JavaScript Libraries,D3
CSS and JavaScript Libraries,daisyUI
CSS and JavaScript Libraries,Darkmode.js
CSS and JavaScript Libraries,DataTables
CSS and JavaScript Libraries,Day.js
CSS and JavaScript Libraries,dc.js
CSS and JavaScript Libraries,decimal.js
CSS and JavaScript Libraries,DevExtreme
CSS and JavaScript Libraries,Devup UI
CSS and JavaScript Libraries,Dexie.js
CSS and JavaScript Libraries,DHTMLX
CSS and JavaScript Libraries,dimple
CSS and JavaScript Libraries,Dojo
CSS and JavaScript Libraries,Dropzone
CSS and JavaScript Libraries,Dynamics.js
CSS and JavaScript Libraries,EaselJS
CSS and JavaScript Libraries,Easy Pie Chart
CSS and JavaScript Libraries,EasyUI
CSS and JavaScript Libraries,ECharts
CSS and JavaScript Libraries,Edit-in-Place
CSS and JavaScript Libraries,Editor.js
CSS and JavaScript Libraries,Element UI
CSS and JavaScript Libraries,Elm-ui
CSS and JavaScript Libraries,Enquire.js
CSS and JavaScript Libraries,Epoch
CSS and JavaScript Libraries,Ethers
CSS and JavaScript Libraries,Exhibit
CSS and JavaScript Libraries,FancyBox
CSS and JavaScript Libraries,FilePond
CSS and JavaScript Libraries,FingerprintJS
CSS and JavaScript Libraries,Flat UI
CSS and JavaScript Libraries,FlipClock.js
CSS and JavaScript Libraries,Floating UI
CSS and JavaScript Libraries,Flot
CSS and JavaScript Libraries,Flowbite
CSS and JavaScript Libraries,FooTable
CSS and JavaScript Libraries,Formalize CSS
CSS and JavaScript Libraries,Formstone
CSS and JavaScript Libraries,Framer Motion
CSS and JavaScript Libraries,FreeTextBox
CSS and JavaScript Libraries,Fresco
CSS and JavaScript Libraries,Froala Editor
CSS and JavaScript Libraries,fullPage.js
CSS and JavaScript Libraries,Gijgo
CSS and JavaScript Libraries,Glide.js
CSS and JavaScript Libraries,Glider.js
CSS and JavaScript Libraries,Goat Slider
CSS and JavaScript Libraries,GoJS
CSS and JavaScript Libraries,Goober
CSS and JavaScript Libraries,GOV.UK Elements
CSS and JavaScript Libraries,GOV.UK Frontend
CSS and JavaScript Libraries,GOV.UK Template
CSS and JavaScript Libraries,Granim.js
CSS and JavaScript Libraries,Hammer.js
CSS and JavaScript Libraries,Handsontable
CSS and JavaScript Libraries,HeadJS
CSS and JavaScript Libraries,Headless UI
CSS and JavaScript Libraries,HeroUI
CSS and JavaScript Libraries,Highlight.js
CSS and JavaScript Libraries,Highstock
CSS and JavaScript Libraries,Howler.js
CSS and JavaScript Libraries,html2canvas
CSS and JavaScript Libraries,HTML5 Media
CSS and JavaScript Libraries,Htmx
CSS and JavaScript Libraries,Hypestyle CSS
CSS and JavaScript Libraries,IBM Carbon Design System
CSS and JavaScript Libraries,iCheck
CSS and JavaScript Libraries,imagesLoaded
CSS and JavaScript Libraries,Immutable.js
CSS and JavaScript Libraries,Infinite Scroll
CSS and JavaScript Libraries,Instafeed.js
CSS and JavaScript Libraries,Instant.Page
CSS and JavaScript Libraries,InstantClick
CSS and JavaScript Libraries,Isotope
CSS and JavaScript Libraries,JavaScript Infovis Toolkit
CSS and JavaScript Libraries,jqPlot
CSS and JavaScript Libraries,jQuery BlockUI
CSS and JavaScript Libraries,jQuery DevBridge Autocomplete
CSS and JavaScript Libraries,jQuery Migrate
CSS and JavaScript Libraries,jQuery Modal
CSS and JavaScript Libraries,jQuery Popup Overlay
CSS and JavaScript Libraries,jQuery Sparklines
CSS and JavaScript Libraries,jQuery UI
CSS and JavaScript Libraries,JS Charts
CSS and JavaScript Libraries,JsObservable
CSS and JavaScript Libraries,jsPDF
CSS and JavaScript Libraries,JsRender
CSS and JavaScript Libraries,JsViews
CSS and JavaScript Libraries,JSZip
CSS and JavaScript Libraries,KaTeX
CSS and JavaScript Libraries,Keen-Slider
CSS and JavaScript Libraries,KerningJS
CSS and JavaScript Libraries,KineticJS
CSS and JavaScript Libraries,Kobalte
CSS and JavaScript Libraries,Konva.js
CSS and JavaScript Libraries,Laravel Echo
CSS and JavaScript Libraries,Layui
CSS and JavaScript Libraries,LazySizes
CSS and JavaScript Libraries,LazySizes unveilhooks plugin
CSS and JavaScript Libraries,Lenis
CSS and JavaScript Libraries,libphonenumber
CSS and JavaScript Libraries,Lightbox
CSS and JavaScript Libraries,List.js
CSS and JavaScript Libraries,lit-element
CSS and JavaScript Libraries,lit-html
CSS and JavaScript Libraries,lite-youtube-embed
CSS and JavaScript Libraries,Loadable-Components
CSS and JavaScript Libraries,Locomotive Scroll
CSS and JavaScript Libraries,Lodash
CSS and JavaScript Libraries,Lozad.js
CSS and JavaScript Libraries,Lunr.js
CSS and JavaScript Libraries,Magic UI
CSS and JavaScript Libraries,Magnific Popup
CSS and JavaScript Libraries,Mailcheck
CSS and JavaScript Libraries,Mantine
CSS and JavaScript Libraries,Marked
CSS and JavaScript Libraries,Masonry
CSS and JavaScript Libraries,Material Design Lite
CSS and JavaScript Libraries,Materialize CSS
CSS and JavaScript Libraries,math.js
CSS and JavaScript Libraries,Matter.js
CSS and JavaScript Libraries,Mavo
CSS and JavaScript Libraries,MDBootstrap
CSS and JavaScript Libraries,MDUI
CSS and JavaScript Libraries,Mermaid
CSS and JavaScript Libraries,metisMenu
CSS and JavaScript Libraries,MetroUI
CSS and JavaScript Libraries,Milligram
CSS and JavaScript Libraries,Mixitup
CSS and JavaScript Libraries,mobile-detect.js
CSS and JavaScript Libraries,MobX
CSS and JavaScript Libraries,MochiKit
CSS and JavaScript Libraries,Modernizr
CSS and JavaScript Libraries,Moment Timezone
CSS and JavaScript Libraries,Moment.js
CSS and JavaScript Libraries,Monaco Editor
CSS and JavaScript Libraries,Moofx
CSS and JavaScript Libraries,Morphext
CSS and JavaScript Libraries,Morris.js
CSS and JavaScript Libraries,MudBlazor
CSS and JavaScript Libraries,Muuri
CSS and JavaScript Libraries,N1ED
CSS and JavaScript Libraries,Naive UI
CSS and JavaScript Libraries,New UI
CSS and JavaScript Libraries,Normalize.css
CSS and JavaScript Libraries,Notie
CSS and JavaScript Libraries,NProgress
CSS and JavaScript Libraries,NSW Design System
CSS and JavaScript Libraries,Nuxt UI
CSS and JavaScript Libraries,NVD3
CSS and JavaScript Libraries,Offline.js
CSS and JavaScript Libraries,Open-Props
CSS and JavaScript Libraries,Orbit Slider
CSS and JavaScript Libraries,OWL Carousel
CSS and JavaScript Libraries,p5.js
CSS and JavaScript Libraries,Packery
CSS and JavaScript Libraries,Page.js
CSS and JavaScript Libraries,Pannellum
CSS and JavaScript Libraries,Papa Parse
CSS and JavaScript Libraries,Paper.js
CSS and JavaScript Libraries,Paraglide JS
CSS and JavaScript Libraries,parallax.js
CSS and JavaScript Libraries,Parsley.js
CSS and JavaScript Libraries,particles.js
CSS and JavaScript Libraries,Paths.js
CSS and JavaScript Libraries,pdfmake
CSS and JavaScript Libraries,PeerJS
CSS and JavaScript Libraries,Peity
CSS and JavaScript Libraries,pickadate.js
CSS and JavaScript Libraries,Pico CSS
CSS and JavaScript Libraries,Pikaday
CSS and JavaScript Libraries,Pinia
CSS and JavaScript Libraries,Plupload
CSS and JavaScript Libraries,PlusProComponents
CSS and JavaScript Libraries,Polyfill
CSS and JavaScript Libraries,Popmotion
CSS and JavaScript Libraries,Preact
CSS and JavaScript Libraries,Prefix-Free
CSS and JavaScript Libraries,Preline UI
CSS and JavaScript Libraries,prettyPhoto
CSS and JavaScript Libraries,PrimeReact
CSS and JavaScript Libraries,PrimeVue
CSS and JavaScript Libraries,ProgressBar.js
CSS and JavaScript Libraries,Protovis
CSS and JavaScript Libraries,PubSubJS
CSS and JavaScript Libraries,punycode
CSS and JavaScript Libraries,Pure CSS
CSS and JavaScript Libraries,Puter.js
CSS and JavaScript Libraries,qiankun
CSS and JavaScript Libraries,Quicklink
CSS and JavaScript Libraries,Quill
CSS and JavaScript Libraries,Ractive.js
CSS and JavaScript Libraries,Radix UI
CSS and JavaScript Libraries,Ramda
CSS and JavaScript Libraries,Raphael
CSS and JavaScript Libraries,React Native for Web
CSS and JavaScript Libraries,Responsive Nav
CSS and JavaScript Libraries,Retina.js
CSS and JavaScript Libraries,Rickshaw
CSS and JavaScript Libraries,Rive
CSS and JavaScript Libraries,Screenfull.js
CSS and JavaScript Libraries,script.aculo.us
CSS and JavaScript Libraries,ScrollMagic
CSS and JavaScript Libraries,scrollreveal
CSS and JavaScript Libraries,Select2
CSS and JavaScript Libraries,Selectize
CSS and JavaScript Libraries,Semantic UI
CSS and JavaScript Libraries,shadcn-svelte
CSS and JavaScript Libraries,shadcn/ui
CSS and JavaScript Libraries,Shapecss
CSS and JavaScript Libraries,Shepherd
CSS and JavaScript Libraries,shine.js
CSS and JavaScript Libraries,Shoelace
CSS and JavaScript Libraries,Showdown
CSS and JavaScript Libraries,sidr
CSS and JavaScript Libraries,Sigma.js
CSS and JavaScript Libraries,siimple
CSS and JavaScript Libraries,Simple.css
CSS and JavaScript Libraries,SimplexNoise.js
CSS and JavaScript Libraries,Skitter
CSS and JavaScript Libraries,Skrollr
CSS and JavaScript Libraries,Slick
CSS and JavaScript Libraries,slideout
CSS and JavaScript Libraries,Slim Select
CSS and JavaScript Libraries,Slimbox 2
CSS and JavaScript Libraries,Snabbt
CSS and JavaScript Libraries,Snap.svg
CSS and JavaScript Libraries,SockJS
CSS and JavaScript Libraries,Socraft-UI
CSS and JavaScript Libraries,SoundManager
CSS and JavaScript Libraries,Spatie Media Library Pro
CSS and JavaScript Libraries,spin.js
CSS and JavaScript Libraries,Spine.js
CSS and JavaScript Libraries,Splide
CSS and JavaScript Libraries,SpriteSpin
CSS and JavaScript Libraries,Stellar.js
CSS and JavaScript Libraries,Storefront UI
CSS and JavaScript Libraries,Sugar
CSS and JavaScript Libraries,SugarJS
CSS and JavaScript Libraries,Supersized
CSS and JavaScript Libraries,SweetAlert
CSS and JavaScript Libraries,SweetAlert2
CSS and JavaScript Libraries,Swiffy Slider
CSS and JavaScript Libraries,Swiper
CSS and JavaScript Libraries,Swup
CSS and JavaScript Libraries,Syncfusion
CSS and JavaScript Libraries,Tablesorter
CSS and JavaScript Libraries,Tabulator
CSS and JavaScript Libraries,Tachyons
CSS and JavaScript Libraries,TanStack
CSS and JavaScript Libraries,TDesign
CSS and JavaScript Libraries,TeeChart
CSS and JavaScript Libraries,Tempus
CSS and JavaScript Libraries,Theatre.js
CSS and JavaScript Libraries,timeago
CSS and JavaScript Libraries,Timeplot
CSS and JavaScript Libraries,Tiny Slider
CSS and JavaScript Libraries,Tinycon
CSS and JavaScript Libraries,TinyMCE
CSS and JavaScript Libraries,Tippy.js
CSS and JavaScript Libraries,Tipso
CSS and JavaScript Libraries,TogetherJS
CSS and JavaScript Libraries,TradingView
CSS and JavaScript Libraries,Tremor
CSS and JavaScript Libraries,Trix
CSS and JavaScript Libraries,TurfJS
CSS and JavaScript Libraries,Twitter typeahead.js
CSS and JavaScript Libraries,Typed.js
CSS and JavaScript Libraries,Typer.js
CSS and JavaScript Libraries,Underscore.js
CSS and JavaScript Libraries,UnoCSS
CSS and JavaScript Libraries,uPlot
CSS and JavaScript Libraries,Uppy
CSS and JavaScript Libraries,USWDS
CSS and JavaScript Libraries,Vant
CSS and JavaScript Libraries,Variance
CSS and JavaScript Libraries,Visx
CSS and JavaScript Libraries,VKUI
CSS and JavaScript Libraries,Vuetify
CSS and JavaScript Libraries,Vuex
CSS and JavaScript Libraries,vxe-table
CSS and JavaScript Libraries,W3.CSS
CSS and JavaScript Libraries,waitForImages
CSS and JavaScript Libraries,Web Font Loader
CSS and JavaScript Libraries,web-vitals
CSS and JavaScript Libraries,WebAwesome
CSS and JavaScript Libraries,Wijmo
CSS and JavaScript Libraries,WookMark
CSS and JavaScript Libraries,Wurfl
CSS and JavaScript Libraries,WysiBB
CSS and JavaScript Libraries,Xajax
CSS and JavaScript Libraries,xCharts
CSS and JavaScript Libraries,XRegExp
CSS and JavaScript Libraries,XtrixUI
CSS and JavaScript Libraries,Xzero JS
CSS and JavaScript Libraries,Yamada UI
CSS and JavaScript Libraries,YUI
CSS and JavaScript Libraries,Zepto
CSS and JavaScript Libraries,Ziggy
CSS and JavaScript Libraries,ZURB Foundation
CSS and JavaScript Libraries,History
CSS and JavaScript Libraries,Prism
CSS and JavaScript Libraries,Tailwind CSS
CSS and JavaScript Libraries,Detectizr
CSS and JavaScript Libraries,Animate It
CSS and JavaScript Libraries,Core Framework
CSS and JavaScript Libraries,WP Featherlight
CSS and JavaScript Libraries,Moxie
CSS and JavaScript Libraries,Socket.Io
CSS and JavaScript Libraries,Cytoscape
CSS and JavaScript Libraries,Google Cloud APIs
CSS and JavaScript Libraries,Salesforce Lightning
CSS and JavaScript Libraries,Salesforce Lightning Web Components
CSS and JavaScript Libraries,CreateJS
CSS and JavaScript Libraries,Blockly
CSS and JavaScript Libraries,NGRX
CSS and JavaScript Libraries,Progress Telerik
CSS and JavaScript Libraries,PrototypeJS
CSS and JavaScript Libraries,Syncfusion Essential Studio®
CSS and JavaScript Libraries,AlertifyJS
CSS and JavaScript Libraries,AlloyUI
CSS and JavaScript Libraries,Arwes
CSS and JavaScript Libraries,Chosen
CSS and JavaScript Libraries,Emotion
CSS and JavaScript Libraries,Essential JS 2
CSS and JavaScript Libraries,InfernoJS
CSS and JavaScript Libraries,jComponent
CSS and JavaScript Libraries,jQTouch
CSS and JavaScript Libraries,jQuery Mobile
CSS and JavaScript Libraries,jQuery-pjax
CSS and JavaScript Libraries,JSS
CSS and JavaScript Libraries,Marionette.js
CSS and JavaScript Libraries,Mithril
CSS and JavaScript Libraries,Moon
CSS and JavaScript Libraries,MooTools
CSS and JavaScript Libraries,Onsen UI
CSS and JavaScript Libraries,OpenUI5
CSS and JavaScript Libraries,Polymer
CSS and JavaScript Libraries,Prototype
CSS and JavaScript Libraries,RequireJS
CSS and JavaScript Libraries,RightJS
CSS and JavaScript Libraries,Riot
CSS and JavaScript Libraries,Ripple
CSS and JavaScript Libraries,Shopify Web Components
CSS and JavaScript Libraries,SolidJS
CSS and JavaScript Libraries,Stitches
CSS and JavaScript Libraries,Strapdown.js
CSS and JavaScript Libraries,styled-components
CSS and JavaScript Libraries,toastr
CSS and JavaScript Libraries,VueStrap
CSS and JavaScript Libraries,Webix
CSS and JavaScript Libraries,WeBlocks
CSS and JavaScript Libraries,WOW
CSS and JavaScript Libraries,Zone.js
CSS and JavaScript Libraries,Facebook SDK
CSS and JavaScript Libraries,SAP Fiori
CSS and JavaScript Libraries,Finsweet
CSS and JavaScript Libraries,jPlayer
CSS and JavaScript Libraries,VideoJS
CSS and JavaScript Libraries,SublimeVideo
CSS and JavaScript Libraries,30namaPlayer
CSS and JavaScript Libraries,Artplayer.js
CSS and JavaScript Libraries,DPlayer
CSS and JavaScript Libraries,Fluid Player
CSS and JavaScript Libraries,MediaElement.js
CSS and JavaScript Libraries,Plyr
CSS and JavaScript Libraries,Shaka Player
CSS and JavaScript Libraries,Ruffle
CSS and JavaScript Libraries,5th Finger
CSS and JavaScript Libraries,Elliptic
CSS and JavaScript Libraries,Foxit PDF SDK
CSS and JavaScript Libraries,Sajax System
CSS and JavaScript Libraries,web3
CSS and JavaScript Libraries,<model-viewer>
CSS and JavaScript Libraries,CodeMirror
CSS and JavaScript Libraries,DeepAR
CSS and JavaScript Libraries,Draft.js
CSS and JavaScript Libraries,Google Code Prettify
CSS and JavaScript Libraries,LottieFiles
CSS and JavaScript Libraries,PDF.js
CSS and JavaScript Libraries,petite-vue
CSS and JavaScript Libraries,Popper
CSS and JavaScript Libraries,Pygments
CSS and JavaScript Libraries,ResponsiveVoice
CSS and JavaScript Libraries,Summernote
CSS and JavaScript Libraries,SWFObject
CSS and JavaScript Libraries,SyntaxHighlighter
CSS and JavaScript Libraries,Tiptap
CSS and JavaScript Libraries,Vue2-animate
CSS and JavaScript Libraries,jQuery Payment
CSS and JavaScript Libraries,Awesomplete
CSS and JavaScript Libraries,Intersection Observer
CSS and JavaScript Libraries,Turbo
CSS and JavaScript Libraries,Turbolinks
CSS and JavaScript Libraries,FusionCharts
CSS and JavaScript Libraries,Google Charts
CSS and JavaScript Libraries,Slimbox
CSS and JavaScript Libraries,bxSlider
CSS and JavaScript Libraries,FitVids.JS
CSS and JavaScript Libraries,FullCalendar
CSS and JavaScript Libraries,Gridster
CSS and JavaScript Libraries,Headroom.js
CSS and JavaScript Libraries,Mapbox GL JS
CSS and JavaScript Libraries,Mapbox.js
CSS and JavaScript Libraries,MapLibre GL JS
CSS and JavaScript Libraries,Mapplic
CSS and JavaScript Libraries,Maptalks
CSS and JavaScript Libraries,Max Mega Menu
CSS and JavaScript Libraries,OpenLayers
CSS and JavaScript Libraries,PhotoSwipe
CSS and JavaScript Libraries,Slider Revolution
CSS and JavaScript Libraries,TerriaJS
Call Tracking,CallRail
Call Tracking,Century Interactive
Call Tracking,Convirza
Call Tracking,DialogTech
Call Tracking,Freespee
Call Tracking,IfByPhone
Call Tracking,Infinity Call Tracking
Call Tracking,Invoca
Call Tracking,ResponseTap
Call Tracking,Vox Analytics
Call Tracking,Marchex
Call Tracking,AdCalls
Call Tracking,Alloka
Call Tracking,AvidTrak
Call Tracking,CallRoot
Call Tracking,Dexem
Call Tracking,Google Call Conversion Tracking
Call Tracking,Nimbata
Call Tracking,Patient Prism
Call Tracking,Qooqie
Call Tracking,WildJar
Call Tracking,LiveCall
Call Tracking,Conduze
Call Tracking,Ringostat
Call Tracking,CallTrackingMetrics
Captcha,CAPTCHA
Captcha,Google Cloud reCAPTCHA Enterprise
Captcha,Keycaptcha
Captcha,Minteye / AdsCaptcha
Captcha,NLP Catpcha
Captcha,NuCaptcha
Captcha,reCAPTCHA
Captcha,Solvemedia
Captcha,sweetCaptcha
Captcha,Cloudflare Turnstile for WooCommerce
Captcha,Really Simple CAPTCHA
Captcha,ReCaptcha v2 for Contact Form 7
Captcha,Tencent Waterproof Wall
Captcha,Altcha
Captcha,AWS WAF Captcha
Captcha,Captch Me
Captcha,Cloudflare Turnstile
Captcha,CoinHive Captcha
Captcha,Friendly Captcha
Captcha,FunCaptcha
Captcha,hCaptcha
Captcha,Mollom
Captcha,MTCaptcha
Captcha,Picatcha
Captcha,Slider Captcha
Captcha,SnapHost
Captcha,StarTest
Captcha,VAPTCHA
Captcha,Yandex SmartCaptcha
Chats,zalo
Chats,Activa
Chats,Activengage
Chats,ActiveTalk
Chats,AgentBot
Chats,Amazon Lex
Chats,Apex Chat
Chats,BotPenguin
Chats,Callbell
Chats,Carchat24
Chats,Cbox
Chats,ChatBot
Chats,Clientconnexion
Chats,CloudIM
Chats,Cobrowser Chat
Chats,Comm100
Chats,Crisp
Chats,Elead Chat
Chats,FordDirect Chat
Chats,FreshChat
Chats,Gaglers
Chats,GoTalk
Chats,Gubagoo
Chats,Gupshup
Chats,HelpCrunch
Chats,HelpOnClick
Chats,Huggy
Chats,Iadvize
Chats,Instabot
Chats,InstantService
Chats,JivoChat
Chats,JivoSite
Chats,Kore.AI
Chats,Landbot
Chats,Live800
Chats,LiveAgent
Chats,LiveChat
Chats,LiveHelpNow
Chats,LivePerson
Chats,LivePerson Monitor
Chats,LiveTex
Chats,LiveZilla
Chats,Manychat
Chats,Marva
Chats,Netop Live Guide
Chats,NetroxSC
Chats,Olark
Chats,Onicon
Chats,OPanel
Chats,Oracle Live Help
Chats,P3chat
Chats,ProvideSupport
Chats,Pure Chat
Chats,PurpleView
Chats,Rasa
Chats,RealPerson Chat
Chats,RedHelper
Chats,Robin
Chats,Salesforce Live Agent
Chats,ServiceNow Virtual Agent
Chats,SiteHeart
Chats,SiteHelp
Chats,Slaask
Chats,Smartsupp
Chats,SnapEngage
Chats,Sunshine Conversations
Chats,Tawk.to
Chats,Tencent QQ API
Chats,Tidio
Chats,TouchCommerce
Chats,Unblu
Chats,UserLike
Chats,Vee24
Chats,Velaro
Chats,VideoDesk
Chats,Vivocha
Chats,Volusion Livechat
Chats,WebGreeter
Chats,WebsiteAlive
Chats,WhosOn
Chats,Yellow Messenger
Chats,Zendesk Chat
Chats,Zoho LiveDesk
Chats,11Sight
Chats,42Chat
Chats,Acquire Live Chat
Chats,Ada
Chats,AINIRO
Chats,Akia
Chats,Alive5
Chats,AnimalChat
Chats,AnyChat
Chats,Apple Business Chat
Chats,ArrowChat
Chats,AsisteClick
Chats,AskSpot
Chats,Atlasmic
Chats,B2Chat
Chats,BespokeChat
Chats,BetterBot
Chats,BirdSeed
Chats,Blinger
Chats,BoatChat
Chats,Boost.ai
Chats,botBrains
Chats,Botmind
Chats,Botsplash
Chats,Capacity
Chats,CEMax
Chats,Centribal
Chats,Chaport
Chats,Chat Chasers
Chats,Chatbaby
Chats,Chatbase
Chats,ChatBotBuilder
Chats,ChatBullet
Chats,ChatGen
Chats,Chatgo
Chats,Chatify
Chats,Chative
Chats,ChatLab
Chats,Chatlio
Chats,Chatlyn
Chats,ChatNode
Chats,Chatra
Chats,Chatroll
Chats,Chatsimple
Chats,ChatStack
Chats,Chatway
Chats,Chatwee
Chats,ChatWING
Chats,ChatWith.io
Chats,Chatwoot
Chats,Chaty
Chats,ClickChat
Chats,Cliengo
Chats,Client Chat Live
Chats,Coax
Chats,Collect.chat
Chats,CometChat
Chats,Conferbot
Chats,ConvertoBot
Chats,Copilot.Live
Chats,CoRover
Chats,Crisp Live Chat
Chats,Czater
Chats,Desku
Chats,DevRev
Chats,Dialogity
Chats,DialogShift
Chats,Dina Kunder
Chats,Dotdigital Chat
Chats,DoubleTick
Chats,Droxy
Chats,Droz Bot
Chats,EasiChat
Chats,EasyLiao
Chats,eGain Conversation
Chats,eKonsilio
Chats,EliseAI
Chats,Engati
Chats,Enterprise Bot
Chats,Envolve Tech
Chats,Facebook Chat Plugin
Chats,Fastmind
Chats,Flashchat
Chats,Floatbot
Chats,Flyzoo
Chats,Forethought AI
Chats,Froged
Chats,Front AI
Chats,Front Chat
Chats,Genesys Chat
Chats,Geniee Chat
Chats,GetChat
Chats,Giosg
Chats,Gist
Chats,Gleen
Chats,Gobot
Chats,Goftino
Chats,HappyFox Live Chat
Chats,Haptik
Chats,HubSpot Chat
Chats,Ideta
Chats,Ikeono
Chats,InSyncai
Chats,Intaker
Chats,iSina Chat
Chats,Jenny
Chats,Joinchat
Chats,Kauz
Chats,KeyReply
Chats,Knock Knock App
Chats,Krible
Chats,Lead-Finity Webchat
Chats,Leadtex
Chats,Let's Connect
Chats,Lime Talk
Chats,LimeChat
Chats,Lovi
Chats,Mainstay
Chats,Maisie
Chats,Medchat
Chats,Melibo
Chats,Merlin
Chats,Mioot
Chats,MoinAI
Chats,Mottle
Chats,Muchat
Chats,MyLiveChat
Chats,Myma
Chats,NeoAsist
Chats,Netrox
Chats,Newo
Chats,Ngage Live Chat
Chats,Norby
Chats,Oct8ne
Chats,Ometrics
Chats,OnChat
Chats,Ondestek
Chats,Onlim
Chats,Online Chat Centers
Chats,Pancake
Chats,Ping Parrot
Chats,Posh
Chats,Poster
Chats,Prosperous AI
Chats,Pubble
Chats,Qiscus
Chats,Qualified
Chats,Qualva
Chats,Querlo
Chats,QuickCEP
Chats,Quickchat AI
Chats,Quicktext
Chats,Quiq Messaging
Chats,Quixchat
Chats,Rake
Chats,Raychat
Chats,Re:plain
Chats,REI Chat
Chats,Respond.io
Chats,Responsa
Chats,Retain
Chats,REVE Chat
Chats,Rispose
Chats,Robofy
Chats,RoboReception
Chats,Ruby Chat
Chats,Schedule Engine
Chats,Screets
Chats,SegMate
Chats,Shopify Chat
Chats,SignalZen
Chats,Simla
Chats,SiteGPT
Chats,Sitehood
Chats,Smilee
Chats,SnapCall
Chats,SnatchBot
Chats,Sobot Live Chat
Chats,Solvemate
Chats,Solvvy
Chats,Sonetel Chat
Chats,Spikmi
Chats,Subiz
Chats,Suiteshare
Chats,Superchat
Chats,Swell CX
Chats,Tactful
Chats,TalkJS
Chats,Tars
Chats,Tencent QQ
Chats,TheBotForge
Chats,Thinking Chat
Chats,Tolk
Chats,Tooltip
Chats,Trengo
Chats,Umni
Chats,Unblu Virtual Agent
Chats,Userlink
Chats,Venyoo
Chats,Vergic
Chats,VertaFlow Chat
Chats,Virtual Chat
Chats,Webbotify
Chats,Webim
Chats,Webotit
Chats,Weply
Chats,WhatsApp Business Chat
Chats,Whelp
Chats,WidgetWhats
Chats,Wikit Live Chat
Chats,WotNot
Chats,Xenioo
Chats,Xeno Chat
Chats,yellow.ai
Chats,Yomdel
Chats,Zenvia
Chats,Zipchat
Chats,Zoko
Chats,Zoominfo Chat
Chats,Zowie
Chats,WhatsApp
Chats,Blip
Chats,Agentforce
Chats,Premio Chaty
Chats,Google Cloud Dialogflow
Chats,Gravity
Chats,Customerly
Chats,Oracle Engagement Cloud
Chats,Bowtie
Chats,Fuzey Channels
Chats,LeadChat
Chats,Molin AI
Chats,Spoki
Chats,Textline
Chats,Wabi
Chats,Wati
Chats,DialogTab
Chats,PerfectBot
Chats,Interakt
Chats,Vonage Conversational Commerce
Chats,Juphy
Chats,PushDaddy Whatsapp Chat
Chats,SuperLemon app
Chats,Paloma
Chats,Avochato
Chats,Azure Bot Service
Chats,Bold360
Chats,Heymarket
Chats,Medallia Zingle
Chats,Microsoft Bot Framework
Chats,Microsoft Copilot Studio
Chats,Podium
Chats,SendBird
Chats,Twilio Messaging
Chats,Voiceflow
Chats,WhatsApp Business Platform
Chats,Rasayel
Chats,Dashly
Chats,Happy Talk
Chats,LocaliQ Live Chat
Chats,Orimon.ai
Chats,Bird
Chats,Glia
Chats,Nuance
Chats,Virtual Spirits
Chats,AskHandle
Chats,Thinkstack
Chats,Social Intents
Chats,Asksuite
Chats,ClickDesk
Chats,ConnectWise
Chats,Estara
Chats,Needle
Chats,Drift
Chats,Zoho SalesIQ
Chats,Chatango
Chats,Forethought Solve
Chats,GetButton
Chats,Replyment
Chats,Streamwood
Chats,Yandex.Messenger
Cloud Services,Akamai Connected Cloud
Cloud Services,Alibaba Cloud
Cloud Services,Amazon EC2
Cloud Services,Amazon EC2 Auto Scaling
Cloud Services,Amazon Elastic Block Store
Cloud Services,Amazon GameLift
Cloud Services,Amazon Lightsail
Cloud Services,Amazon Virtual Private Cloud
Cloud Services,Apple iCloud
Cloud Services,Aptum
Cloud Services,AWS Amplify
Cloud Services,AWS App Runner
Cloud Services,AWS Auto Scaling
Cloud Services,AWS Batch
Cloud Services,AWS Cloud
Cloud Services,AWS Direct Connect
Cloud Services,AWS Elastic Beanstalk
Cloud Services,AWS Fargate
Cloud Services,AWS GovCloud
Cloud Services,AWS Greengrass
Cloud Services,AWS HPC
Cloud Services,AWS IoT Core
Cloud Services,AWS Lambda
Cloud Services,AWS Lambda@Edge
Cloud Services,AWS Managed Services
Cloud Services,AWS Marketplace
Cloud Services,AWS Nitro Enclaves Developer AMI
Cloud Services,AWS Organizations
Cloud Services,AWS Outposts
Cloud Services,AWS Snow Family
Cloud Services,AWS Snowball
Cloud Services,AWS Storage Gateway
Cloud Services,AWS Wavelength
Cloud Services,Azure App Service
Cloud Services,Azure Batch
Cloud Services,Azure Blockchain Service
Cloud Services,Azure Cloud Services
Cloud Services,Azure Compute
Cloud Services,Azure Container Apps
Cloud Services,Azure Container Instances
Cloud Services,Azure Digital Twins
Cloud Services,Azure ExpressRoute
Cloud Services,Azure Functions
Cloud Services,Azure Kubernetes Service
Cloud Services,Azure Lab Services
Cloud Services,Azure Linux Virtual Machines
Cloud Services,Azure PlayFab
Cloud Services,Azure Portal
Cloud Services,Azure Private Link
Cloud Services,Azure Quantum
Cloud Services,Azure Static Web Apps
Cloud Services,Azure Storage Explorer
Cloud Services,Azure Virtual Machine Scale Sets
Cloud Services,Azure Virtual Machines
Cloud Services,Azure Virtual Network
Cloud Services,Azure Virtual WAN
Cloud Services,Azure VMware Solution
Cloud Services,Azure VPN Gateway
Cloud Services,Clever Cloud
Cloud Services,CloudEndure Migration
Cloud Services,CoinGecko API
Cloud Services,Dell Technologies Cloud
Cloud Services,DigitalOcean Droplets
Cloud Services,Exoscale
Cloud Services,Firebase
Cloud Services,Fujitsu IaaS
Cloud Services,Google App Engine
Cloud Services,Google Cloud
Cloud Services,Google Cloud Console
Cloud Services,Google Cloud Functions
Cloud Services,Google Cloud Functions for Firebase
Cloud Services,Google Cloud Interconnect
Cloud Services,Google Cloud Run
Cloud Services,Google Cloud SDK
Cloud Services,Google Cloud Serverless
Cloud Services,Google Cloud Shell
Cloud Services,Google Compute Engine
Cloud Services,Google (GCP)- India
Cloud Services,Google Virtual Private Cloud
Cloud Services,HPE Greenlake
Cloud Services,Huawei
Cloud Services,IBM Cloud
Cloud Services,IBM Cloud Functions
Cloud Services,IBM Qiskit Runtime
Cloud Services,Kubernetes applications on Google Cloud Marketplace
Cloud Services,Microsoft Azure Storage
Cloud Services,Naver Cloud Platform
Cloud Services,Oracle Bare Metal Cloud Services
Cloud Services,Oracle Cloud Infrastructure
Cloud Services,Orbus iServer
Cloud Services,OVHcloud
Cloud Services,phoenixNAP
Cloud Services,Salesforce Platform
Cloud Services,SAP Business Technology Platform
Cloud Services,SAP on AWS
Cloud Services,TierPoint
Cloud Services,Tuya IoT Development Platform
Cloud Services,VMware Cloud on AWS
Cloud Services,Wasabi
Cloud Services,Alibaba Cloud Object Storage Service
Cloud Services,Bernet Cloud
Cloud Services,Brimble
Cloud Services,Chabokan
Cloud Services,Cloudflare Workers
Cloud Services,Deno Deploy
Cloud Services,Deta
Cloud Services,Fing
Cloud Services,Fly.io
Cloud Services,Gigalixir
Cloud Services,Mirus
Cloud Services,Parmin Cloud
Cloud Services,PythonAnywhere
Cloud Services,Railway
Cloud Services,Zeabur
Cloud Services,Render
Cloud Services,Microsoft Azure
Cloud Services,AWS Trusted Advisor
Cloud Services,Lambda Cloud
Cloud Services,Dorsa Cloud
Cloud Services,Tencent Cloud
Cloud Services,Amazon EC2 Spot Instances
Cloud Services,Azure for US Government
Cloud Services,Kinvey
Cloud Services,AWS Management Console
Cloud Services,Amazon AWS
Cloud Services,DigitalOcean
Cloud Services,Google Cloud Hosting
Cloud Services,Heroku
Cloud Services,Joyent
Cloud Services,Microsoft Azure Hosting
Cloud Services,NephoScale
Cloud Services,Oracle Cloud
Cloud Services,SoftLayer
Cloud Services,Thinkgrid
Cloud Services,UpCloud
Cloud Services,Vultr
Comments,CommentLuv
Comments,Disqus
Comments,Facebook Comments
Comments,Gigya Comments
Comments,Intense Debate
Comments,LiveFyre
Comments,OpenWeb
Comments,SezWho
Comments,Viafoura
Comments,Annoto
Comments,Cackle
Comments,Commento
Comments,Cove
Comments,Giscus
Comments,Isso
Comments,ReplyBox
Comments,Twikoo
Comments,utterances
Comments,Haloscan
Comments,Thrive Comments
Comments,Echo
Content Delivery Networks,Akamai
Content Delivery Networks,Amazon CloudFront
Content Delivery Networks,Ananke CDN
Content Delivery Networks,Azure CDN
Content Delivery Networks,Azure Front Door
Content Delivery Networks,BitGravity
Content Delivery Networks,Bitgravity Video Delivery
Content Delivery Networks,Bitrix CDN
Content Delivery Networks,Cachefly
Content Delivery Networks,CDN77
Content Delivery Networks,CDNetworks
Content Delivery Networks,CDNsun
Content Delivery Networks,CDNVideo
Content Delivery Networks,China Net Center
Content Delivery Networks,ChinaCache
Content Delivery Networks,CloudFlare CDN
Content Delivery Networks,EdgeCast
Content Delivery Networks,Fastly CDN
Content Delivery Networks,Google Cloud CDN
Content Delivery Networks,Highwinds
Content Delivery Networks,Imperva Secure CDN
Content Delivery Networks,Instart Logic
Content Delivery Networks,Internap
Content Delivery Networks,ISPrime
Content Delivery Networks,Limelight
Content Delivery Networks,MaxCDN
Content Delivery Networks,Ngenix
Content Delivery Networks,OnApp
Content Delivery Networks,Panther
Content Delivery Networks,RackSpace CDN
Content Delivery Networks,Reflected Networks
Content Delivery Networks,ScaleEngine
Content Delivery Networks,Skypark CDN
Content Delivery Networks,StackPath
Content Delivery Networks,SwiftCDN
Content Delivery Networks,Tencent
Content Delivery Networks,TurboBytes
Content Delivery Networks,5centsCDN
Content Delivery Networks,Acquia Cloud Platform CDN
Content Delivery Networks,Airee
Content Delivery Networks,Alibaba Cloud CDN
Content Delivery Networks,Arc
Content Delivery Networks,ArvanCloud
Content Delivery Networks,Bunny
Content Delivery Networks,cdnjs
Content Delivery Networks,Cloudimage
Content Delivery Networks,DERAK.CLOUD
Content Delivery Networks,DiamondCDN
Content Delivery Networks,EdgeOne
Content Delivery Networks,Edgio
Content Delivery Networks,Filestack
Content Delivery Networks,Gatsby Cloud Image CDN
Content Delivery Networks,Gcore
Content Delivery Networks,GoCache
Content Delivery Networks,Google Hosted Libraries
Content Delivery Networks,GotiPath
Content Delivery Networks,GuardFlame
Content Delivery Networks,Hostinger CDN
Content Delivery Networks,ImageEngine
Content Delivery Networks,jQuery CDN
Content Delivery Networks,jsDelivr
Content Delivery Networks,KelonCloud
Content Delivery Networks,KeyCDN
Content Delivery Networks,KuronekoServer CDN
Content Delivery Networks,Microsoft Ajax Content Delivery Network
Content Delivery Networks,MizbanCloud
Content Delivery Networks,RawGit
Content Delivery Networks,Section.io
Content Delivery Networks,Sotoon
Content Delivery Networks,Statically
Content Delivery Networks,TwicPics
Content Delivery Networks,Unpkg
Content Delivery Networks,Uploadcare
Content Delivery Networks,VergeCloud
Content Delivery Networks,Yandex.Cloud CDN
Content Delivery Networks,KRT CDN
Content Delivery Networks,Bootstrapcdn
Content Delivery Networks,Akamai CDN Solutions
Content Delivery Networks,Azion
Content Delivery Networks,Cotendo
Content Delivery Networks,Fastly Hosting
Content Delivery Networks,Imgix
Content Delivery Networks,Photon
Content Delivery Networks,Azure Edge Network
Content Delivery Networks,CloudFlare
Content Delivery Networks,Sitecore Experience Edge
Content Delivery Networks,Imagekit
Content Delivery Networks,Sirv
Content Syndication Networks,Business Wire
Content Syndication Networks,CNET Content Solutions
Content Syndication Networks,FeedBurner
Content Syndication Networks,Flix Media
Content Syndication Networks,GlobeNewswire
Content Syndication Networks,PR Newswire
Content Syndication Networks,PRWeb
Content Syndication Networks,Syndigo
Content Syndication Networks,WebCollage
Content Syndication Networks,Zemanta
Content Syndication Networks,Zergnet
Content Syndication Networks,RSS
Content Syndication Networks,Relap
Content Syndication Networks,Apple News
Content Syndication Networks,Scoop.it
Content Syndication Networks,StoryChief
Content Syndication Networks,Service2 Client
Content Syndication Networks,ContentGems
Content Syndication Networks,Planet
Content Syndication Networks,CrowdIgnite
Content Syndication Networks,Vertical Acuity
Content Syndication Networks,Pubexchange
Customer Relationship Management,1CRM
Customer Relationship Management,Accelo
Customer Relationship Management,Agile CRM
Customer Relationship Management,Allbound PRM
Customer Relationship Management,Apptivo
Customer Relationship Management,Avectra
Customer Relationship Management,Base CRM
Customer Relationship Management,Blackbaud
Customer Relationship Management,Blackbaud eTapestry
Customer Relationship Management,Blackbaud Raiser's Edge NXT
Customer Relationship Management,Bloomerang
Customer Relationship Management,Bonterra DonorDrive
Customer Relationship Management,Bonterra Organizing
Customer Relationship Management,Brevo Sales Platform
Customer Relationship Management,Bullhorn for Salesforce
Customer Relationship Management,ChurnZero
Customer Relationship Management,CiviCRM
Customer Relationship Management,Clio Grow
Customer Relationship Management,Conga CPQ
Customer Relationship Management,Copilot for Sales
Customer Relationship Management,Creatio
Customer Relationship Management,DealHub.io
Customer Relationship Management,Donorfy
Customer Relationship Management,DonorPerfect
Customer Relationship Management,DonorSnap
Customer Relationship Management,DonorView
Customer Relationship Management,DriveCentric
Customer Relationship Management,Dynamics 365 Customer Insights
Customer Relationship Management,Dynamics 365 Sales
Customer Relationship Management,Ellucian CRM Advance
Customer Relationship Management,Eudonet CRM
Customer Relationship Management,Fenergo Platform
Customer Relationship Management,Freshworks
Customer Relationship Management,Freshworks CRM
Customer Relationship Management,Funnel CRM
Customer Relationship Management,Gainsight CS
Customer Relationship Management,GoldMine
Customer Relationship Management,GreenRope CRM
Customer Relationship Management,HoneyBook
Customer Relationship Management,HubSpot Operations Hub
Customer Relationship Management,HubSpot Sales Hub
Customer Relationship Management,HubSpot Service Hub
Customer Relationship Management,iMIS
Customer Relationship Management,Impartner PRM
Customer Relationship Management,Microsoft Dynamics 365 CE
Customer Relationship Management,Infor SalesLogix
Customer Relationship Management,InfusionSoft
Customer Relationship Management,Insightly
Customer Relationship Management,Insightly Service
Customer Relationship Management,Kindful
Customer Relationship Management,Kommo
Customer Relationship Management,Lawmatics
Customer Relationship Management,Lime CRM
Customer Relationship Management,Microsoft Dynamics 365
Customer Relationship Management,Microsoft Dynamics 365 Customer Engagement
Customer Relationship Management,Microsoft Dynamics 365 Customer Service
Customer Relationship Management,Microsoft Dynamics 365 Customer Voice
Customer Relationship Management,Microsoft Dynamics 365 for Sales
Customer Relationship Management,Microsoft Dynamics CRM
Customer Relationship Management,Microsoft Dynamics CRM 2011
Customer Relationship Management,Microsoft Dynamics CRM 4.0
Customer Relationship Management,Mindmatrix PRM
Customer Relationship Management,Model N CPQ
Customer Relationship Management,Monday sales CRM
Customer Relationship Management,NeonCRM
Customer Relationship Management,netFORUM Pro
Customer Relationship Management,NetSuite CRM
Customer Relationship Management,Nimble AMS
Customer Relationship Management,Odoo CRM
Customer Relationship Management,Ontraport
Customer Relationship Management,Oracle CPQ
Customer Relationship Management,Oracle Customer Experience (CX) Cloud Suite
Customer Relationship Management,Oracle CX Cloud Suite
Customer Relationship Management,Oracle EBS CRM
Customer Relationship Management,Oracle Siebel CRM
Customer Relationship Management,Pega CRM Suite
Customer Relationship Management,PeopleSoft CRM
Customer Relationship Management,Planhat
Customer Relationship Management,QuoteWerks
Customer Relationship Management,Redtail CRM
Customer Relationship Management,Redtail Technology
Customer Relationship Management,Rev.io
Customer Relationship Management,Sage CRM
Customer Relationship Management,Sales Cloud Einstein
Customer Relationship Management,Salesforce
Customer Relationship Management,Salesforce Community Cloud
Customer Relationship Management,Salesforce CPQ
Customer Relationship Management,Salesforce Customer 360 Data Manager
Customer Relationship Management,Salesforce Einstein AI
Customer Relationship Management,Salesforce Financial Services Cloud
Customer Relationship Management,Salesforce Health Cloud
Customer Relationship Management,Salesforce Maps
Customer Relationship Management,Salesforce Mobile
Customer Relationship Management,Salesforce Nonprofit Cloud
Customer Relationship Management,Salesforce Nonprofit Success Pack
Customer Relationship Management,Salesforce Partner Relationship Management
Customer Relationship Management,Salesforce Revenue Cloud
Customer Relationship Management,Salesforce Sales Cloud
Customer Relationship Management,Salesforce Services
Customer Relationship Management,Salesmate
Customer Relationship Management,Salsa CRM
Customer Relationship Management,SAP C/4 HANA
Customer Relationship Management,SAP CRM
Customer Relationship Management,SAP Customer Care and Service
Customer Relationship Management,SAP Sales Cloud
Customer Relationship Management,Sellsy
Customer Relationship Management,Siebel PRM
Customer Relationship Management,Sugar CRM
Customer Relationship Management,Swiftpage
Customer Relationship Management,TargetX
Customer Relationship Management,Teamleader CRM
Customer Relationship Management,TopProducer
Customer Relationship Management,Total Expert
Customer Relationship Management,Veeva CRM
Customer Relationship Management,Velocify
Customer Relationship Management,Virtuous CRM
Customer Relationship Management,Vlocity
Customer Relationship Management,Vtiger CRM
Customer Relationship Management,Vtiger for G Suite
Customer Relationship Management,Zendesk Sell
Customer Relationship Management,Zoho CRM
Customer Relationship Management,Alumni Channel
Customer Relationship Management,amoCRM
Customer Relationship Management,Anexis
Customer Relationship Management,Anthology Encompass
Customer Relationship Management,Armin
Customer Relationship Management,Arnica
Customer Relationship Management,Astute Solutions
Customer Relationship Management,Avizi
Customer Relationship Management,Batchbook
Customer Relationship Management,Bigin
Customer Relationship Management,Bookboost
Customer Relationship Management,Brivity
Customer Relationship Management,Buz Club
Customer Relationship Management,Capsule CRM
Customer Relationship Management,CAPYS
Customer Relationship Management,Casafari
Customer Relationship Management,Chefpreneur
Customer Relationship Management,Civic Champs
Customer Relationship Management,CleanCore
Customer Relationship Management,Convert and Flow
Customer Relationship Management,CRM+
Customer Relationship Management,CRMBOOST
Customer Relationship Management,DenGro
Customer Relationship Management,Didar
Customer Relationship Management,Elenore
Customer Relationship Management,Ellucian CRM Recruit
Customer Relationship Management,Elromco
Customer Relationship Management,Entresoft
Customer Relationship Management,Erxes
Customer Relationship Management,eShopCRM
Customer Relationship Management,EspoCRM
Customer Relationship Management,Facilita
Customer Relationship Management,Flipping Pro CRM
Customer Relationship Management,Follow Up Boss
Customer Relationship Management,Gallabox
Customer Relationship Management,Giveffect
Customer Relationship Management,Gloo
Customer Relationship Management,GlueUp
Customer Relationship Management,Gorilla Dash
Customer Relationship Management,Hi Platform
Customer Relationship Management,Join It
Customer Relationship Management,Keap
Customer Relationship Management,KVCore
Customer Relationship Management,Lead Generated
Customer Relationship Management,Leadific
Customer Relationship Management,LeadSimple
Customer Relationship Management,Ligna
Customer Relationship Management,Mazrica
Customer Relationship Management,MembershipWorks
Customer Relationship Management,Mico
Customer Relationship Management,Mimiran
Customer Relationship Management,Mintox
Customer Relationship Management,Moyklass
Customer Relationship Management,Northstar Club Management
Customer Relationship Management,Pepper Cloud
Customer Relationship Management,Perfex CRM
Customer Relationship Management,Pico
Customer Relationship Management,Piperun
Customer Relationship Management,Popcorn CRM
Customer Relationship Management,Popmix
Customer Relationship Management,Power CRM
Customer Relationship Management,Profeat
Customer Relationship Management,Prostoy
Customer Relationship Management,Pubfunnels
Customer Relationship Management,Qomon
Customer Relationship Management,Rapid Active CRM
Customer Relationship Management,Rinsed
Customer Relationship Management,Rollick
Customer Relationship Management,Rubic
Customer Relationship Management,Saabu
Customer Relationship Management,SalesCandy
Customer Relationship Management,Salesmachine
Customer Relationship Management,SalesMatch
Customer Relationship Management,Salespype
Customer Relationship Management,SberCRM
Customer Relationship Management,SniperCRM
Customer Relationship Management,Soffront CRM
Customer Relationship Management,SOTA CRM
Customer Relationship Management,SuiteCRM
Customer Relationship Management,TeamUnify
Customer Relationship Management,Tint Wiz
Customer Relationship Management,TravPRO
Customer Relationship Management,Twyne
Customer Relationship Management,Unless
Customer Relationship Management,Uplifter
Customer Relationship Management,Veloce
Customer Relationship Management,Vepaar
Customer Relationship Management,Virtuagym
Customer Relationship Management,Wise Agent
Customer Relationship Management,WoowUp
Customer Relationship Management,Workadu
Customer Relationship Management,Workbooks
Customer Relationship Management,WORKetc
Customer Relationship Management,Zenu
Customer Relationship Management,Salesforce CRM
Customer Relationship Management,Copper
Customer Relationship Management,Gong
Customer Relationship Management,Pipedrive
Customer Relationship Management,Totango
Customer Relationship Management,Vitally
Customer Relationship Management,Zift Solutions
Customer Relationship Management,Kicksite
Customer Relationship Management,Little Green Light
Customer Relationship Management,TravelJoy
Customer Relationship Management,Advanced Solutions International
Customer Relationship Management,YourMembership
Customer Relationship Management,Congressus
Customer Relationship Management,Elexio
Customer Relationship Management,RockRMS
Customer Relationship Management,CiviCRM plugins
Customer Relationship Management,Sugester
Customer Relationship Management,Gainsight
Customer Relationship Management,Oracle CX Sales
Customer Relationship Management,PeopleSoft Sales
Customer Relationship Management,Qonnex
Customer Relationship Management,VertaFlow
Customer Relationship Management,Amilia
Customer Relationship Management,WildApricot
Customer Relationship Management,Einstein 1 Studio
Customer Relationship Management,Greenrope
Customer Relationship Management,Upland Altify
Customer Relationship Management,Abila
Customer Relationship Management,Act!
Customer Relationship Management,ClubExpress
Customer Relationship Management,Daxko
Customer Relationship Management,Funraise
Customer Relationship Management,GrowthZone
Customer Relationship Management,MemberLeap
Customer Relationship Management,MobileCause
Customer Relationship Management,NetForum
Customer Relationship Management,Northstar
Customer Relationship Management,QuoteValet
Customer Relationship Management,Trail Blazer Non-Profit Manager
Customer Relationship Management,YourCause
Customer Relationship Management,AlumnIQ
Customer Relationship Management,Arreva
Customer Relationship Management,Auxilia
Customer Relationship Management,Blackbaud CRM
Customer Relationship Management,BRYNK
Customer Relationship Management,Golden Volunteer
Customer Relationship Management,edrone
Customer Relationship Management,Membership Toolkit
Customer Relationship Management,POINT
Customer Relationship Management,Dito
Customer Relationship Management,MemberClicks
Customer Relationship Management,Personify
Customer Relationship Management,RDS Advantage
Customer Reviews,Ausgezeichnet
Customer Reviews,Avis Verifies
Customer Reviews,Bazaarvoice
Customer Reviews,Birdeye
Customer Reviews,Bizrate
Customer Reviews,Capterra
Customer Reviews,Chatmeter
Customer Reviews,Customer Alliance
Customer Reviews,Demandforce Reviews Widget
Customer Reviews,Ekomi
Customer Reviews,ExpertVoice
Customer Reviews,FeeFo
Customer Reviews,Fia-net
Customer Reviews,Foxrate
Customer Reviews,GetApp
Customer Reviews,GoodFirms
Customer Reviews,Google Business Profile
Customer Reviews,Google Customer Reviews
Customer Reviews,Guild Quality
Customer Reviews,Healthgrades
Customer Reviews,Junip
Customer Reviews,Judge.me
Customer Reviews,Kiyoh.nl
Customer Reviews,Partoo
Customer Reviews,PowerReviews
Customer Reviews,Press Ganey Patient Experience
Customer Reviews,Reevoo
Customer Reviews,ResellerRatings
Customer Reviews,Review Buzz
Customer Reviews,ReviewCentre
Customer Reviews,ReviewPro
Customer Reviews,Reviews.co.uk
Customer Reviews,Reviews.io
Customer Reviews,Shopauskunft
Customer Reviews,Shopper Approved
Customer Reviews,ShopVote
Customer Reviews,Sitejabber
Customer Reviews,Software Advice
Customer Reviews,Stamped
Customer Reviews,TechValidate
Customer Reviews,The Feedback Company
Customer Reviews,TrustedShops
Customer Reviews,Trustpilot
Customer Reviews,TrustRadius
Customer Reviews,TrustYou
Customer Reviews,Alchemer Mobile
Customer Reviews,Ali Reviews
Customer Reviews,Alpha Review
Customer Reviews,Clutch
Customer Reviews,Famewall
Customer Reviews,Fera
Customer Reviews,Flamp
Customer Reviews,FlockRocket
Customer Reviews,GetReview
Customer Reviews,GoodReviews
Customer Reviews,HulkApps Product Reviews
Customer Reviews,iiQ Check
Customer Reviews,Influenster
Customer Reviews,Klaviyo Reviews
Customer Reviews,Kudobuzz
Customer Reviews,Letro
Customer Reviews,LipScore
Customer Reviews,LoyaltyLoop
Customer Reviews,MoreVago
Customer Reviews,Myli
Customer Reviews,Oculizm
Customer Reviews,Okendo
Customer Reviews,Orankl
Customer Reviews,PulseM
Customer Reviews,Ratesight
Customer Reviews,RealSatisfied
Customer Reviews,Rep.co
Customer Reviews,Repuso
Customer Reviews,Reputon
Customer Reviews,Reviefy
Customer Reviews,Review Stars
Customer Reviews,Review Wave
Customer Reviews,Reviewdoku
Customer Reviews,ReviewForest
Customer Reviews,Reviewgrower
Customer Reviews,ReviewLead
Customer Reviews,ReviewRail
Customer Reviews,Reviewshake
Customer Reviews,ReviewSolicitors
Customer Reviews,Ryviu
Customer Reviews,SafeBuy
Customer Reviews,Senja
Customer Reviews,Serchen
Customer Reviews,Shapo
Customer Reviews,Shoutout Testimonial
Customer Reviews,SocialJuice
Customer Reviews,Societe des Avis Garantis
Customer Reviews,SoTellUs
Customer Reviews,Tagshop
Customer Reviews,TestFreaks
Customer Reviews,Testimonial Robot
Customer Reviews,Thimatic
Customer Reviews,true
Customer Reviews,Trustify
Customer Reviews,Trustindex
Customer Reviews,Trustio
Customer Reviews,Trustspot
Customer Reviews,Vizium
Customer Reviews,VocalReferences
Customer Reviews,Vouchley
Customer Reviews,VReview
Customer Reviews,Wally
Customer Reviews,WinLocal
Customer Reviews,Wiremo
Customer Reviews,Word of Mouth
Customer Reviews,Yotpo Reviews
Customer Reviews,Zoorate
Customer Reviews,Zyratalk
Customer Reviews,Broadly
Customer Reviews,Yelp
Customer Reviews,Rich Plugins Reviews
Customer Reviews,Kenect
Customer Reviews,Reviews Up
Customer Reviews,SoftwareSuggest
Customer Reviews,Skeepers
Customer Reviews,Shopify Product Reviews
Customer Reviews,Loox
Customer Reviews,Yotpo
Customer Reviews,Autoketing Product Reviews
Customer Reviews,Fera Product Reviews App
Customer Reviews,FireApps Ali Reviews
Customer Reviews,Quoli
Customer Reviews,Gartner
Customer Reviews,Grade.us
Customer Reviews,Avvo
Customer Reviews,Wix TINT
Customer Reviews,Bazaarvoice Curation
Customer Reviews,Pixlee TurnTo
Customer Reviews,Videogenie
Customer Reviews,FeedbackAutomatic
Customer Reviews,Angies List
Customer Reviews,CustomerLobby
Customer Reviews,Rateabiz
Customer Reviews,SureCritic
Customer Reviews,ProvenExpert
Data Management Platform,Acxiom
Data Management Platform,Adform DMP
Data Management Platform,Adobe Audience Manager
Data Management Platform,Adobe Real-Time CDP
Data Management Platform,Amobee DMP
Data Management Platform,Amperity
Data Management Platform,AudienceScience
Data Management Platform,Blueconic
Data Management Platform,Bombora
Data Management Platform,Brilig
Data Management Platform,Clearbit
Data Management Platform,Conversant CORE
Data Management Platform,Crowd Science
Data Management Platform,DataLogix
Data Management Platform,Enreach
Data Management Platform,Epsilon Data
Data Management Platform,Flxone
Data Management Platform,Google Ads Data Hub
Data Management Platform,LiveRamp
Data Management Platform,LiveRamp Match Partners
Data Management Platform,Lotame Spherical Platform
Data Management Platform,Navegg
Data Management Platform,Nielsen DMP
Data Management Platform,NuggAd
Data Management Platform,Oracle BlueKai Data Management Platform
Data Management Platform,Oracle Data Cloud
Data Management Platform,Permutive
Data Management Platform,RudderStack
Data Management Platform,Salesforce DMP
Data Management Platform,Segment
Data Management Platform,Simon Data
Data Management Platform,Sojern
Data Management Platform,TailTarget
Data Management Platform,Tealium Customer Data Hub
Data Management Platform,Able CDP
Data Management Platform,Acquia Customer Data Platform
Data Management Platform,Adobe Experience Platform Identity Service
Data Management Platform,Antsomi CDP 365
Data Management Platform,Aptania
Data Management Platform,Bread & Butter
Data Management Platform,CleverData
Data Management Platform,Custobar
Data Management Platform,Datatrics
Data Management Platform,FirstHive
Data Management Platform,Fueled
Data Management Platform,Fullpath
Data Management Platform,Klaviyo Data Platform
Data Management Platform,Leadspace
Data Management Platform,Lexer
Data Management Platform,Pinpoll
Data Management Platform,Poltio
Data Management Platform,Rocket Tools
Data Management Platform,Salesforce Audience Studio
Data Management Platform,Segmetrics
Data Management Platform,Sirdata
Data Management Platform,SmartDX
Data Management Platform,Spotler Activate
Data Management Platform,Sub2Tech
Data Management Platform,Tail
Data Management Platform,Zeotap
Data Management Platform,Experian
Data Management Platform,Tealium AudienceStream
Data Management Platform,Cross Pixel Media
Data Management Platform,Datonics
Data Management Platform,Dstillery
Data Management Platform,Ezakus
Data Management Platform,OwnerIQ
Data Management Platform,Adex
Data Management Platform,ID5
Data Management Platform,Utiq
Data Management Platform,DemandBase
Data Management Platform,Drawbridge
Data Management Platform,Lytics
Data Management Platform,Tapad
Data Management Platform,Umbel
Data Management Platform,FullContact
Data Management Platform,Resonate
Data Management Platform,Salesforce Customer Data Platform
Data Management Platform,Boxever
Data Management Platform,AgilOne
Data Management Platform,Omeda
Data Management Platform,SmarterRemarketer
Data Management Platform,Treasure Data
Data Management Platform,Adobe Experience Platform
Data Management Platform,Twilio Segment
Data Management Platform,Blueshift
Data Management Platform,KnowledgeMarketing
Data Management Platform,Aimerce
Data Management Platform,Angler AI
Data Management Platform,Black Crow
Data Management Platform,Connexity
Data Management Platform,Grivy
Data Management Platform,Surfside
Data Management Platform,cXense
Data Management Platform,mParticle
Data Management Platform,Treasure
Data Management Platform,Piano.io DMP
Data Management Platform,DTScout
Demand Side Platforms,33Across
Demand Side Platforms,Adelphic DSP
Demand Side Platforms,Adobe Advertising Cloud
Demand Side Platforms,Dv360
Demand Side Platforms,FreakOut
Demand Side Platforms,GDM Digital
Demand Side Platforms,GenesisMedia
Demand Side Platforms,MediaMath
Demand Side Platforms,RocketFuel
Demand Side Platforms,Roku OneView
Demand Side Platforms,Simpli.fi
Demand Side Platforms,Sizmek DSP
Demand Side Platforms,The Trade Desk
Demand Side Platforms,Tradelab
Demand Side Platforms,Triggit
Demand Side Platforms,Xandr
Demand Side Platforms,Yahoo Ad Manager Plus
Demand Side Platforms,Basis
Demand Side Platforms,MicroAd
Demand Side Platforms,Amobee
Demand Side Platforms,Bidtellect
Demand Side Platforms,Choozle
Demand Side Platforms,Fluid Ads
Demand Side Platforms,LifeStreet Media
Demand Side Platforms,StackAdapt
Demand Side Platforms,Xaxis
Demand Side Platforms,AcuityAds
Demand Side Platforms,Beeswax
Demand Side Platforms,MNTN
Demand Side Platforms,Mountain
Demand Side Platforms,Pushub
Demand Side Platforms,Basis Technologies
Demand Side Platforms,Native Ads
Demand Side Platforms,Platform 161
Demand Side Platforms,Influ2
Demand Side Platforms,Bench
Demand Side Platforms,Persona.ly
Demand Side Platforms,Yieldr
Demand Side Platforms,VideoBloom
Domain Name Services,123-reg DNS
Domain Name Services,A2 Hosting DNS
Domain Name Services,Akamai Edge DNS
Domain Name Services,Amazon Route 53
Domain Name Services,Aruba DNS
Domain Name Services,AT&T DNS
Domain Name Services,Azure DNS
Domain Name Services,Binero
Domain Name Services,Blue Host DNS
Domain Name Services,Cloudflare DNS
Domain Name Services,CoreDNS
Domain Name Services,CSC Corporate Domains
Domain Name Services,Digital Ocean DNS
Domain Name Services,DNS2Go
Domain Name Services,DNS.com
Domain Name Services,DNS Made Easy
Domain Name Services,DNSimple
Domain Name Services,DNSMax
Domain Name Services,DNSPark
Domain Name Services,DNSPod
Domain Name Services,DreamHost DNS
Domain Name Services,DtDNS
Domain Name Services,Dyn Managed DNS
Domain Name Services,DynDNS
Domain Name Services,DynIP
Domain Name Services,EasyDNS
Domain Name Services,EdgeDirector
Domain Name Services,Enom
Domain Name Services,Fasthosts
Domain Name Services,Frobbit
Domain Name Services,gandi.net
Domain Name Services,GoDaddy Domains
Domain Name Services,Google Cloud DNS
Domain Name Services,Hostgator DNS
Domain Name Services,Infoblox
Domain Name Services,InMotion Hosting DNS
Domain Name Services,Internap DNS
Domain Name Services,iPage DNS
Domain Name Services,LoadDNS
Domain Name Services,Loopia
Domain Name Services,Media Temple DNS
Domain Name Services,Melbourne IT
Domain Name Services,Netnames Cedel
Domain Name Services,Netriplex
Domain Name Services,Nexcess Domain Registration
Domain Name Services,NMU AB
Domain Name Services,Nominum
Domain Name Services,NS1
Domain Name Services,pointHQ
Domain Name Services,Ports IT
Domain Name Services,PowerDNS
Domain Name Services,RackSpace DNS
Domain Name Services,Riktad AB
Domain Name Services,SiteGround DNS
Domain Name Services,Svenska domaner
Domain Name Services,UltraDns
Domain Name Services,Verisign
Domain Name Services,WorldwideDNS
Domain Name Services,Zerigo
Domain Name Services,ZoneEdit
Domain Name Services,Arsys Domain Parking
Domain Name Services,GoDaddy Domain Parking
Domain Name Services,JS.org
Domain Name Services,CSC
Domain Name Services,Volusion DNS
Domain Name Services,Xinnet
Domain Name Services,NeuStar
E-commerce Platforms,Amazon Business
E-commerce Platforms,1shoppingcart
E-commerce Platforms,3D cart
E-commerce Platforms,Actinic
E-commerce Platforms,Adobe Business Catalyst
E-commerce Platforms,Aleyant Pressero
E-commerce Platforms,Alibaba
E-commerce Platforms,Amazon Webstore
E-commerce Platforms,AmeriCommerce
E-commerce Platforms,Ascentium Commerce Server
E-commerce Platforms,AspDotNetStorefront
E-commerce Platforms,Bandcamp
E-commerce Platforms,BigCartel
E-commerce Platforms,BigCommerce
E-commerce Platforms,BorderFree
E-commerce Platforms,Branding Brand
E-commerce Platforms,Cin7 Omni
E-commerce Platforms,Cleverbridge
E-commerce Platforms,Commerce7
E-commerce Platforms,commercetools
E-commerce Platforms,CoreCommerce
E-commerce Platforms,Craft Commerce
E-commerce Platforms,CS Cart
E-commerce Platforms,CubeCart
E-commerce Platforms,Demandware
E-commerce Platforms,Dutchie
E-commerce Platforms,Dynamicweb eCommerce Suite
E-commerce Platforms,eBay
E-commerce Platforms,EC CUBE
E-commerce Platforms,Ecwid
E-commerce Platforms,EKM
E-commerce Platforms,EKM Powershop
E-commerce Platforms,Elastic Path
E-commerce Platforms,Epages
E-commerce Platforms,FoxyCart
E-commerce Platforms,GoECart
E-commerce Platforms,GSI
E-commerce Platforms,Haravan Haraweb
E-commerce Platforms,HCL Commerce Cloud
E-commerce Platforms,Hotmart
E-commerce Platforms,Hybris (SAP)
E-commerce Platforms,InkSoft
E-commerce Platforms,InSales
E-commerce Platforms,Intershop
E-commerce Platforms,JOOR
E-commerce Platforms,JTL-Shop 3
E-commerce Platforms,JTL-Shop
E-commerce Platforms,Jumpseller
E-commerce Platforms,Kalio
E-commerce Platforms,Kibo Commerce
E-commerce Platforms,KonaKart
E-commerce Platforms,LeafLink
E-commerce Platforms,Litium
E-commerce Platforms,Mad Mobile
E-commerce Platforms,Magento
E-commerce Platforms,Magento 1.7
E-commerce Platforms,Magento 1.8
E-commerce Platforms,Magento 1.9
E-commerce Platforms,Magento 2
E-commerce Platforms,Magento 2 Enterprise
E-commerce Platforms,Magento Enterprise
E-commerce Platforms,Magento Open Source
E-commerce Platforms,Mailchimp Stores
E-commerce Platforms,Marketlive
E-commerce Platforms,Microsoft Dynamics 365 Commerce
E-commerce Platforms,Miva
E-commerce Platforms,Mobify
E-commerce Platforms,Moneris Online
E-commerce Platforms,Mozu
E-commerce Platforms,MyCommerce
E-commerce Platforms,NCR Retail
E-commerce Platforms,Neto by Maropost
E-commerce Platforms,NetSuite E-commerce
E-commerce Platforms,NetSuite SuiteCommerce
E-commerce Platforms,NitroSell
E-commerce Platforms,NopCommerce
E-commerce Platforms,Nuvem Shop
E-commerce Platforms,OpenCart
E-commerce Platforms,Oracle Commerce
E-commerce Platforms,Oracle Commerce Cloud
E-commerce Platforms,Oscar ECommerce
E-commerce Platforms,osCommerce
E-commerce Platforms,Oxatis
E-commerce Platforms,Oxid
E-commerce Platforms,Oxid eShop
E-commerce Platforms,PINNACLE CART
E-commerce Platforms,Pixafy
E-commerce Platforms,Pixieset
E-commerce Platforms,PlentyMarkets
E-commerce Platforms,Premium Web Cart
E-commerce Platforms,PrestaShop
E-commerce Platforms,ProductCart
E-commerce Platforms,Prom.ua
E-commerce Platforms,React/node.js Storefront
E-commerce Platforms,Adobe Commerce
E-commerce Platforms,Salesforce Commerce Cloud
E-commerce Platforms,Salesforce Commerce Cloud SFRA
E-commerce Platforms,Salesforce Commerce for B2B
E-commerce Platforms,Salla
E-commerce Platforms,Sana Commerce Cloud
E-commerce Platforms,SAP Commerce Cloud
E-commerce Platforms,SAP Hybris B2B Commerce
E-commerce Platforms,SAP Spartacus
E-commerce Platforms,Selz
E-commerce Platforms,SendOwl
E-commerce Platforms,ShootProof
E-commerce Platforms,Shoper
E-commerce Platforms,Shopgate
E-commerce Platforms,Shopify
E-commerce Platforms,Shopify Custom
E-commerce Platforms,Shopify Developer Platform
E-commerce Platforms,Shopify Hydrogen
E-commerce Platforms,Shopify Plus
E-commerce Platforms,Shopify Professional
E-commerce Platforms,Shopify Unlimited
E-commerce Platforms,Shopp
E-commerce Platforms,Shoprocket
E-commerce Platforms,shopserve
E-commerce Platforms,ShopSite
E-commerce Platforms,ShopVisible
E-commerce Platforms,Shopware
E-commerce Platforms,SimpleCart
E-commerce Platforms,Sitecore Commerce
E-commerce Platforms,Snipcart
E-commerce Platforms,Spree
E-commerce Platforms,Spryker Cloud Commerce OS
E-commerce Platforms,Square Online
E-commerce Platforms,Squarespace ECommerce
E-commerce Platforms,Tictail
E-commerce Platforms,TouchNet U.Commerce
E-commerce Platforms,Ubercart
E-commerce Platforms,UltraCart
E-commerce Platforms,UniteU
E-commerce Platforms,Upshot Commerce
E-commerce Platforms,Venda
E-commerce Platforms,Virtuemart
E-commerce Platforms,Visualsoft
E-commerce Platforms,Volusion
E-commerce Platforms,Vtex
E-commerce Platforms,WebLinc
E-commerce Platforms,Woo Commerce
E-commerce Platforms,WP eCommerce
E-commerce Platforms,X-Cart
E-commerce Platforms,Xt-commerce
E-commerce Platforms,Yahoo Store
E-commerce Platforms,Zazzle
E-commerce Platforms,Zen Cart
E-commerce Platforms,Znode Storefront
E-commerce Platforms,Zoovy
E-commerce Platforms,2ClickShop
E-commerce Platforms,42stores
E-commerce Platforms,4Partners CMS
E-commerce Platforms,91App
E-commerce Platforms,Aacio
E-commerce Platforms,Aasaan
E-commerce Platforms,AbanteCart
E-commerce Platforms,Abicart
E-commerce Platforms,ABOUT YOU Commerce Suite
E-commerce Platforms,AceShop
E-commerce Platforms,Activ8 Commerce
E-commerce Platforms,Adevole
E-commerce Platforms,Advin
E-commerce Platforms,Aero Commerce
E-commerce Platforms,Afosto
E-commerce Platforms,AfterBuy
E-commerce Platforms,AIMEOS
E-commerce Platforms,Akilli Ticaret
E-commerce Platforms,Akinon
E-commerce Platforms,AkoCommerce
E-commerce Platforms,AlMatjar
E-commerce Platforms,Apanio
E-commerce Platforms,Aphix
E-commerce Platforms,AptusShop
E-commerce Platforms,Arastta
E-commerce Platforms,ARI Network Services
E-commerce Platforms,Askas
E-commerce Platforms,Aspin
E-commerce Platforms,ATSHOP
E-commerce Platforms,Azoya
E-commerce Platforms,Bagisto
E-commerce Platforms,bdok
E-commerce Platforms,Beeshop
E-commerce Platforms,BigCommerce B2B Edition
E-commerce Platforms,Bigshop
E-commerce Platforms,Bigware
E-commerce Platforms,Bikayi
E-commerce Platforms,Billgang
E-commerce Platforms,BMT Micro
E-commerce Platforms,Bootic
E-commerce Platforms,Bottle360
E-commerce Platforms,Boutir
E-commerce Platforms,Brink Commerce
E-commerce Platforms,Cart Functionality
E-commerce Platforms,Cart.com
E-commerce Platforms,Cartera
E-commerce Platforms,Cartpanda
E-commerce Platforms,CCV Shop
E-commerce Platforms,Centra
E-commerce Platforms,Checkout Champ
E-commerce Platforms,Clayful
E-commerce Platforms,CloudCart
E-commerce Platforms,Cloudfy
E-commerce Platforms,Cloudify.store
E-commerce Platforms,Cococart
E-commerce Platforms,Comarch e-Sklep
E-commerce Platforms,Comgem
E-commerce Platforms,CommentSold
E-commerce Platforms,Commerce Engine
E-commerce Platforms,Commerce Vision
E-commerce Platforms,Commerce.js
E-commerce Platforms,CommerceHQ
E-commerce Platforms,Commercio
E-commerce Platforms,Common Ground
E-commerce Platforms,Comms
E-commerce Platforms,Convertr
E-commerce Platforms,Corksy
E-commerce Platforms,Correos Ecommerce
E-commerce Platforms,Cosmoshop
E-commerce Platforms,Crealive
E-commerce Platforms,Crystallize
E-commerce Platforms,cStore
E-commerce Platforms,CYBERBIZ
E-commerce Platforms,DanDomain Webshop
E-commerce Platforms,DCKAP Commerce
E-commerce Platforms,Deco.cx
E-commerce Platforms,DigiFi
E-commerce Platforms,Digital Showroom
E-commerce Platforms,Direktonline
E-commerce Platforms,Divide
E-commerce Platforms,Dokan
E-commerce Platforms,Dooca
E-commerce Platforms,DotPe
E-commerce Platforms,Dotser
E-commerce Platforms,Drubbit
E-commerce Platforms,Drupal Commerce
E-commerce Platforms,Dukaan
E-commerce Platforms,Dukany
E-commerce Platforms,E-Com Plus
E-commerce Platforms,e-Shop Commerce
E-commerce Platforms,E37
E-commerce Platforms,Eaglecart
E-commerce Platforms,Easol
E-commerce Platforms,Easy Orders
E-commerce Platforms,EasyStore
E-commerce Platforms,eCaupo
E-commerce Platforms,ecbeing
E-commerce Platforms,EcForce
E-commerce Platforms,EcomCart
E-commerce Platforms,eComchain
E-commerce Platforms,Ecomz
E-commerce Platforms,eCShop
E-commerce Platforms,eDokan
E-commerce Platforms,Elcodi
E-commerce Platforms,Empretienda
E-commerce Platforms,Enabase
E-commerce Platforms,Ensi
E-commerce Platforms,Eticex
E-commerce Platforms,ewiz commerce
E-commerce Platforms,Exitshop
E-commerce Platforms,Fabric
E-commerce Platforms,Faire
E-commerce Platforms,FARFETCH Black & White
E-commerce Platforms,Farmakom
E-commerce Platforms,Fastcommerce
E-commerce Platforms,FatherShops
E-commerce Platforms,FieldStack Omni
E-commerce Platforms,Flipshop
E-commerce Platforms,Floranext
E-commerce Platforms,Florist Touch
E-commerce Platforms,Florist Window
E-commerce Platforms,Forie
E-commerce Platforms,ForoshGostar
E-commerce Platforms,Fortune3
E-commerce Platforms,Fourthwall
E-commerce Platforms,Foxy.io
E-commerce Platforms,Freemius
E-commerce Platforms,freewebstore
E-commerce Platforms,Freshop
E-commerce Platforms,Front-Commerce
E-commerce Platforms,FurnitureDealer
E-commerce Platforms,Future Shop
E-commerce Platforms,Fygaro
E-commerce Platforms,Fynd Platform
E-commerce Platforms,GaniPara
E-commerce Platforms,Gekosale
E-commerce Platforms,GEOvendas
E-commerce Platforms,GetCommerce
E-commerce Platforms,GetMeAShop
E-commerce Platforms,GoDaddy Online Store
E-commerce Platforms,Gomag
E-commerce Platforms,GoMage
E-commerce Platforms,GoodApps
E-commerce Platforms,GoodEshop
E-commerce Platforms,Goshly
E-commerce Platforms,GoVedia
E-commerce Platforms,GrandNode
E-commerce Platforms,GrocerKey
E-commerce Platforms,GrooveKart
E-commerce Platforms,Growing Good
E-commerce Platforms,Haravan
E-commerce Platforms,HighStore
E-commerce Platforms,Hit-Mall
E-commerce Platforms,HumCommerce
E-commerce Platforms,Hummerce
E-commerce Platforms,Ideasoft
E-commerce Platforms,IdoSell Shop
E-commerce Platforms,Ikas
E-commerce Platforms,Iluria
E-commerce Platforms,iMagaza
E-commerce Platforms,Imweb
E-commerce Platforms,InnoShop
E-commerce Platforms,Inveon
E-commerce Platforms,iPresta
E-commerce Platforms,Irroba
E-commerce Platforms,iSET
E-commerce Platforms,JET Enterprise
E-commerce Platforms,Jibres
E-commerce Platforms,JoomShopping
E-commerce Platforms,JShop
E-commerce Platforms,Justo
E-commerce Platforms,k-eCommerce
E-commerce Platforms,Kamva
E-commerce Platforms,KanzOboz
E-commerce Platforms,Kartify
E-commerce Platforms,Kartmax
E-commerce Platforms,Kartris
E-commerce Platforms,Keyvos
E-commerce Platforms,Kitcart
E-commerce Platforms,KMK
E-commerce Platforms,KobiMaster
E-commerce Platforms,Kooomo
E-commerce Platforms,KQS.store
E-commerce Platforms,Kssib
E-commerce Platforms,Kwipped
E-commerce Platforms,KYKLO
E-commerce Platforms,Lapis
E-commerce Platforms,Lazada
E-commerce Platforms,Leafly
E-commerce Platforms,Lightspeed eCom
E-commerce Platforms,LocalExpress
E-commerce Platforms,LogiCommerce
E-commerce Platforms,Loja Integrada
E-commerce Platforms,Loja Mestre
E-commerce Platforms,Loja Virtual
E-commerce Platforms,Loja2
E-commerce Platforms,Lojas Online CTT
E-commerce Platforms,Lovingly
E-commerce Platforms,Mabisy
E-commerce Platforms,Magazord
E-commerce Platforms,Maho
E-commerce Platforms,Makaira
E-commerce Platforms,Makane
E-commerce Platforms,MakeShop
E-commerce Platforms,Marcando
E-commerce Platforms,Matajer
E-commerce Platforms,Matjrah
E-commerce Platforms,Medoc
E-commerce Platforms,Medusajs
E-commerce Platforms,Mercado Shops
E-commerce Platforms,Merchello
E-commerce Platforms,Mginex
E-commerce Platforms,Miestro
E-commerce Platforms,Minted
E-commerce Platforms,Mixin
E-commerce Platforms,Modified
E-commerce Platforms,Modified eCommerce
E-commerce Platforms,Mondo Media
E-commerce Platforms,Moovin
E-commerce Platforms,MSAAQ
E-commerce Platforms,MSHOP
E-commerce Platforms,MyCashFlow
E-commerce Platforms,MyOnlineStore
E-commerce Platforms,MyPlay
E-commerce Platforms,Nacelle
E-commerce Platforms,NagaCommerce
E-commerce Platforms,NEO - Omnichannel Commerce Platform
E-commerce Platforms,Next Basket
E-commerce Platforms,Next Total
E-commerce Platforms,Nibiru Ecommerce
E-commerce Platforms,Nidux
E-commerce Platforms,Nimbu
E-commerce Platforms,Nody
E-commerce Platforms,Norce
E-commerce Platforms,novomind iSHOP
E-commerce Platforms,Ochanoko
E-commerce Platforms,ocStore
E-commerce Platforms,Offset
E-commerce Platforms,Oleoshop
E-commerce Platforms,OnShop
E-commerce Platforms,Open Classifieds
E-commerce Platforms,Open eShop
E-commerce Platforms,OpenTiendas
E-commerce Platforms,Optimizely Commerce
E-commerce Platforms,Orckestra
E-commerce Platforms,OrderCast
E-commerce Platforms,OrderMyGear
E-commerce Platforms,OrderPort
E-commerce Platforms,OrderYOYO
E-commerce Platforms,OroCommerce
E-commerce Platforms,oXyShop
E-commerce Platforms,Packman
E-commerce Platforms,Palbin
E-commerce Platforms,Parts Square
E-commerce Platforms,Parttrap ONE
E-commerce Platforms,Payhip
E-commerce Platforms,PeckaDesign Publicator
E-commerce Platforms,Peel
E-commerce Platforms,Phoenix Cart
E-commerce Platforms,PlatinMarket
E-commerce Platforms,PlentyONE
E-commerce Platforms,plentyShop LTS
E-commerce Platforms,Plotch
E-commerce Platforms,Plugo
E-commerce Platforms,Poshmark
E-commerce Platforms,Posify
E-commerce Platforms,Poski
E-commerce Platforms,Powerboutique
E-commerce Platforms,Powergap
E-commerce Platforms,Premmerce
E-commerce Platforms,Prima Software
E-commerce Platforms,Programia
E-commerce Platforms,Projesoft
E-commerce Platforms,Propcart
E-commerce Platforms,Proticaret
E-commerce Platforms,Qshop
E-commerce Platforms,Quick.Cart
E-commerce Platforms,Quickbutik
E-commerce Platforms,QuickSell
E-commerce Platforms,Rabfy
E-commerce Platforms,Raku-uru Cart
E-commerce Platforms,RandemRetail
E-commerce Platforms,Redicom
E-commerce Platforms,RedShop
E-commerce Platforms,RELOOP
E-commerce Platforms,Remarkable Commerce
E-commerce Platforms,Reserva INK
E-commerce Platforms,Retisio
E-commerce Platforms,Rewix
E-commerce Platforms,RMZ
E-commerce Platforms,RND
E-commerce Platforms,ROC Commerce
E-commerce Platforms,Rocketfy
E-commerce Platforms,RomanCart
E-commerce Platforms,Saleor
E-commerce Platforms,Salesnauts
E-commerce Platforms,Saly
E-commerce Platforms,SAP Upscale Commerce
E-commerce Platforms,Satu
E-commerce Platforms,Sazito
E-commerce Platforms,Scalefast
E-commerce Platforms,ScandiPWA
E-commerce Platforms,ScanNet Webshop
E-commerce Platforms,Scayle
E-commerce Platforms,SearchFit
E-commerce Platforms,Sellacious
E-commerce Platforms,SellBe
E-commerce Platforms,Selldone
E-commerce Platforms,Sellerdeck
E-commerce Platforms,SellersCommerce
E-commerce Platforms,Sellfy
E-commerce Platforms,Sellingo
E-commerce Platforms,SellSite
E-commerce Platforms,Sellwild
E-commerce Platforms,Selly
E-commerce Platforms,SEP Platform
E-commerce Platforms,Sharetribe
E-commerce Platforms,Shine Commerce
E-commerce Platforms,Shogun Frontend
E-commerce Platforms,Shoopy
E-commerce Platforms,Shop Application
E-commerce Platforms,Shopaholic
E-commerce Platforms,ShopBase
E-commerce Platforms,Shopblocks
E-commerce Platforms,Shopery
E-commerce Platforms,Shopfa
E-commerce Platforms,ShopFactory
E-commerce Platforms,ShopGold
E-commerce Platforms,Shopiteka
E-commerce Platforms,Shoplo
E-commerce Platforms,Shopmaker
E-commerce Platforms,Shopmatic
E-commerce Platforms,Shoporama
E-commerce Platforms,ShopPHP
E-commerce Platforms,Shoppiko
E-commerce Platforms,Shoppub
E-commerce Platforms,Shoppy
E-commerce Platforms,Shoprenter
E-commerce Platforms,Shoproller
E-commerce Platforms,ShopStyle
E-commerce Platforms,Shopsys
E-commerce Platforms,Shoptet
E-commerce Platforms,Shopthru
E-commerce Platforms,Shoptrader
E-commerce Platforms,ShopWired
E-commerce Platforms,ShopX
E-commerce Platforms,SIGE Loja
E-commerce Platforms,Simbel
E-commerce Platforms,Simple Goods
E-commerce Platforms,Simplo7
E-commerce Platforms,Sirclo
E-commerce Platforms,Sixshop
E-commerce Platforms,Sky-Shop
E-commerce Platforms,Smartstore
E-commerce Platforms,Smartstore biz
E-commerce Platforms,Smootify
E-commerce Platforms,SoftTr
E-commerce Platforms,Soldsie
E-commerce Platforms,Solidus
E-commerce Platforms,Solusquare OmniCommerce Cloud
E-commerce Platforms,Soocommerce
E-commerce Platforms,SoteShop
E-commerce Platforms,SpiritShop
E-commerce Platforms,Spring for creators
E-commerce Platforms,Squarespace Commerce
E-commerce Platforms,Storearmy
E-commerce Platforms,Storeden
E-commerce Platforms,Storefront
E-commerce Platforms,StoreHippo
E-commerce Platforms,Storeino
E-commerce Platforms,Storenvy
E-commerce Platforms,Storeplum
E-commerce Platforms,stores.jp
E-commerce Platforms,Storrea
E-commerce Platforms,Subbly
E-commerce Platforms,SummerCart
E-commerce Platforms,Sunshop
E-commerce Platforms,Swell
E-commerce Platforms,Sylius
E-commerce Platforms,T-Soft
E-commerce Platforms,T1 Paginas
E-commerce Platforms,TakeDrop
E-commerce Platforms,TakeTheme
E-commerce Platforms,Talex
E-commerce Platforms,Tauros Media
E-commerce Platforms,TeamSystem Commerce
E-commerce Platforms,Tebex
E-commerce Platforms,Textalk
E-commerce Platforms,THG Ingenuity
E-commerce Platforms,ThriveCart
E-commerce Platforms,Ticimax
E-commerce Platforms,Tiendy
E-commerce Platforms,Tiktak Pro
E-commerce Platforms,TomatoCart
E-commerce Platforms,Tossdown
E-commerce Platforms,TotalCode
E-commerce Platforms,TradePro
E-commerce Platforms,Tradift
E-commerce Platforms,Tray
E-commerce Platforms,Tribox Ecommerce
E-commerce Platforms,TRISOshop
E-commerce Platforms,Tritac Katana Commerce
E-commerce Platforms,Trove Recommerce
E-commerce Platforms,TrueCommerce
E-commerce Platforms,Ucommerce
E-commerce Platforms,Unbound Commerce
E-commerce Platforms,Unbox
E-commerce Platforms,Unchained Engine
E-commerce Platforms,Unilog
E-commerce Platforms,Upgates
E-commerce Platforms,Uvodo
E-commerce Platforms,Vendaecia
E-commerce Platforms,Vendio
E-commerce Platforms,VentasxMayor
E-commerce Platforms,Versa Commerce
E-commerce Platforms,ViArt Shop
E-commerce Platforms,vibecommerce
E-commerce Platforms,VikaOn
E-commerce Platforms,Vikreta
E-commerce Platforms,vinSUITE
E-commerce Platforms,Viskan
E-commerce Platforms,Vnda
E-commerce Platforms,Vondera
E-commerce Platforms,VP-ASP
E-commerce Platforms,Vrio
E-commerce Platforms,Vue Storefront
E-commerce Platforms,Wake
E-commerce Platforms,Wake Commerce
E-commerce Platforms,wap.store
E-commerce Platforms,Warp Store
E-commerce Platforms,Wave Commerce
E-commerce Platforms,Wazala
E-commerce Platforms,wBuy
E-commerce Platforms,Webareal
E-commerce Platforms,Webasyst Shop-Script
E-commerce Platforms,Webflow Ecommerce
E-commerce Platforms,Webx
E-commerce Platforms,Weezbe
E-commerce Platforms,Welcart
E-commerce Platforms,Whitelabel MD
E-commerce Platforms,Wikinggruppen
E-commerce Platforms,WineDirect
E-commerce Platforms,Wins eCommerce
E-commerce Platforms,Wix eCommerce
E-commerce Platforms,WiziShop
E-commerce Platforms,Workarea
E-commerce Platforms,Workstand
E-commerce Platforms,Wx3
E-commerce Platforms,Xanario
E-commerce Platforms,Xonic
E-commerce Platforms,Xretail
E-commerce Platforms,Yahoo! Ecommerce
E-commerce Platforms,Yampi Virtual store
E-commerce Platforms,Yell eCommerce
E-commerce Platforms,Yepcomm
E-commerce Platforms,Yoori
E-commerce Platforms,YouCan
E-commerce Platforms,Youzan
E-commerce Platforms,Yupop
E-commerce Platforms,Zad
E-commerce Platforms,Zammit
E-commerce Platforms,ZenBasket
E-commerce Platforms,Zenzzen
E-commerce Platforms,Zepio
E-commerce Platforms,Znode
E-commerce Platforms,Zoey
E-commerce Platforms,Zoho Commerce
E-commerce Platforms,Zola Planner
E-commerce Platforms,Zozo
E-commerce Platforms,BASE
E-commerce Platforms,Flow
E-commerce Platforms,Cartline
E-commerce Platforms,Prom
E-commerce Platforms,6Valley eCommerce CMS
E-commerce Platforms,Moguta.CMS
E-commerce Platforms,Paymenter
E-commerce Platforms,Proximis Unified Commerce
E-commerce Platforms,Rofofk
E-commerce Platforms,Shift4Shop
E-commerce Platforms,Shopistry
E-commerce Platforms,Thelia
E-commerce Platforms,pax8
E-commerce Platforms,Azure Marketplace
E-commerce Platforms,Taobao
E-commerce Platforms,E-junkie
E-commerce Platforms,Easy Digital Downloads
E-commerce Platforms,eBay Store
E-commerce Platforms,Etsy
E-commerce Platforms,Gambio
E-commerce Platforms,Gumroad
E-commerce Platforms,Handshake
E-commerce Platforms,HikaShop
E-commerce Platforms,J2store
E-commerce Platforms,Lightspeed Web Store
E-commerce Platforms,NuORDER
E-commerce Platforms,OneStop
E-commerce Platforms,Samcart
E-commerce Platforms,Symphony Commerce
E-commerce Platforms,Localised
E-commerce Platforms,Elopage
E-commerce Platforms,Pressero
E-commerce Platforms,Mirakl
E-commerce Platforms,ADAPT
E-commerce Platforms,Fry
E-commerce Platforms,Sapo
E-commerce Platforms,Nogin
E-commerce Platforms,nopStation
E-commerce Platforms,ProductDyno
E-commerce Platforms,T1 Comercios
E-commerce Platforms,Growcer
E-commerce Platforms,Google Play
E-commerce Platforms,PayKickStart
E-commerce Platforms,Proximis
E-commerce Tools,Barilliance
E-commerce Tools,Beeketing
E-commerce Tools,Bold Commerce
E-commerce Tools,Candid
E-commerce Tools,Channel Intelligence by Google
E-commerce Tools,ChannelAdvisor
E-commerce Tools,Google Trusted Stores
E-commerce Tools,HookLogic
E-commerce Tools,Lengow
E-commerce Tools,Lexity
E-commerce Tools,Mercent
E-commerce Tools,Norton Shopping Guarantee
E-commerce Tools,Quickbooks Commerce
E-commerce Tools,Site Vibes
E-commerce Tools,SociableLabs
E-commerce Tools,TheFind
E-commerce Tools,Walmart Shopify Integration
E-commerce Tools,Accentuate Custom Fields
E-commerce Tools,AdNabu
E-commerce Tools,AfterShip Returns Center
E-commerce Tools,Alia
E-commerce Tools,Avada AVASHIP
E-commerce Tools,Avada Boost Sales
E-commerce Tools,Avada Size Chart
E-commerce Tools,Back In Stock
E-commerce Tools,Beam AfterSell
E-commerce Tools,Beam OutSell
E-commerce Tools,Better Price
E-commerce Tools,Bogos
E-commerce Tools,Bold Bundles
E-commerce Tools,Bold Custom Pricing
E-commerce Tools,Bold Motivator
E-commerce Tools,Bold Product Options
E-commerce Tools,Bold Subscriptions
E-commerce Tools,Bold Upsell
E-commerce Tools,CareCart Sales Pop Up
E-commerce Tools,Carro
E-commerce Tools,Cartylabs
E-commerce Tools,CJDropshipping app
E-commerce Tools,Coin Currency Converter
E-commerce Tools,Conjured
E-commerce Tools,Conversio App
E-commerce Tools,Conversion Bear
E-commerce Tools,Covet.pics
E-commerce Tools,Cozy AntiTheft
E-commerce Tools,Delm
E-commerce Tools,Digismoothie Candy Rack
E-commerce Tools,Easy Hide PayPal
E-commerce Tools,Easy Redirects
E-commerce Tools,EasyGift
E-commerce Tools,Enlistly
E-commerce Tools,EraofEcom Cartroids
E-commerce Tools,EraofEcom MTL
E-commerce Tools,Exemptify
E-commerce Tools,Fast Bundle
E-commerce Tools,Flits
E-commerce Tools,Froonze
E-commerce Tools,Gist Giftship
E-commerce Tools,Global-e
E-commerce Tools,Globo Color Swatch
E-commerce Tools,Globo Pre-Order
E-commerce Tools,Glopal
E-commerce Tools,Govalo
E-commerce Tools,Helixo UFE
E-commerce Tools,Hextom Free Shipping Bar
E-commerce Tools,Hextom Ultimate Sales Boost
E-commerce Tools,HulkApps Age Verification
E-commerce Tools,In Cart Upsell & Cross-Sell
E-commerce Tools,Instafeed
E-commerce Tools,Kilatech
E-commerce Tools,Klip
E-commerce Tools,Loop Returns
E-commerce Tools,MinMaxify
E-commerce Tools,Obsidian Incentivize
E-commerce Tools,Order Deadline
E-commerce Tools,OrderLogic app
E-commerce Tools,Ordersify Product Alerts
E-commerce Tools,PickyStory
E-commerce Tools,Picture It
E-commerce Tools,PreProduct
E-commerce Tools,Product Personalizer
E-commerce Tools,Qikify
E-commerce Tools,ReConvert
E-commerce Tools,Refundid
E-commerce Tools,Releasit COD Form & Upsells
E-commerce Tools,Reserve In-Store
E-commerce Tools,Reshop
E-commerce Tools,Return Prime
E-commerce Tools,Returnflows
E-commerce Tools,ReturnGO
E-commerce Tools,Returnly
E-commerce Tools,Revy
E-commerce Tools,Secomapp
E-commerce Tools,Seel
E-commerce Tools,Seko OmniReturns
E-commerce Tools,Shopapps
E-commerce Tools,Shopify Buy Button
E-commerce Tools,Shopify Geolocation App
E-commerce Tools,ShopKeeper Tools
E-commerce Tools,ShopPad Infinite Options
E-commerce Tools,Simplio Upsells
E-commerce Tools,Sorted Return
E-commerce Tools,Spin-a-Sale
E-commerce Tools,Sweet Upsell
E-commerce Tools,Swym Wishlist Plus
E-commerce Tools,Tabarnapp
E-commerce Tools,Tada
E-commerce Tools,Tern
E-commerce Tools,TikShop
E-commerce Tools,Timesact
E-commerce Tools,Track123
E-commerce Tools,Trackify X
E-commerce Tools,Transcy
E-commerce Tools,Tyslo EasySell
E-commerce Tools,Video Greet
E-commerce Tools,Visely
E-commerce Tools,Visual Quiz Builder
E-commerce Tools,Vitals
E-commerce Tools,WideBundle
E-commerce Tools,Wishlist King
E-commerce Tools,WorldShopping
E-commerce Tools,YMQ Product Options Variant Option
E-commerce Tools,Yotpo Subscriptions
E-commerce Tools,Zakeke Visual Customizer
E-commerce Tools,Zalify
E-commerce Tools,ZendApps
E-commerce Tools,Zipify OCU
E-commerce Tools,Zipify Pages
E-commerce Tools,Zonos
E-commerce Tools,Radial
E-commerce Tools,Shop2Market
E-commerce Tools,Swagify
E-commerce Tools,Syndeca
E-commerce Tools,Dominate WooCommerce
E-commerce Tools,Price By Country
E-commerce Tools,Zakeke Interactive Product Designer
E-commerce Tools,BevyUp
E-commerce Tools,PriceGrabber
E-commerce Tools,Canal
E-commerce Tools,Shopify Collective
E-commerce Tools,DEAR Inventory
E-commerce Tools,Foursixty
E-commerce Tools,IBM Sterling Order Management
E-commerce Tools,Manhattan Active® Order Management
E-commerce Tools,Narvar
E-commerce Tools,Ordergroove
E-commerce Tools,Salesforce Order Management
E-commerce Tools,Tapcart
E-commerce Tools,Woo Commerce Memberships
E-commerce Tools,Adimo
E-commerce Tools,Aedi
E-commerce Tools,Amasty
E-commerce Tools,AppSell
E-commerce Tools,Artifi
E-commerce Tools,Avasam
E-commerce Tools,Awtomic
E-commerce Tools,Blackcart
E-commerce Tools,Bold Options
E-commerce Tools,CartPops
E-commerce Tools,CMoffer
E-commerce Tools,Composite Products
E-commerce Tools,Dealspotr
E-commerce Tools,Dotter
E-commerce Tools,Drinks
E-commerce Tools,EcomArtists
E-commerce Tools,Ecomtrack
E-commerce Tools,Feedonomics
E-commerce Tools,Fileflare
E-commerce Tools,FlexyPe
E-commerce Tools,Fresho
E-commerce Tools,Gelato
E-commerce Tools,GOb2b
E-commerce Tools,Grappos
E-commerce Tools,Identixweb iCart
E-commerce Tools,Importify
E-commerce Tools,Intiaro
E-commerce Tools,Itoris
E-commerce Tools,Kickflip
E-commerce Tools,Looksize
E-commerce Tools,Maker
E-commerce Tools,Metorik
E-commerce Tools,Monkcommerce
E-commerce Tools,Monto
E-commerce Tools,Moori
E-commerce Tools,Napps
E-commerce Tools,Novel
E-commerce Tools,Omega Commerce
E-commerce Tools,OneCommerce
E-commerce Tools,Peecho
E-commerce Tools,Platter
E-commerce Tools,PuppetVendors
E-commerce Tools,Qukasoft
E-commerce Tools,Radial Ecommerce
E-commerce Tools,Reaktion
E-commerce Tools,Salesbeat
E-commerce Tools,Sauce Social Commerce
E-commerce Tools,Sellbrite
E-commerce Tools,ShionImporter
E-commerce Tools,Shopatron
E-commerce Tools,Shopping Feed
E-commerce Tools,ShopStorm
E-commerce Tools,Show Recent Orders
E-commerce Tools,SidePanda
E-commerce Tools,Sky Pilot
E-commerce Tools,Socital
E-commerce Tools,SpeedEcom
E-commerce Tools,Spreadr
E-commerce Tools,Stay AI
E-commerce Tools,Subscrimia
E-commerce Tools,Swaven
E-commerce Tools,Synctrack
E-commerce Tools,UpsellPlus
E-commerce Tools,Vextras
E-commerce Tools,Vfinder
E-commerce Tools,Vop
E-commerce Tools,Wholesale Suite
E-commerce Tools,Yopify
E-commerce Tools,Zapiet
E-commerce Tools,Zestard
E-commerce Tools,Ziadah
E-commerce Tools,Zoorix
E-commerce Tools,KaliCart Bridge
E-commerce Tools,GoodAPI
E-commerce Tools,Growave
E-commerce Tools,Kamozi
E-commerce Tools,Videoly
E-commerce Tools,Clyde
E-commerce Tools,Buy with Prime
E-commerce Tools,Cylindo
E-commerce Tools,DressOn
E-commerce Tools,Expivi
E-commerce Tools,Fittingbox
E-commerce Tools,Emplifi UGC
E-commerce Tools,eNamad
E-commerce Tools,Klaviyo Customer Hub
E-commerce Tools,Luna
E-commerce Tools,Miappi
E-commerce Tools,ModiFace
E-commerce Tools,Recurate
E-commerce Tools,Thridify
E-commerce Tools,Virtooal
E-commerce Tools,YouCam Makeup
E-commerce Tools,SkyVerge
E-commerce Tools,Darwin Pricing
E-commerce Tools,Customily
E-commerce Tools,HulkApps Infinite Product Options
E-commerce Tools,Lumise
E-commerce Tools,Printlane
E-commerce Tools,Qstomizer
E-commerce Tools,Teeinblue
E-commerce Tools,HONESTe Online
E-commerce Tools,authorized.by
E-commerce Tools,Corso
E-commerce Tools,VeraCore
E-commerce Tools,Waaship
E-commerce Tools,CartBot
E-commerce Tools,CartHook
E-commerce Tools,Curalate
E-commerce Tools,Babylist
E-commerce Tools,Buyee
E-commerce Tools,Cloverly
E-commerce Tools,Daily Deals
E-commerce Tools,DailyKarma
E-commerce Tools,GoCertify
E-commerce Tools,Priice
E-commerce Tools,ShoppingGives
E-commerce Tools,SpurIT
E-commerce Tools,Squadded
E-commerce Tools,Wowee
Education Management Software,12Twenty
Education Management Software,AAHA Accredited
Education Management Software,Absorb
Education Management Software,Achieve3000
Education Management Software,ACT WorkKeys
Education Management Software,Active Network (Active Educate)
Education Management Software,Adobe Captivate
Education Management Software,Aeries
Education Management Software,ANGEL LMS
Education Management Software,Anthology Reach
Education Management Software,Articulate 360
Education Management Software,Articulate Storyline 3
Education Management Software,Articulate Storyline 360
Education Management Software,Aspen SIS
Education Management Software,Blackbaud Award Management
Education Management Software,Blackboard
Education Management Software,Blackboard Learn
Education Management Software,brightwheel
Education Management Software,Campminder
Education Management Software,Campus Management
Education Management Software,CampusLogic
Education Management Software,Canvas LMS
Education Management Software,Capita-SIMS
Education Management Software,Cayuse
Education Management Software,CBORD
Education Management Software,Champions Way
Education Management Software,ClassDojo
Education Management Software,Coursedog
Education Management Software,CourseLeaf
Education Management Software,Coursera
Education Management Software,CourseSites by Blackboard
Education Management Software,Credly
Education Management Software,D2L Brightspace
Education Management Software,DataCamp
Education Management Software,Digarc
Education Management Software,DonorsChoose
Education Management Software,EAB Navigate
Education Management Software,Echo 360
Education Management Software,Edupoint
Education Management Software,edX
Education Management Software,ELB Learning
Education Management Software,Ellucian
Education Management Software,Ellucian Banner Finance
Education Management Software,Ellucian Banner Student
Education Management Software,Ellucian Colleague Finance
Education Management Software,Ellucian Colleague Financial Aid
Education Management Software,Ellucian Colleague Student
Education Management Software,Ellucian Degree Works
Education Management Software,Ellucian Ethos
Education Management Software,Ellucian PowerCampus Financial Aid
Education Management Software,Ellucian SIS
Education Management Software,Elucidat
Education Management Software,Thought Industries
Education Management Software,ExamSoft
Education Management Software,FACTS SIS
Education Management Software,Focus School Software
Education Management Software,Follett
Education Management Software,GiveCampus
Education Management Software,GoGuardian Teacher
Education Management Software,Google Classroom
Education Management Software,Google for Education
Education Management Software,Gradescope
Education Management Software,Graduway
Education Management Software,Haiku Learning
Education Management Software,Hobsons
Education Management Software,HP Classroom Manager
Education Management Software,ILIAS
Education Management Software,Imagine Edgenuity
Education Management Software,Imagine Language & Literacy
Education Management Software,Imagine Learning EL Education
Education Management Software,Infinite Campus
Education Management Software,i-Ready Assessments
Education Management Software,i-Ready Learning
Education Management Software,iSpring Suite
Education Management Software,Its Learning LMS
Education Management Software,IXL
Education Management Software,Kahoot!
Education Management Software,LinkedIn Learning
Education Management Software,MindTap
Education Management Software,Modern Campus Campus Destiny One
Education Management Software,Moodle
Education Management Software,MyBigCampus
Education Management Software,Nearpod
Education Management Software,Newsela
Education Management Software,Open edX
Education Management Software,ParentSquare
Education Management Software,Pearson MyMathLab
Education Management Software,Pearson VUE ExamDeveloper
Education Management Software,PeopleGrove
Education Management Software,PeopleSoft Campus Solutions
Education Management Software,Pluralsight Skills
Education Management Software,Populi
Education Management Software,Procare Solutions
Education Management Software,Quizizz
Education Management Software,Rediker
Education Management Software,Renaissance Accelerated Reader
Education Management Software,REnWeb
Education Management Software,Rosetta Stone
Education Management Software,Sakai
Education Management Software,Salesforce Education Cloud
Education Management Software,Schoology
Education Management Software,Senior Systems
Education Management Software,Skilljar Customer Education Platform
Education Management Software,Skyward
Education Management Software,Slate by Technolutions
Education Management Software,StudyWiz
Education Management Software,SunGard K12 eSchool Plus
Education Management Software,Tegrity
Education Management Software,Top Hat
Education Management Software,TOTVS Educacional
Education Management Software,Trailhead
Education Management Software,Veracross
Education Management Software,VETtrak
Education Management Software,WebAssign
Education Management Software,Workday Student Financials
Education Management Software,AccessAlly
Education Management Software,Aforest LMS
Education Management Software,aSc EduPage
Education Management Software,Chamilo
Education Management Software,Classeh
Education Management Software,Coachy
Education Management Software,Dokeos
Education Management Software,EAD Plataforma
Education Management Software,eChalk
Education Management Software,Edmingle
Education Management Software,Edwiser Bridge
Education Management Software,Enrollware
Education Management Software,Famly
Education Management Software,Forento
Education Management Software,Gurucan
Education Management Software,Heights Platform
Education Management Software,Huddle
Education Management Software,Inso
Education Management Software,IrisLMS
Education Management Software,KAMAR
Education Management Software,Kiwify
Education Management Software,Learnbase
Education Management Software,LearnyBox
Education Management Software,LightSpeed VT
Education Management Software,Maestrus
Education Management Software,Masteriyo
Education Management Software,Mastery Manager
Education Management Software,Mexty
Education Management Software,Noodle Factory
Education Management Software,Opigno LMS
Education Management Software,Parentapps
Education Management Software,Peachie
Education Management Software,PRONOTE
Education Management Software,School Kiwi
Education Management Software,Tutor LMS
Education Management Software,TutorCruncher
Education Management Software,VClasses
Education Management Software,Voomly
Education Management Software,Yo!Coach
Education Management Software,Zenler
Education Management Software,Ziber
Education Management Software,Ad Astra
Education Management Software,GeoGebra
Education Management Software,Acceptd
Education Management Software,Learnworlds
Education Management Software,Podia
Education Management Software,Teachable
Education Management Software,Edlio
Education Management Software,rSchoolToday
Education Management Software,Skolengo
Education Management Software,Sotel
Education Management Software,ThimPress Course Review
Education Management Software,ThimPress Course Wishlist
Education Management Software,ThimPress Gradebook
Education Management Software,ThimPress LearnPress
Education Management Software,Thrillshare
Education Management Software,Thrive Apprentice
Education Management Software,WP Courseware
Education Management Software,GoToTraining
Education Management Software,NoPaperForms
Education Management Software,Thinkific
Education Management Software,Ellucian PowerCampus
Education Management Software,iSAMS
Education Management Software,Jenzabar One
Education Management Software,Workday Student
Education Management Software,Questionmark
Education Management Software,Respondus Monitor
Education Management Software,InnoSoft Fusion
Education Management Software,Learnable
Education Management Software,PowerSchool
Education Management Software,Spayee
Education Management Software,Starfish
Education Management Software,Accredible
Education Management Software,Watermark
Education Management Software,Freedom Farmers
Education Management Software,DreamApply
Education Management Software,Adobe Presenter
Education Management Software,Kajabi
Education Management Software,LearnDash
Education Management Software,LifterLMS
Email Delivery,Amazon SES
Email Delivery,Amazon Simple Email Service
Email Delivery,CritSend
Email Delivery,DynECT
Email Delivery,ElasticEmail
Email Delivery,HandySends SendGrid Email API
Email Delivery,Mailchimp Mandrill
Email Delivery,Mailgun
Email Delivery,MailJet
Email Delivery,Mailtrap
Email Delivery,MessageBus
Email Delivery,MySMTP
Email Delivery,Oracle SPF
Email Delivery,PostageApp
Email Delivery,Postmark
Email Delivery,Sendgrid
Email Delivery,SMTP.com
Email Delivery,SocketLabs
Email Delivery,SparkPost
Email Delivery,TurboSMTP
Email Delivery,Twilio SendGrid Email API
Email Delivery,EmailJS
Email Delivery,SmtpJS
Email Delivery,Xverify
Email Delivery,MailChannels
Email Delivery,smtp2go
Email Delivery,mailersend
Email Delivery,improvmx
Email Marketing,validity
Email Marketing,mailigen
Email Marketing,unisender
Email Marketing,sarbacane
Email Marketing,Adestra
Email Marketing,AWeber
Email Marketing,Benchmark Email
Email Marketing,Biz Wizard
Email Marketing,Bluehornet
Email Marketing,BombBomb
Email Marketing,Brevo
Email Marketing,Bronto
Email Marketing,CakeMail
Email Marketing,Campaigner
Email Marketing,CampaignMonitor
Email Marketing,Carma Mail
Email Marketing,CheetahMail
Email Marketing,CleverReach
Email Marketing,Communicator
Email Marketing,Constant Contact
Email Marketing,Convertkit
Email Marketing,Critical Impact
Email Marketing,Cyberimpact
Email Marketing,Delivra
Email Marketing,Doppler
Email Marketing,ECircle
Email Marketing,EmailDirect
Email Marketing,Emma
Email Marketing,Everlytic
Email Marketing,Exclaimer
Email Marketing,FanBridge
Email Marketing,Fishbowl
Email Marketing,Flexmail
Email Marketing,Flodesk
Email Marketing,Get-a-newsletter
Email Marketing,GetResponse
Email Marketing,GMass
Email Marketing,Graphicmail
Email Marketing,iContact
Email Marketing,JangoMail
Email Marketing,Klaviyo
Email Marketing,Knak
Email Marketing,Liveclicker
Email Marketing,Lyris
Email Marketing,Mad Mimi
Email Marketing,MailChimp
Email Marketing,Maildirect.se
Email Marketing,MailerLite
Email Marketing,MailUp
Email Marketing,Maropost
Email Marketing,Moosend
Email Marketing,Movable Ink
Email Marketing,MultiNet
Email Marketing,Predictive Response
Email Marketing,Pure360
Email Marketing,Robly
Email Marketing,Rocketseed
Email Marketing,Salesforce Email Studio
Email Marketing,Sare
Email Marketing,Sendloop
Email Marketing,SendPulse
Email Marketing,SmartFocus
Email Marketing,Square Marketing
Email Marketing,Stream Send
Email Marketing,Stripo.email
Email Marketing,Symprex Email Signature Manager
Email Marketing,Twilio SendGrid Email Marketing Campaigns
Email Marketing,Vero
Email Marketing,VerticalResponse
Email Marketing,Vision6
Email Marketing,WhatCounts / Publicaster
Email Marketing,Xink
Email Marketing,YesMail
Email Marketing,Zoho Campaigns
Email Marketing,BIGLIST
Email Marketing,Clearout
Email Marketing,Emaileri
Email Marketing,Envoke
Email Marketing,iEntry
Email Marketing,INBOX
Email Marketing,MageMail
Email Marketing,Mailercloud
Email Marketing,Mailman
Email Marketing,Selzy
Email Marketing,Sendtex
Email Marketing,SmartEmailing
Email Marketing,Curated
Email Marketing,Beehiiv
Email Marketing,Chimpmatic
Email Marketing,Creativ.eMail
Email Marketing,Doppler for WooCommerce
Email Marketing,MailChimp for WooCommerce
Email Marketing,MailChimp for WordPress
Email Marketing,MailerLite plugin
Email Marketing,Return Path
Email Marketing,Sender
Email Marketing,Marketingmatic
Email Marketing,Spotler Mail+
Email Marketing,COCON
Email Marketing,Loops
Email Marketing,SendX
Email Marketing,Smaily
Email Marketing,SqualoMail
Email Marketing,tinyAlbert
Email Marketing,Litmus
Email Marketing,BEE Pro
Email Marketing,Sequence Monitor SPF
Email Marketing,Beehiiv RSS feed
Email Marketing,MailOptin
Email Providers,Tencent Exmail
Email Providers,OpenSRS
Email Providers,Namecheap Private Email
Email Providers,Fastmail
Email Providers,Alibaba Cloud Mail
Email Providers,NetEase Enterprise Mail
Email Providers,Mail.ru
Email Providers,Neo business email
Email Providers,mailbox.org
Email Providers,soverin
Email Providers,Appriver
Email Providers,Atmail
Email Providers,Ceryx
Email Providers,Gmail
Email Providers,GMX
Email Providers,Horde
Email Providers,Hotmail
Email Providers,Hushmail
Email Providers,Inbox.com
Email Providers,Lavabit
Email Providers,Microsoft Email Providers
Email Providers,Microsoft Exchange Online
Email Providers,Oracle Email Server
Email Providers,Outlook
Email Providers,Rackspace Email
Email Providers,Roundcube Email
Email Providers,SquirrelMail
Email Providers,Webmail
Email Providers,Yahoo Mail
Email Providers,Yandex Mail
Email Providers,CrossBox
Email Providers,Open-Xchange App Suite
Email Providers,Outlook Web App
Email Providers,Proton Mail
Email Providers,RainLoop
Email Providers,Microsoft Exchange
Email Providers,Microsoft Exchange Server 2003
Email Providers,Rackspace Reseller
Email Providers,EnGuard
Email Providers,MDaemon Email Server
Email Providers,OpenText GroupWise
Email Providers,Zimbra Collaboration
Email Providers,Zoho Mail
Email Providers,Kerio Connect
Email Providers,Microsoft Exchange 2007
Email Providers,Microsoft Exchange Server 2010
Email Providers,Microsoft Exchange Server 2013
Email Providers,Microsoft Exchange Server 2016
Email Providers,Microsoft Exchange Server 2019
Email Providers,20i StackMail
Email Providers,TransIP Email
Email Providers,Beget hosting mail
Email Providers,Titan
Event Management,ActiveNetwork
Event Management,AddEvent
Event Management,Airmeet - Virtual Events & Webinar Platform
Event Management,AllSeated
Event Management,Aventri
Event Management,Bandsintown
Event Management,BigMarker
Event Management,Bizzabo
Event Management,Blackthorn Events
Event Management,Brown Paper Tickets
Event Management,BusyConf
Event Management,Centium Software
Event Management,Certain Software
Event Management,CompuSystems
Event Management,Cvent
Event Management,Cvent Event Marketing & Management
Event Management,Cvent Registration
Event Management,Cvent Studio
Event Management,ePly Events
Event Management,Etix
Event Management,Event Espresso
Event Management,Eventbrite
Event Management,Experient
Event Management,Expotracker
Event Management,GivePulse
Event Management,Goldcast
Event Management,Info Salons
Event Management,iVvy
Event Management,Localist
Event Management,Paciolan
Event Management,PheedLoop
Event Management,RegOnline
Event Management,Regpacks
Event Management,See Tickets
Event Management,ShowClix
Event Management,SignUp4
Event Management,Social Tables
Event Management,Spektrix
Event Management,SportNgin
Event Management,Swapcard
Event Management,Swoogo
Event Management,Ticket Spice
Event Management,Ticket Tailor
Event Management,TicketLeap
Event Management,Ticketmaster
Event Management,TicketWeb
Event Management,Trumba
Event Management,Ungerboeck
Event Management,vFairs
Event Management,Weezevent
Event Management,Whova
Event Management,Zoom Events
Event Management,Beyonk
Event Management,Bileto
Event Management,Cooltix
Event Management,Droplabs
Event Management,EzTix
Event Management,Fatsoma
Event Management,Fever
Event Management,Full On Sport
Event Management,Gevme
Event Management,Haku
Event Management,HoldMyTicket
Event Management,InEvent
Event Management,KKTIX
Event Management,Luma
Event Management,OpTuNE
Event Management,Planne
Event Management,Planning Pod
Event Management,PromoTix
Event Management,Race Roster
Event Management,Seated
Event Management,SquadUP
Event Management,Tickera
Event Management,Ticketbro
Event Management,Ticketmeo
Event Management,Ticketure
Event Management,Timepad
Event Management,Tix
Event Management,Splash
Event Management,Checkin
Event Management,SpeedRFP
Event Management,A2Z Events
Event Management,BookBanket
Event Management,ClassCreator
Event Management,Eventlink
Event Management,Evvnt
Event Management,Momice
Event Management,Sched
Event Management,Enjore
Event Management,Indico
Event Management,Infront
Event Management,The Events Calendar
Event Management,TN Express Web
Event Management,Hopin
Event Management,LEVERADE
Event Management,Accesso
Event Management,Vivenu
Event Management,CampBrain
Event Management,Cvent Meeting Management
Event Management,Campflow
Event Management,Tito
Event Management,HeySummit
Event Management,Informa Markets
Event Management,A2Z Inc
Event Management,Arlo
Event Management,Dice
Event Management,FamilyID
Event Management,Tessitura
Event Management,Line-Up
Event Management,Yapla
Event Management,Brighttalk
Event Management,Demio
Event Management,GoToWebinar
Event Management,Hubilo
Event Management,Livestorm
Event Management,ON24
Event Management,WebinarJam
Event Management,Zoom Webinar
Event Management,Zuddl
Event Management,BandsInTown Events Widget
Event Management,MICE Operations
Field Service Management,ArcGIS Workforce
Field Service Management,AroFlo
Field Service Management,Corrigo
Field Service Management,Dynamics 365 Field Service
Field Service Management,eMaint CMMS
Field Service Management,Fiix CMMS
Field Service Management,Housecall Pro
Field Service Management,IBM Maximo
Field Service Management,Jobber
Field Service Management,Limble
Field Service Management,MaintainX
Field Service Management,MEX Maintenance Software
Field Service Management,MicroMain CMMS
Field Service Management,MPulse Maintenance Software
Field Service Management,Oracle Field Service
Field Service Management,Praxedo
Field Service Management,Salesforce Field Service
Field Service Management,SAP Field Service Management
Field Service Management,ServiceM8
Field Service Management,ServiceMax
Field Service Management,ServiceNow Field Service Management
Field Service Management,ServiceTitan
Field Service Management,Simpro
Field Service Management,Tesseract
Field Service Management,Fullbay
Field Service Management,Plannit
Field Service Management,ServiceCore
Field Service Management,SchoolDude
Field Service Management,GE Meridium
Field Service Management,Aras MRO
Field Service Management,HxGN EAM
Field Service Management,Nuvolo Connected Workplace
Field Service Management,SAP Asset Performance Management
Field Service Management,Oracle Enterprise Asset Management
Field Service Management,SAP Enterprise Asset Management
Field Service Management,Cartegraph
Field Service Management,Cityworks
Field Service Management,Maintenance Connection
Field Service Management,SAP Work Manager
Field Service Management,Caliso Calibration Toolbox ADO
Field Service Management,EMaint
Field Service Management,FleetWise VB
Field Service Management,Fracttal One
Field Service Management,GAGEpack
Field Service Management,GAGEtrak Calibration Management Software
Field Service Management,Mainsaver
Field Service Management,MapTrack
Field Service Management,MoverBase
Field Service Management,Porch
Field Service Management,Sedna System
Field Service Management,FacilitySource
Field Service Management,mHelpDesk
Fonts,Adobe Edge
Fonts,Adobe Fonts
Fonts,Beautiful
Fonts,Cufon
Fonts,FontDeck
Fonts,Fonts.com
Fonts,Google Font API
Fonts,Bootstrap Icons
Fonts,Bunny Fonts
Fonts,Font Awesome
Fonts,FontServer
Fonts,Fork Awesome
Fonts,Glyphicons
Fonts,Hoefler&Co
Fonts,i30con
Fonts,Ionicons
Fonts,Lucide
Fonts,MyFonts
Fonts,sIFR
Fonts,Symbolset
Fonts,Twitter Emoji
Fonts,Custom Fonts
Fonts,Fontify
Fonts,IconScout
Food Ordering Services,1001menus
Food Ordering Services,BeyondMenu
Food Ordering Services,Brygid
Food Ordering Services,Caviar
Food Ordering Services,Deliveroo  for Partners
Food Ordering Services,DoorDash
Food Ordering Services,DoorDash for Merchants
Food Ordering Services,GrubHub
Food Ordering Services,GrubHub for Restaurants
Food Ordering Services,iFood
Food Ordering Services,MyPizza.com
Food Ordering Services,Olo
Food Ordering Services,OrderAhead
Food Ordering Services,OrderingOnline
Food Ordering Services,Seamless Web
Food Ordering Services,Zenchef
Food Ordering Services,Ordering
Food Ordering Services,PizzaNetz
Food Ordering Services,eZCater
Food Ordering Services,Happy Meal Prep
Food Ordering Services,Chinese Menu Online
Food Ordering Services,Menufy Website
Food Ordering Services,Crunchtime
Food Ordering Services,Bobonus
Food Ordering Services,Bottle
Food Ordering Services,Clorder
Food Ordering Services,Eatself
Food Ordering Services,EatStreet
Food Ordering Services,Fleksa
Food Ordering Services,Flipdish
Food Ordering Services,FoodBooking
Food Ordering Services,Foodomaa
Food Ordering Services,Lumit
Food Ordering Services,Menufy Online Ordering
Food Ordering Services,Menuu
Food Ordering Services,Oddle
Food Ordering Services,Typo 00
Food Ordering Services,Zuppler
Food Ordering Services,OkMenu
Frameworks and Programming Languages,Adobe ColdFusion (2021 Release) Ubuntu Linux
Frameworks and Programming Languages,Adobe PhoneGap
Frameworks and Programming Languages,Akka
Frameworks and Programming Languages,Angular
Frameworks and Programming Languages,AngularJS
Frameworks and Programming Languages,AngularJS 1.2.20
Frameworks and Programming Languages,AngularJS 1.3.0 Beta
Frameworks and Programming Languages,Apache Commons
Frameworks and Programming Languages,Apache Cordova
Frameworks and Programming Languages,Apache Dubbo
Frameworks and Programming Languages,Apache Flex
Frameworks and Programming Languages,Apache FreeMarker
Frameworks and Programming Languages,Apache log4j
Frameworks and Programming Languages,Apache Log4j 2
Frameworks and Programming Languages,Apache POI
Frameworks and Programming Languages,Apache Struts
Frameworks and Programming Languages,Apache Tapestry
Frameworks and Programming Languages,Apache Wicket
Frameworks and Programming Languages,Apollo
Frameworks and Programming Languages,Appcelerator
Frameworks and Programming Languages,ARKit
Frameworks and Programming Languages,ASP.NET
Frameworks and Programming Languages,Axon Framework
Frameworks and Programming Languages,Bicep
Frameworks and Programming Languages,Blazor
Frameworks and Programming Languages,Caffe
Frameworks and Programming Languages,Caffe2
Frameworks and Programming Languages,CakePHP
Frameworks and Programming Languages,Clojure
Frameworks and Programming Languages,Cocoa
Frameworks and Programming Languages,Cocos2d
Frameworks and Programming Languages,Cocos2d-X
Frameworks and Programming Languages,Cocos Creator
Frameworks and Programming Languages,CodeIgniter
Frameworks and Programming Languages,Dagger
Frameworks and Programming Languages,Dart
Frameworks and Programming Languages,Delphi
Frameworks and Programming Languages,Detectron2
Frameworks and Programming Languages,DevExpress
Frameworks and Programming Languages,Django
Frameworks and Programming Languages,Django Language
Frameworks and Programming Languages,Docking & MDI for WPF
Frameworks and Programming Languages,Eclipse Jersey
Frameworks and Programming Languages,Eclipse Vert.x
Frameworks and Programming Languages,Electron
Frameworks and Programming Languages,Elixir
Frameworks and Programming Languages,ember.js
Frameworks and Programming Languages,Enterprise JavaBeans
Frameworks and Programming Languages,Expo
Frameworks and Programming Languages,Express
Frameworks and Programming Languages,Fastapi
Frameworks and Programming Languages,Flame
Frameworks and Programming Languages,Flask
Frameworks and Programming Languages,Flutter
Frameworks and Programming Languages,Framework7
Frameworks and Programming Languages,Gensim
Frameworks and Programming Languages,Godot Engine
Frameworks and Programming Languages,Google Guava
Frameworks and Programming Languages,Google Guice
Frameworks and Programming Languages,GraalVM
Frameworks and Programming Languages,Groovy
Frameworks and Programming Languages,Groovy Web
Frameworks and Programming Languages,GWT - Google Web Toolkit
Frameworks and Programming Languages,Horovod
Frameworks and Programming Languages,Houdini
Frameworks and Programming Languages,Ionic
Frameworks and Programming Languages,iOS SDK
Frameworks and Programming Languages,J2EE
Frameworks and Programming Languages,Jakarta EE
Frameworks and Programming Languages,JAX
Frameworks and Programming Languages,JBoss Seam Framework
Frameworks and Programming Languages,Jython
Frameworks and Programming Languages,Keras
Frameworks and Programming Languages,Koalas
Frameworks and Programming Languages,Laminas
Frameworks and Programming Languages,Laravel
Frameworks and Programming Languages,Linq
Frameworks and Programming Languages,Lua
Frameworks and Programming Languages,matplotlib
Frameworks and Programming Languages,MAUI
Frameworks and Programming Languages,MediaPipe
Frameworks and Programming Languages,Meteor
Frameworks and Programming Languages,Microsoft DirectX
Frameworks and Programming Languages,Microsoft Entity Framework
Frameworks and Programming Languages,Microsoft .NET 7.0
Frameworks and Programming Languages,Microsoft Silverlight
Frameworks and Programming Languages,Microsoft VBScript
Frameworks and Programming Languages,Microsoft Windows Workflow Foundation
Frameworks and Programming Languages,MRTK
Frameworks and Programming Languages,Nestjs
Frameworks and Programming Languages,.NET
Frameworks and Programming Languages,Next.js
Frameworks and Programming Languages,NLTK
Frameworks and Programming Languages,NumPy
Frameworks and Programming Languages,Nuxtjs
Frameworks and Programming Languages,NVIDIA CUDA
Frameworks and Programming Languages,NVIDIA CUDA GL
Frameworks and Programming Languages,OpenCV
Frameworks and Programming Languages,OpenJDK
Frameworks and Programming Languages,openNLP
Frameworks and Programming Languages,Oracle ADF Faces
Frameworks and Programming Languages,Oracle Java Card
Frameworks and Programming Languages,Oracle Java SE
Frameworks and Programming Languages,Oracle Java SE 17
Frameworks and Programming Languages,PaddlePaddle
Frameworks and Programming Languages,pandas
Frameworks and Programming Languages,Perl
Frameworks and Programming Languages,Phaser
Frameworks and Programming Languages,PHP
Frameworks and Programming Languages,PHP 5.3
Frameworks and Programming Languages,Play Framework
Frameworks and Programming Languages,PlayCanvas
Frameworks and Programming Languages,Pyramid
Frameworks and Programming Languages,PySpark
Frameworks and Programming Languages,Python
Frameworks and Programming Languages,Python 2.4
Frameworks and Programming Languages,Python 2.5
Frameworks and Programming Languages,Python 2.6
Frameworks and Programming Languages,Python 2.7
Frameworks and Programming Languages,Python 3.0
Frameworks and Programming Languages,Python 3.1
Frameworks and Programming Languages,Python 3.2
Frameworks and Programming Languages,Python 3.3
Frameworks and Programming Languages,Python 3.4
Frameworks and Programming Languages,Python 3.5
Frameworks and Programming Languages,Python 3.6
Frameworks and Programming Languages,Python 3.7
Frameworks and Programming Languages,Python 3.8
Frameworks and Programming Languages,python celery
Frameworks and Programming Languages,PyTorch Lightning
Frameworks and Programming Languages,Qt
Frameworks and Programming Languages,RAML
Frameworks and Programming Languages,Remix
Frameworks and Programming Languages,requests
Frameworks and Programming Languages,Ruby On Rails
Frameworks and Programming Languages,Samsung GALAXY SDK
Frameworks and Programming Languages,Scala
Frameworks and Programming Languages,Microsoft.net
Frameworks and Programming Languages,C#
Frameworks and Programming Languages,Go Framework
Frameworks and Programming Languages,scikit-learn
Frameworks and Programming Languages,Scipy
Frameworks and Programming Languages,SentenceTransformers
Frameworks and Programming Languages,Serenity
Frameworks and Programming Languages,Shiny
Frameworks and Programming Languages,React Native
Frameworks and Programming Languages,Node.js
Frameworks and Programming Languages,SOQL
Frameworks and Programming Languages,spaCy
Frameworks and Programming Languages,Spring
Frameworks and Programming Languages,Spring Boot
Frameworks and Programming Languages,Streamlit
Frameworks and Programming Languages,StrongLoop
Frameworks and Programming Languages,Symfony
Frameworks and Programming Languages,TensorFlow
Frameworks and Programming Languages,tf.data
Frameworks and Programming Languages,TypeScript
Frameworks and Programming Languages,Unity
Frameworks and Programming Languages,Vaadin
Frameworks and Programming Languages,Vector
Frameworks and Programming Languages,WCF
Frameworks and Programming Languages,Xamarin
Frameworks and Programming Languages,F#
Frameworks and Programming Languages,ABP Framework
Frameworks and Programming Languages,actionhero.js
Frameworks and Programming Languages,AdonisJS
Frameworks and Programming Languages,Ajax.NET Professional
Frameworks and Programming Languages,Akka HTTP
Frameworks and Programming Languages,Alpine.js
Frameworks and Programming Languages,AngularDart
Frameworks and Programming Languages,Aseqbase
Frameworks and Programming Languages,ASP.NET Boilerplate
Frameworks and Programming Languages,Astro
Frameworks and Programming Languages,Aurelia
Frameworks and Programming Languages,Batman.js
Frameworks and Programming Languages,Blade
Frameworks and Programming Languages,Blitz.js
Frameworks and Programming Languages,Bool TypeScript
Frameworks and Programming Languages,Bridgetown
Frameworks and Programming Languages,bun
Frameworks and Programming Languages,CanJS
Frameworks and Programming Languages,Catberry.js
Frameworks and Programming Languages,Cecil
Frameworks and Programming Languages,Chicago Boss
Frameworks and Programming Languages,Coffee Script
Frameworks and Programming Languages,Dancer
Frameworks and Programming Languages,Datastar
Frameworks and Programming Languages,Dragon
Frameworks and Programming Languages,ef.js
Frameworks and Programming Languages,Eleventy
Frameworks and Programming Languages,Elm
Frameworks and Programming Languages,Enyo
Frameworks and Programming Languages,Erlang
Frameworks and Programming Languages,FarCry
Frameworks and Programming Languages,Fat-Free Framework
Frameworks and Programming Languages,Fluid Framework
Frameworks and Programming Languages,Fresh
Frameworks and Programming Languages,Frontity
Frameworks and Programming Languages,Gridsome
Frameworks and Programming Languages,Hamechio
Frameworks and Programming Languages,Handlebars
Frameworks and Programming Languages,HeliumWeb
Frameworks and Programming Languages,Hexo
Frameworks and Programming Languages,Hogan.js
Frameworks and Programming Languages,Hono
Frameworks and Programming Languages,Hugo
Frameworks and Programming Languages,Imba
Frameworks and Programming Languages,Includable
Frameworks and Programming Languages,Inertia.js
Frameworks and Programming Languages,Java Servlet
Frameworks and Programming Languages,JavaServer Faces
Frameworks and Programming Languages,JavaServer Pages
Frameworks and Programming Languages,Jekyll
Frameworks and Programming Languages,Kemal
Frameworks and Programming Languages,Koa
Frameworks and Programming Languages,Kohana
Frameworks and Programming Languages,Koishi.js
Frameworks and Programming Languages,KPHP
Frameworks and Programming Languages,Ktor
Frameworks and Programming Languages,Leptos
Frameworks and Programming Languages,Lift
Frameworks and Programming Languages,Livewire
Frameworks and Programming Languages,Luana
Frameworks and Programming Languages,Lume
Frameworks and Programming Languages,Macaron
Frameworks and Programming Languages,Marko
Frameworks and Programming Languages,MasterkinG32 Framework
Frameworks and Programming Languages,Mojolicious
Frameworks and Programming Languages,Mono
Frameworks and Programming Languages,Mustache
Frameworks and Programming Languages,Nette Framework
Frameworks and Programming Languages,Next.js App Router
Frameworks and Programming Languages,Next.js Page Router SSG
Frameworks and Programming Languages,Nextra
Frameworks and Programming Languages,Oat++
Frameworks and Programming Languages,Octopress
Frameworks and Programming Languages,OpenSwoole
Frameworks and Programming Languages,Parse Platform
Frameworks and Programming Languages,Pelican
Frameworks and Programming Languages,Phenomic
Frameworks and Programming Languages,Phoenix LiveView
Frameworks and Programming Languages,pinoox
Frameworks and Programming Languages,PyWebIO
Frameworks and Programming Languages,Quasar
Frameworks and Programming Languages,Qwik
Frameworks and Programming Languages,RedwoodJS
Frameworks and Programming Languages,Reflex
Frameworks and Programming Languages,Replicache
Frameworks and Programming Languages,Retype
Frameworks and Programming Languages,Rspress
Frameworks and Programming Languages,Ruby
Frameworks and Programming Languages,Saber
Frameworks and Programming Languages,Sails.js
Frameworks and Programming Languages,Sapper
Frameworks and Programming Languages,Scully
Frameworks and Programming Languages,Sencha Touch
Frameworks and Programming Languages,SolidStart
Frameworks and Programming Languages,Sourcey
Frameworks and Programming Languages,Stencil
Frameworks and Programming Languages,Stimulus
Frameworks and Programming Languages,StimulusReflex
Frameworks and Programming Languages,ThinkPHP
Frameworks and Programming Languages,total.js
Frameworks and Programming Languages,TwistPHP
Frameworks and Programming Languages,Twitter Flight
Frameworks and Programming Languages,UmiJs
Frameworks and Programming Languages,Unpoly
Frameworks and Programming Languages,Vike
Frameworks and Programming Languages,VitePress
Frameworks and Programming Languages,VuePress
Frameworks and Programming Languages,Web2py
Frameworks and Programming Languages,WebAssembly
Frameworks and Programming Languages,Wink
Frameworks and Programming Languages,Wt
Frameworks and Programming Languages,Xeora
Frameworks and Programming Languages,ZK
Frameworks and Programming Languages,Zola
Frameworks and Programming Languages,Apex
Frameworks and Programming Languages,AMP
Frameworks and Programming Languages,ARCore
Frameworks and Programming Languages,Capacitor
Frameworks and Programming Languages,Drools
Frameworks and Programming Languages,FFmpeg
Frameworks and Programming Languages,LlamaIndex
Frameworks and Programming Languages,MLlib
Frameworks and Programming Languages,NeMo
Frameworks and Programming Languages,OpenAPI
Frameworks and Programming Languages,Retrofit
Frameworks and Programming Languages,Unreal Engine
Frameworks and Programming Languages,WEBDEV
Frameworks and Programming Languages,Hibernate
Frameworks and Programming Languages,Oracle Forms
Frameworks and Programming Languages,PL/SQL
Frameworks and Programming Languages,Microsoft WPF
Frameworks and Programming Languages,T-SQL
Frameworks and Programming Languages,Beautiful Soup
Frameworks and Programming Languages,C
Frameworks and Programming Languages,Neos Flow
Frameworks and Programming Languages,Phoenix Framework
Frameworks and Programming Languages,CrewAI
Frameworks and Programming Languages,statsmodels
Frameworks and Programming Languages,Adobe Coldfusion
Frameworks and Programming Languages,Gatsby
Frameworks and Programming Languages,Visual-Basic-.NET
Frameworks and Programming Languages,AsciiDoc
Frameworks and Programming Languages,Banshee
Frameworks and Programming Languages,CppCMS
Frameworks and Programming Languages,Koala Framework
Frameworks and Programming Languages,PlatformOS
Frameworks and Programming Languages,Redux Framework
Frameworks and Programming Languages,Adobe Flash
Frameworks and Programming Languages,Backbone.js
Frameworks and Programming Languages,Less
Frameworks and Programming Languages,Nunjucks
Frameworks and Programming Languages,Sass
Frameworks and Programming Languages,Svelte
Frameworks and Programming Languages,Viewport Meta
Frameworks and Programming Languages,WebGL
Frameworks and Programming Languages,Bokeh
Frameworks and Programming Languages,SvelteKit
Frameworks and Programming Languages,AWS Mobile SDK
Frameworks and Programming Languages,AWS SDKs
Frameworks and Programming Languages,Azul Systems
Frameworks and Programming Languages,Boto3
Frameworks and Programming Languages,Dask
Frameworks and Programming Languages,Google TensorFlow Enterprise
Frameworks and Programming Languages,GRPC
Frameworks and Programming Languages,Microsoft.NET 5.0
Frameworks and Programming Languages,Microsoft.NET 6.0
Frameworks and Programming Languages,Microsoft.NET Core 3.1
Frameworks and Programming Languages,NEAR
Frameworks and Programming Languages,NetSuite SuiteCloud
Frameworks and Programming Languages,Oracle Java
Frameworks and Programming Languages,Ray Open Source
Frameworks and Programming Languages,Snowpark
Frameworks and Programming Languages,Spring Cloud
Frameworks and Programming Languages,Yii Framework
Frameworks and Programming Languages,Microsoft .NET Core
Frameworks and Programming Languages,Salesforce VisualForce
Frameworks and Programming Languages,Anaconda
Frameworks and Programming Languages,Metaflow
Frameworks and Programming Languages,PWA Studio
Frameworks and Programming Languages,SAS/SCL
Frameworks and Programming Languages,Google Apps Script for G Suite
Frameworks and Programming Languages,Zend Framework
Frameworks and Programming Languages,Frappe
Frameworks and Programming Languages,PeopleSoft PeopleTools
Frameworks and Programming Languages,SAP ABAP Objects
Frameworks and Programming Languages,SAP Extension Suite
Frameworks and Programming Languages,SAP Floorplan Manager
Frameworks and Programming Languages,Apache Tika
Frameworks and Programming Languages,ApexPages
Frameworks and Programming Languages,NVIDIA Isaac SDK
Frameworks and Programming Languages,SAP Mobile Platform
Frameworks and Programming Languages,CherryPy
Frameworks and Programming Languages,HHVM
Frameworks and Programming Languages,Indy
Frameworks and Programming Languages,Next.js Page Router SSR
Frameworks and Programming Languages,Zend
Frameworks and Programming Languages,Google Web Toolkit
Frameworks and Programming Languages,Amber
Frameworks and Programming Languages,AR Foundation
Frameworks and Programming Languages,Corda
Frameworks and Programming Languages,CryEngine
Frameworks and Programming Languages,DPDK
Frameworks and Programming Languages,Ethereum
Frameworks and Programming Languages,GameMaker
Frameworks and Programming Languages,Geant4
Frameworks and Programming Languages,Google Cirq
Frameworks and Programming Languages,Hyperledger Fabric
Frameworks and Programming Languages,Mahout
Frameworks and Programming Languages,NVIDIA cuDNN
Frameworks and Programming Languages,NVIDIA OptiX
Frameworks and Programming Languages,Quartz Job Scheduler
Frameworks and Programming Languages,Sidekiq Pro
Frameworks and Programming Languages,Spark NLP
Frameworks and Programming Languages,Stanford CoreNLP
Frameworks and Programming Languages,Unity 3D Web Player
Frameworks and Programming Languages,CheerPJ
Frameworks and Programming Languages,Construct 3
Frameworks and Programming Languages,Filamentphp
Frameworks and Programming Languages,Jade
Frameworks and Programming Languages,Magewire
Frameworks and Programming Languages,MichiJS
Frameworks and Programming Languages,Overwolf
Frameworks and Programming Languages,PWA
Frameworks and Programming Languages,PyScript
Frameworks and Programming Languages,Shelf
Frameworks and Programming Languages,python-recsys
Frameworks and Programming Languages,Web Stories
Frameworks and Programming Languages,DGS Framework
Frameworks and Programming Languages,Entity Framework Core
Frameworks and Programming Languages,GraphQL
Frameworks and Programming Languages,IBM Informix Genero
Frameworks and Programming Languages,Microsoft Transact-SQL
Frameworks and Programming Languages,Mongoose
Frameworks and Programming Languages,Oracle JDBC
Frameworks and Programming Languages,Prisma
Frameworks and Programming Languages,PyMongo
Frameworks and Programming Languages,Sqlalchemy
Business Intelligence,Apache Zeppelin
Business Intelligence,ArcGIS Dashboards
Business Intelligence,ArcGIS for Office
Business Intelligence,ArcGIS for Power BI
Business Intelligence,Azure Power BI Embedded
Business Intelligence,Base SAS
Business Intelligence,BIRT
Business Intelligence,Bitnami JasperReports
Business Intelligence,BrightGauge
Business Intelligence,CaseWare IDEA
Business Intelligence,Celonis
Business Intelligence,Cyfe
Business Intelligence,Dash Enterprise
Business Intelligence,Databox
Business Intelligence,Databricks SQL
Business Intelligence,Datawrapper
Business Intelligence,Displayr
Business Intelligence,Domo
Business Intelligence,Qlik Sense
Business Intelligence,Dun & Bradstreet
Business Intelligence,Excel4Apps
Business Intelligence,Forecast Pro
Business Intelligence,GoodData
Business Intelligence,Google Cloud Looker for BI
Business Intelligence,Guidewire InfoCenter
Business Intelligence,IBM Cognos 10
Business Intelligence,IBM Cognos 8 Business Intelligence
Business Intelligence,IBM Cognos Series 7
Business Intelligence,IHS Markit
Business Intelligence,Incorta
Business Intelligence,InfinityQS ProFicient
Business Intelligence,Jaspersoft
Business Intelligence,JMP
Business Intelligence,Logi Analytics Platform
Business Intelligence,Looker Studio
Business Intelligence,Maltego
Business Intelligence,Microsoft Excel
Business Intelligence,Microsoft Fabric
Business Intelligence,Microsoft SQL Server Business Intelligence
Business Intelligence,MicroStrategy Dossier
Business Intelligence,NetSuite SuiteAnalytics
Business Intelligence,Obiee
Business Intelligence,OpenText Analytics
Business Intelligence,Oracle BI Publisher
Business Intelligence,Oracle Business Intelligence Discoverer
Business Intelligence,Oracle Business Intelligence Mobile
Business Intelligence,Palantir Foundry
Business Intelligence,Pentaho
Business Intelligence,Plotly Dash
Business Intelligence,ProfitSword
Business Intelligence,Salesforce Einstein Analytics
Business Intelligence,SAP Ariba Spend Analysis
Business Intelligence,SAP BusinessObjects Dashboards
Business Intelligence,SAP BusinessObjects Design Studio
Business Intelligence,SAP BusinessObjects Web Intelligence
Business Intelligence,SAP Crystal Reports
Business Intelligence,SAP Crystal Reports Viewer
Business Intelligence,SAP Crystal Solutions
Business Intelligence,SAS/Graph
Business Intelligence,Sigma
Business Intelligence,Signavio
Business Intelligence,Software AG Alfabet
Business Intelligence,Software AG ARIS
Business Intelligence,Spreadsheet Server by insightsoftware
Business Intelligence,Sustainalytics
Business Intelligence,Tableau Server
Business Intelligence,Tableau Public
Business Intelligence,TIBCO Jaspersoft
Business Intelligence,TIBCO Spotfire
Business Intelligence,TIBCO WebFOCUS
Business Intelligence,Waters Empower
Business Intelligence,Workday Financial Reporting and Analytics
Business Intelligence,Mode
Business Intelligence,QlikView
Business Intelligence,Hubble
Business Intelligence,Tableau
Business Intelligence,Amazon QuickSight
Business Intelligence,Apache Superset
Business Intelligence,Azure Analysis Services
Business Intelligence,Chartio
Business Intelligence,Crystal Ball
Business Intelligence,DashThis
Business Intelligence,Dune Analytics
Business Intelligence,EnergyCAP SmartAnalytics
Business Intelligence,Entrinsik Informer
Business Intelligence,Fusion ERP Analytics
Business Intelligence,Google Cloud Looker
Business Intelligence,Hex
Business Intelligence,IBM Cognos Analytics
Business Intelligence,IBM Cognos Impromptu
Business Intelligence,Infor Birst
Business Intelligence,Kibana
Business Intelligence,Klipfolio
Business Intelligence,Metabase
Business Intelligence,Microsoft SQL Server Reporting Services
Business Intelligence,Nevron Vision for SSRS
Business Intelligence,Salesforce CRM Analytics
Business Intelligence,Oracle Analytics Cloud
Business Intelligence,Oracle Reports
Business Intelligence,Power BI Documenter
Business Intelligence,Power ON
Business Intelligence,PowerBI Tiles
Business Intelligence,SAP BusinessObjects Business Intelligence
Business Intelligence,SAP HANA Live
Business Intelligence,SAP Sybase InfoMaker
Business Intelligence,SAS Analytics Pro
Business Intelligence,SAS Business Intelligence
Business Intelligence,SAS Enterprise Guide
Business Intelligence,SAS Visual Analytics
Business Intelligence,SAS Viya
Business Intelligence,SAS/STAT
Business Intelligence,ServiceNow Reporting
Business Intelligence,Sisense
Business Intelligence,SAP Analytics Cloud
Business Intelligence,SRS ReportSmith
Business Intelligence,Strategy (formerly MicroStrategy)
Business Intelligence,Tableau Desktop
Business Intelligence,TapClicks
Business Intelligence,TARGIT Decision Suite
Business Intelligence,ThoughtSpot
Business Intelligence,Workday Prism Analytics
Business Intelligence,Yellowfin BI
Business Intelligence,Zoho Analytics
Business Intelligence,Zoomdata
Business Intelligence,ECBB
Business Intelligence,Everviz
Business Intelligence,MetricsCube
Business Intelligence,PatientLoop
Business Intelligence,Quotemedia
Business Intelligence,LocalFocus
Business Intelligence,Tableau Cloud
Business Intelligence,Minitab Workspace
Business Intelligence,SkySpark
Business Intelligence,Hex Notebook
Business Intelligence,Microsoft SQL Server Analysis Services
Business Intelligence,ServiceNow Performance Analytics
Business Intelligence,ImageJ
Business Intelligence,OriginPro
Business Intelligence,Hexia
Business Intelligence,Microsoft Power BI
Business Intelligence,CARTO Analytics
Business Intelligence,Mapline
Business Intelligence,Qlik Cloud
Business Intelligence,Tableau Bridge
Communication and Collaboration,Feishu
Communication and Collaboration,Lark Suite
Communication and Collaboration,3CX
Communication and Collaboration,8x8
Communication and Collaboration,Abstract
Communication and Collaboration,ActiveCollab
Communication and Collaboration,Agora
Communication and Collaboration,Alcatel-Lucent
Communication and Collaboration,AlertMedia
Communication and Collaboration,Alertus Unified Mass Notification System
Communication and Collaboration,Amazon Chime
Communication and Collaboration,AnyMeeting
Communication and Collaboration,Apptix
Communication and Collaboration,Asana
Communication and Collaboration,Asterisk
Communication and Collaboration,Atlassian
Communication and Collaboration,Avaya
Communication and Collaboration,Avaya Business Communications Manager
Communication and Collaboration,Avaya One-X Applications
Communication and Collaboration,AvePoint MyHub
Communication and Collaboration,AWS Chatbot
Communication and Collaboration,BigBlueButton
Communication and Collaboration,Biscom
Communication and Collaboration,Bitrix24
Communication and Collaboration,Blackboard Collaborate
Communication and Collaboration,BlueJeans
Communication and Collaboration,ChatWork
Communication and Collaboration,Cisco Collaboration
Communication and Collaboration,Cisco TelePresence Management Suite
Communication and Collaboration,Cisco Webex Control Hub
Communication and Collaboration,Cisco WebEx Teams
Communication and Collaboration,ClickMeeting
Communication and Collaboration,ClickUp
Communication and Collaboration,Copilot
Communication and Collaboration,Corel Wordperfect Office
Communication and Collaboration,Crestron Fusion
Communication and Collaboration,Dialpad Ai-powered customer communications platform
Communication and Collaboration,Diigo
Communication and Collaboration,DocSend
Communication and Collaboration,Dragon NaturallySpeaking
Communication and Collaboration,Everbridge Public Warning
Communication and Collaboration,Evernote
Communication and Collaboration,ezFlow for Google Docs for G Suite
Communication and Collaboration,FigJam
Communication and Collaboration,FreePBX
Communication and Collaboration,Google Calendar
Communication and Collaboration,Google Docs
Communication and Collaboration,Google Hangouts
Communication and Collaboration,Google Meet
Communication and Collaboration,Google Sheets
Communication and Collaboration,HCL Domino
Communication and Collaboration,HCL Notes
Communication and Collaboration,HipChat
Communication and Collaboration,Infobip
Communication and Collaboration,IntraLinks VIA Pro
Communication and Collaboration,Jamboard
Communication and Collaboration,Jira Product Discovery
Communication and Collaboration,Jira Work Management
Communication and Collaboration,Jitsi
Communication and Collaboration,join.me
Communication and Collaboration,JustCall
Communication and Collaboration,Kakao
Communication and Collaboration,Kanbanize
Communication and Collaboration,Keybase
Communication and Collaboration,Lifesize
Communication and Collaboration,Link Manager for Google Drive for G Suite
Communication and Collaboration,LogMeIn
Communication and Collaboration,Loom
Communication and Collaboration,LucidChart
Communication and Collaboration,Lucidspark
Communication and Collaboration,Mattermost
Communication and Collaboration,Media Shuttle
Communication and Collaboration,Microsoft 365
Communication and Collaboration,Microsoft 365 Apps & Services
Communication and Collaboration,Microsoft 365 E3
Communication and Collaboration,Microsoft Lists
Communication and Collaboration,Microsoft Lync Enterprise Voice
Communication and Collaboration,Microsoft Office
Communication and Collaboration,Microsoft Office 2013
Communication and Collaboration,Microsoft Office 365 E3
Communication and Collaboration,Microsoft Office 365 E5
Communication and Collaboration,Microsoft Office Professional Plus
Communication and Collaboration,Microsoft Operator Connect
Communication and Collaboration,Microsoft Planner
Communication and Collaboration,Microsoft SharePoint Online
Communication and Collaboration,Microsoft Skype for Business Server
Communication and Collaboration,Microsoft Teams
Communication and Collaboration,Microsoft Teams Phone
Communication and Collaboration,Microsoft Teams Rooms
Communication and Collaboration,Microsoft Teams Webinars
Communication and Collaboration,Microsoft Viva
Communication and Collaboration,MindManager
Communication and Collaboration,Miro
Communication and Collaboration,Mitel
Communication and Collaboration,Mitel MiCollab
Communication and Collaboration,Mitel Revolution
Communication and Collaboration,monday Work Management
Communication and Collaboration,Motorola Command Center Software
Communication and Collaboration,Mural
Communication and Collaboration,OpenText RightFax
Communication and Collaboration,Otter.ai
Communication and Collaboration,Frame.io
Communication and Collaboration,Monday.com
Communication and Collaboration,Padlet
Communication and Collaboration,Pexip
Communication and Collaboration,Plivo
Communication and Collaboration,Project for the web
Communication and Collaboration,RingCentral Phone
Communication and Collaboration,RingCentral Video
Communication and Collaboration,Rocket.Chat
Communication and Collaboration,Rocketlane
Communication and Collaboration,Sangoma
Communication and Collaboration,SchoolMessenger
Communication and Collaboration,Send Word Now
Communication and Collaboration,Signal
Communication and Collaboration,Sinch
Communication and Collaboration,Skype
Communication and Collaboration,Smartsheet
Communication and Collaboration,Staffbase
Communication and Collaboration,SwiftReach
Communication and Collaboration,TeamGantt
Communication and Collaboration,Teamwork.com
Communication and Collaboration,Telegram
Communication and Collaboration,Trello
Communication and Collaboration,Trimble Connect
Communication and Collaboration,Twilio Video
Communication and Collaboration,Typsystem for G Suite
Communication and Collaboration,VMware Socialcast
Communication and Collaboration,Vonage
Communication and Collaboration,Webex Calling
Communication and Collaboration,Webex Room Series
Communication and Collaboration,WebRTC
Communication and Collaboration,WeChat Work
Communication and Collaboration,Whimsical
Communication and Collaboration,Wildix
Communication and Collaboration,Wolfram|Alpha for Docs for G Suite
Communication and Collaboration,Workfront
Communication and Collaboration,Workvivo
Communication and Collaboration,Wrike
Communication and Collaboration,xMatters
Communication and Collaboration,XMedius
Communication and Collaboration,Zadarma Cloud PBX
Communication and Collaboration,Zoho Office Suite
Communication and Collaboration,Zoho Projects
Communication and Collaboration,Zoom Meetings
Communication and Collaboration,Zoom Phone
Communication and Collaboration,Zoom Whiteboard
Communication and Collaboration,Zoom Workplace
Communication and Collaboration,Apache JSPWiki
Communication and Collaboration,DokuWiki
Communication and Collaboration,Flyspray
Communication and Collaboration,Foswiki
Communication and Collaboration,ikiwiki
Communication and Collaboration,Incident.io
Communication and Collaboration,Jiglu
Communication and Collaboration,MantisBT
Communication and Collaboration,MediaWiki
Communication and Collaboration,MoinMoin
Communication and Collaboration,Oclocher
Communication and Collaboration,PukiWiki
Communication and Collaboration,Remind
Communication and Collaboration,SOPlanning
Communication and Collaboration,Taiga
Communication and Collaboration,TeamLinkt
Communication and Collaboration,TiddlyWiki
Communication and Collaboration,Tiki Wiki CMS Groupware
Communication and Collaboration,Trac
Communication and Collaboration,TWiki
Communication and Collaboration,WikkaWiki
Communication and Collaboration,XWiki
Communication and Collaboration,Jira
Communication and Collaboration,Igloo
Communication and Collaboration,Notion
Communication and Collaboration,Twilio
Communication and Collaboration,Webex
Communication and Collaboration,Front
Communication and Collaboration,Apache OpenOffice
Communication and Collaboration,OpenProject
Communication and Collaboration,Slingshot
Communication and Collaboration,Calendar for Jira
Communication and Collaboration,iBabs
Communication and Collaboration,Atlassian Cloud
Communication and Collaboration,Atlassian Confluence
Communication and Collaboration,WebOffice
Communication and Collaboration,HumHub
Communication and Collaboration,Jalios
Communication and Collaboration,QoreAI
Communication and Collaboration,Etherpad
Communication and Collaboration,Slack
Communication and Collaboration,Element
Communication and Collaboration,Hoiio
Communication and Collaboration,MessageMedia
Communication and Collaboration,Ninchat
Communication and Collaboration,OnSip
Communication and Collaboration,OpenChat
Communication and Collaboration,SpatialChat
Communication and Collaboration,Zulip
Communication and Collaboration,Dialpad
Communication and Collaboration,Google Drive
Communication and Collaboration,inMotionNow
Communication and Collaboration,Microsoft Office 365 E1
Communication and Collaboration,Google Workspace
Communication and Collaboration,Zoho Sheet
Communication and Collaboration,Voximplant
Communication and Collaboration,Jive
Communication and Collaboration,Zoho
Communication and Collaboration,Plutio
Communication and Collaboration,ProdPad
Communication and Collaboration,Guru
Communication and Collaboration,Poppulo
Communication and Collaboration,Zadarma
Communication and Collaboration,WebEOC
Communication and Collaboration,Infragistics SharePlus Enterprise
Communication and Collaboration,Apptio Targetprocess
Communication and Collaboration,AtTask
Communication and Collaboration,Clarity PPM
Communication and Collaboration,ProductPlan
Communication and Collaboration,Sorc'd for Google Sheets for G Suite
Communication and Collaboration,Chatter
Communication and Collaboration,Microsoft Enterprise Project Management
Communication and Collaboration,Planisware Enterprise
Communication and Collaboration,ServiceNow Strategic Portfolio Management
Communication and Collaboration,Coda
Communication and Collaboration,Microsoft Word
Communication and Collaboration,RoboHead
Communication and Collaboration,Podio
Communication and Collaboration,Aha!
Communication and Collaboration,Microsoft Project
Communication and Collaboration,ftrack
Communication and Collaboration,Jira Advanced Roadmaps
Communication and Collaboration,Karbon
Communication and Collaboration,LibreOffice
Communication and Collaboration,Microsoft Project & Portfolio Management
Communication and Collaboration,Microsoft Project Server
Communication and Collaboration,OpenText Project and Portfolio Management
Communication and Collaboration,Oracle Primavera Enterprise Project Portfolio Management
Communication and Collaboration,Planview PPM Pro
Communication and Collaboration,Productboard
Communication and Collaboration,Redmine
Communication and Collaboration,Roadmunk by Tempo
Communication and Collaboration,Sciforma
Communication and Collaboration,ServiceNow Agile Development
Communication and Collaboration,ShotGrid
Communication and Collaboration,YouTrack
Communication and Collaboration,CargoServer
Communication and Collaboration,Clinked
Communication and Collaboration,Exo Platform
Communication and Collaboration,Infinity
Communication and Collaboration,Toky
Communication and Collaboration,Wiki.js
Communication and Collaboration,WordPress Project Manager
Communication and Collaboration,Liscio
Communication and Collaboration,Flip
Communication and Collaboration,Planio
Communication and Collaboration,Adobe Connect
Communication and Collaboration,Fuze
Communication and Collaboration,GoToMeeting
Communication and Collaboration,ReadyTalk
Communication and Collaboration,RingCentral
ERP,1C:Enterprise
ERP,Abas ERP
ERP,Access Coins
ERP,AFAS ERP
ERP,Anaplan Supply Chain
ERP,Aptean
ERP,Aptean Industrial Manufacturing ERP Made2Manage Edition
ERP,Archer
ERP,Ariba Buyer
ERP,AVEVA MES
ERP,Basware
ERP,Cegid XRP Flex
ERP,Certinia
ERP,Certinia Professional Services Automation
ERP,CloudSuite SCM
ERP,Comarch S.A.
ERP,Coupa Procurement
ERP,Coupa Strategic Sourcing
ERP,Dassault ENOVIA
ERP,Datacor Chempax
ERP,Deacom
ERP,Deacom ERP
ERP,DELMIA Apriso
ERP,DELMIA Quintiq
ERP,Deltek
ERP,Deltek Ajera
ERP,Deltek Costpoint
ERP,Deltek Maconomy
ERP,Deltek Vantagepoint
ERP,"Diligent One Platform, formerly HighBond"
ERP,Dolibarr ERP CRM
ERP,Dynamics 365 Project Operations
ERP,E2open Supply Application Suite
ERP,e-automate
ERP,Enhancement Services for SAP Product Lifecycle Management
ERP,enrich ERP
ERP,Epicor
ERP,Epicor ERP
ERP,Epicor iScala
ERP,Epicor Prophet 21
ERP,ERPNext
ERP,ETQ Reliance QMS
ERP,Exact
ERP,FactoryTalk Pharmasuite
ERP,FinancialForce
ERP,Fishbowl Inventory
ERP,GEP NEXXE
ERP,Glovia
ERP,IBM OpenPages
ERP,IFS
ERP,IFS Applications
ERP,Infor ERP A+
ERP,Infor LX
ERP,Infor M3
ERP,Infor Nexus
ERP,Infor Supply Chain Management
ERP,Infor System21
ERP,Infor VISUAL
ERP,Infor XA
ERP,IQMS
ERP,Ivalua
ERP,JAGGAER Direct
ERP,JAMIS Prime ERP
ERP,JD Edwards
ERP,JD Edwards EnterpriseOne V9
ERP,JD Edwards World
ERP,JobBOSS²
ERP,Kingdee Software
ERP,Macola
ERP,Microsoft Dynamics 365 Finance
ERP,Microsoft Dynamics 365 Supply Chain Management
ERP,Microsoft Dynamics ERP
ERP,Microsoft Dynamics GP
ERP,Microsoft Dynamics NAV
ERP,Microsoft Dynamics SL
ERP,Microsoft FRx
ERP,MYOB Advanced
ERP,MYOB Exo
ERP,mySAP ERP
ERP,NetSuite ERP
ERP,NetSuite Financial Management
ERP,NetSuite OneWorld
ERP,NetSuite OpenAir
ERP,NetSuite Revenue Management
ERP,NetSuite SuiteFlow
ERP,NetSuite SuiteScript
ERP,NetSuite SuiteTalk
ERP,OBIC 7
ERP,Odoo
ERP,Oildex
ERP,Omie
ERP,Oracle Advanced Pricing
ERP,Oracle Advanced Procurement
ERP,Oracle Agile Product Lifecycle Management
ERP,Oracle Demantra
ERP,Oracle EBS Projects
ERP,Oracle E-Business Suite 12
ERP,Oracle Fusion
ERP,Oracle Fusion Cloud ERP
ERP,Oracle Fusion Cloud Financials
ERP,Oracle Fusion Project Portfolio Management
ERP,Oracle General Ledger
ERP,Oracle Global Trade Management
ERP,Oracle GRC
ERP,Oracle Inventory Management Cloud
ERP,Oracle iProcurement
ERP,Oracle iSupplier Portal
ERP,Oracle Manufacturing Cloud
ERP,Oracle Mobile Supply Chain
ERP,Oracle Oil and Gas Cloud Applications
ERP,Oracle Order Management Cloud
ERP,Oracle Payables
ERP,Oracle PeopleSoft
ERP,Oracle Procurement
ERP,Oracle Product Lifecycle Management Cloud
ERP,Oracle Project Costing
ERP,Oracle Project Management Cloud
ERP,Oracle Purchasing
ERP,Oracle Receivables
ERP,Oracle Retail Merchandising System
ERP,Oracle Service Contracts
ERP,Oracle Sourcing
ERP,Oracle Supplier Management
ERP,Oracle Supply Chain Management
ERP,Oracle Supply Chain Planning
ERP,PeopleSoft Asset Management
ERP,PeopleSoft Enterprise Performance Management
ERP,Peoplesoft eProcurement
ERP,PeopleSoft Expenses
ERP,PeopleSoft Financial Management
ERP,PeopleSoft Inventory
ERP,PeopleSoft Supply Chain Management
ERP,Planview Enterprise One
ERP,Plex Manufacturing Cloud
ERP,Plex Systems
ERP,Priority ERP
ERP,proALPHA ERP
ERP,Pronto Software
ERP,Pronto Xi
ERP,Protheus
ERP,PTC FlexPLM
ERP,PTC Windchill
ERP,QAD Manufacturing
ERP,Ramco ERP
ERP,Resolver
ERP,Restaurant365
ERP,RISE with SAP
ERP,Sage 100cloud
ERP,Sage 200
ERP,Sage 500
ERP,Sage Fixed Assets
ERP,SAI360
ERP,SAP Access Control
ERP,SAP Accounts Payable and Receivable
ERP,SAP Advanced Planning and Optimization
ERP,SAP Advanced Track and Trace for Pharmaceuticals
ERP,SAP Ariba
ERP,SAP Ariba Buying and Invoicing
ERP,SAP Ariba Contract Management
ERP,SAP Ariba Contracts
ERP,SAP Ariba Sourcing
ERP,SAP Ariba Supplier Lifecycle and Performance
ERP,SAP Asset Accounting
ERP,SAP Automotive Industry Solutions
ERP,SAP Billing and Revenue Innovation Management
ERP,SAP Business ByDesign
ERP,SAP Business Network
ERP,SAP Business Role Management
ERP,SAP Business Suite
ERP,SAP Business Workflow
ERP,SAP Central Finance
ERP,SAP Commodity Management Software
ERP,"SAP Configure, Price and Quote"
ERP,SAP Controlling
ERP,SAP Convergent Charging
ERP,SAP Customer Activity Repository
ERP,SAP ECC
ERP,SAP ECC EHP 7
ERP,SAP ECC EHP 8
ERP,SAP EHS
ERP,SAP Emergency Access Management
ERP,SAP Enhancement Packages
ERP,SAP Enterprise Portfolio and Project Management
ERP,"SAP Environment, Health, and Safety Management"
ERP,SAP ERP Central Component (ECC) 6.0
ERP,SAP ERP Financials
ERP,SAP for Apparel & Footwear
ERP,SAP for Mining
ERP,SAP for Public Sector
ERP,SAP for Retail
ERP,SAP Funds Management
ERP,SAP Global Trade Services
ERP,SAP GRC
ERP,SAP GRC Access Control
ERP,SAP GUI
ERP,SAP Integrated Business Planning
ERP,SAP Inventory Management
ERP,SAP Investment Management
ERP,SAP Invoice Management by OpenText
ERP,SAP Leasing
ERP,SAP Logistics Execution
ERP,SAP Manufacturing Execution
ERP,SAP Material Requirement Planning
ERP,SAP Materials Management
ERP,SAP Oil and Gas
ERP,SAP Plant Maintenance
ERP,SAP PLM
ERP,SAP Portfolio and Project Management
ERP,SAP Process Control
ERP,SAP Procurement
ERP,SAP Product Data Management
ERP,SAP Product Lifecycle Management
ERP,SAP Production Planning
ERP,SAP Project System
ERP,SAP Quality Management
ERP,SAP Risk Management
ERP,SAP S/4HANA
ERP,SAP S/4HANA Cloud
ERP,SAP S/4HANA On-Premise Edition
ERP,SAP Sales & Distribution
ERP,SAP Sales & Operations Planning
ERP,SAP Sales Order Management
ERP,SAP SD
ERP,SAP Service Parts Planning
ERP,SAP Sourcing CLM
ERP,SAP Supply Chain Management
ERP,SAP Supply Network Planning
ERP,SAP Transportation Management
ERP,SAP Travel Management
ERP,SAP Upstream
ERP,SAP Variant Configuration and Pricing
ERP,SAP Vehicle Management System
ERP,SAP Warehouse Management
ERP,SAP Warranty and Claim Management
ERP,Senior Sistemas
ERP,ServiceNow EAM
ERP,ServiceNow Procurement Service Management
ERP,ServiceNow Project Portfolio Management
ERP,Siemens SIMATIC IT
ERP,Oracle E Business Suite
ERP,Softland ERP
ERP,Spectrum
ERP,Syncade MES
ERP,SYSPRO
ERP,Tally.ERP 9
ERP,TallyPrime
ERP,TechnologyOne
ERP,TOTVS ERP
ERP,Unit4 Business World
ERP,Unit4 ERP
ERP,Vista
ERP,Workday Expenses
ERP,Workday Grants Management
ERP,Workday Launch
ERP,Workday Procurement
ERP,Workday Projects
ERP,Workday Strategic Sourcing
ERP,Zedonk
ERP,Zucchetti
ERP,Zycus Source-to-Pay
ERP,NetSuite
ERP,SAP
ERP,GEP
ERP,Retek
ERP,Unleashed
ERP,Acumatica
ERP,SAP ERP
ERP,eLogger
ERP,NetSuite SuiteBuilder
ERP,TrakSYS
ERP,Peftrust
ERP,Peripl
ERP,inspHire
ERP,AFAS
ERP,IFS Cloud
ERP,Kimble
ERP,Zoho One
ERP,commonsku
ERP,Deltek Vantagepoint CRM
ERP,Oracle Advanced Collections
ERP,SAP Supplier Relationship Management
ERP,Apodle
ERP,Datascape
ERP,Docket
ERP,Infor
ERP,Microsoft Dynamics 365 Business Central
ERP,Bamboo Rose
ERP,SAP Ariba Buying
ERP,SAP Ariba Catalog
ERP,Cluster CIS
ERP,Gesio
ERP,ShopVOX
ERP,SAP Guided Buying
ERP,Tyler Technologies
ERP,Ecovadis
ERP,GEP SMART
ERP,SAP Business Network Supply Chain Collaboration
ERP,Onvio Firm Management
ERP,Aras
ERP,Aravo
ERP,Autodesk Fusion Manage
ERP,Autodesk Vault
ERP,Avetta
ERP,Bonfire
ERP,Camstar
ERP,Cority Platform
ERP,Donesafe
ERP,Emerson Syncade
ERP,GHX Exchange
ERP,Icertis Contract Management Software
ERP,Intelex
ERP,Jaggaer
ERP,Mavenlink
ERP,Mercell
ERP,myosh Safety
ERP,NAVEX Global
ERP,OpenGov Procurement
ERP,Oracle SCM Cloud
ERP,Planview ChangePoint
ERP,Proactis Rego
ERP,QT9 QMS
ERP,uniPoint
ERP,Veeva Vault QMS
ERP,VelocityEHS Accelerate | EHS & ESG
ERP,Viewpoint Vista
ERP,Windchill PDMLink
ERP,Workamajig
ERP,Sage 300
ERP,Sage BusinessVision Accounting
ERP,SpendMap
ERP,Encompass
ERP,BrightPearl
Case Management,Accela
Case Management,Amicus Attorney by CARET
Case Management,Apricot Software
Case Management,CaseWorthy
Case Management,Clio
Case Management,Everlaw
Case Management,Filevine
Case Management,FogBugz
Case Management,IBM Business Automation Workflow
Case Management,IBM Case Manager
Case Management,INSZoom
Case Management,Intapp Intake
Case Management,Litify
Case Management,Microsoft Purview eDiscovery
Case Management,NeoData
Case Management,Nuix Workstation
Case Management,Onit
Case Management,Oracle Argus
Case Management,PCLaw®
Case Management,PracticeMaster
Case Management,PracticePanther
Case Management,ProLaw
Case Management,ResWare
Case Management,Salesforce WebToCase
Case Management,Smokeball
Case Management,TaxDome
Case Management,TheHive
Case Management,TrackWise
Case Management,Canopy
Case Management,MyCase
Case Management,Mozard Suite
Case Management,Pega KYC
Case Management,Hoowla
Case Management,CommCare
Case Management,AccessData Summation
Case Management,Clearwell
Case Management,Clio Manage
Case Management,CloudNine Concordance
Case Management,Mitratech TeamConnect
Case Management,RelativityOne
Case Management,Submittable
Case Management,SurveyMonkey Apply
Case Management,Binti
Case Management,Cobblestone
Case Management,CyberGrants
Case Management,Relativity
Case Management,Optimy
Case Management,iTrak
Case Management,Omnigo
HR Solutions,factorial
HR Solutions,ADP ezLaborManager
HR Solutions,ADP GlobalView Payroll
HR Solutions,ADP Payroll
HR Solutions,ADP TotalSource
HR Solutions,Arcoro
HR Solutions,Benefitfocus
HR Solutions,Benify
HR Solutions,bswift
HR Solutions,CascadeHR
HR Solutions,Cegid PeopleNet
HR Solutions,Ceridian Powerpay
HR Solutions,Darwinbox
HR Solutions,Deluxe Payroll
HR Solutions,ELMO Software
HR Solutions,Employee Navigator
HR Solutions,Employment Hero
HR Solutions,Enboarder
HR Solutions,ExactHire OnboardCentric
HR Solutions,Freshteam by Freshworks
HR Solutions,Frontier Software
HR Solutions,greytHR
HR Solutions,Halogen Software
HR Solutions,Harri
HR Solutions,Humanforce
HR Solutions,Insperity
HR Solutions,Intuit Payroll
HR Solutions,isolved
HR Solutions,iTrent
HR Solutions,Keka
HR Solutions,Kronos SaaShr
HR Solutions,Kronos Workforce Ready
HR Solutions,Namely
HR Solutions,OneSource Virtual
HR Solutions,Oracle Global Human Resources Cloud
HR Solutions,Oracle Global Payroll
HR Solutions,Oracle Incentive Compensation
HR Solutions,Paycom
HR Solutions,PEO
HR Solutions,PeopleDoc
HR Solutions,PeopleHR
HR Solutions,PeopleSoft Absence Management
HR Solutions,Personio
HR Solutions,PlanSource
HR Solutions,PowerApps HRMS
HR Solutions,PrismHR
HR Solutions,Sage 300 People
HR Solutions,Sage HR
HR Solutions,Sage HRMS
HR Solutions,Sage Payroll
HR Solutions,SAP Manager Self-Service
HR Solutions,SAP SuccessFactors Employee Central
HR Solutions,SAP SuccessFactors Employee Central Payroll
HR Solutions,SAP SuccessFactors Onboarding
HR Solutions,SD Worx
HR Solutions,The Work Number
HR Solutions,TOTVS HR
HR Solutions,Trinet
HR Solutions,UKG
HR Solutions,UKG Pro
HR Solutions,UKG Pro Benefits Administration
HR Solutions,UKG Pro Onboarding
HR Solutions,UKG Ready
HR Solutions,Visma Raet
HR Solutions,Wagestream
HR Solutions,Workday Absence Management
HR Solutions,Workday Benefits
HR Solutions,Workday Payroll
HR Solutions,Workday Payroll and Workforce Management
HR Solutions,Zellis
HR Solutions,Zoho People
HR Solutions,ADP
HR Solutions,Cornerstone HR
HR Solutions,CloudPay
HR Solutions,HiBob
HR Solutions,Headspace for Work
HR Solutions,Infor Infinium
HR Solutions,SAP PY
HR Solutions,ADP Celergo
HR Solutions,ADP Streamline
HR Solutions,Gusto
HR Solutions,Justworks
HR Solutions,Alight
HR Solutions,Remote
HR Solutions,PerkSpot
HR Solutions,ALEX
HR Solutions,KIDICAP
HR Solutions,PDS Vista
HR Solutions,Personify Health
HR Solutions,Silae
HR Solutions,Swile
HR Solutions,Tapcheck
HR Solutions,Times Software
HR Solutions,Unmind
HR Solutions,Virgin Pulse
HR Solutions,Salary Finance
HR Solutions,WageWorks
HR Solutions,Deel
HR Solutions,Paychex
HR Solutions,Paylocity
HR Solutions,Silae Paie
HR Solutions,ADP Workforce Now
HR Solutions,BambooHR
HR Solutions,Employease
HR Solutions,Mercer
HR Solutions,uKnowva
Human Capital Management,Dayforce
Human Capital Management,Infor CloudSuite HCM
Human Capital Management,Oracle Fusion Cloud Human Capital Management
Human Capital Management,Paycor
Human Capital Management,Rippling
Human Capital Management,SAP Fieldglass
Human Capital Management,SAP Human Capital Management
Human Capital Management,SAP SuccessFactors
Human Capital Management,SAP SuccessFactors Compensation
Human Capital Management,SAP SuccessFactors Incentive Management
Human Capital Management,Workday HCM
Human Capital Management,Workday
Human Capital Management,Kronos
Human Capital Management,Bob
Human Capital Management,Deputy
Human Capital Management,Cegid HR
Human Capital Management,SalesReps.io
Human Capital Management,ANSOS
Human Capital Management,Attendance on Demand
Human Capital Management,HotSchedules
Human Capital Management,OBS Work Schedules
Human Capital Management,UKG Pro Advanced Scheduling
Human Capital Management,When I Work
Human Capital Management,Mindtickle
Human Capital Management,Talentegy
Human Capital Management,Engagedly
Human Capital Management,360Learning
Human Capital Management,Adobe Learning Manager
Human Capital Management,Axonify
Human Capital Management,Bridge LMS
Human Capital Management,Compliance Wire
Human Capital Management,Cornerstone LMS
Human Capital Management,Docebo
Human Capital Management,EdCast
Human Capital Management,eFront
Human Capital Management,Go1
Human Capital Management,GoodHabitz
Human Capital Management,HealthStream Services
Human Capital Management,iSpring Learn
Human Capital Management,LearnUpon LMS
Human Capital Management,Lessonly
Human Capital Management,Litmos
Human Capital Management,PeopleAdmin
Human Capital Management,PeopleSoft Enterprise Learning Management
Human Capital Management,Percipio
Human Capital Management,Relias Learning Management System
Human Capital Management,SAP SuccessFactors Learning
Human Capital Management,Schoox
Human Capital Management,Showpad Coach
Human Capital Management,SumTotal Learning Management
Human Capital Management,TalentLMS
Human Capital Management,Totara
Human Capital Management,Trainual
Human Capital Management,Udemy Business
Human Capital Management,UKG Pro Learning
Human Capital Management,ULTRUS Learning
Human Capital Management,Workday Enterprise Learning
Human Capital Management,WorkRamp
Human Capital Management,Zensai
Human Capital Management,Eloomi
Human Capital Management,Oreed
Human Capital Management,Cornerstone Performance
Human Capital Management,Interflex SP-Expert
Human Capital Management,Varicent
Human Capital Management,TSheets
Human Capital Management,viDesktop
Human Capital Management,ATOSS Time Recording
Human Capital Management,Microsoft Dynamics 365 HR
Human Capital Management,Odoo Planning
Human Capital Management,7shifts
Human Capital Management,ATOSS
Human Capital Management,Cegid Talent
Human Capital Management,ClearCompany
Human Capital Management,Deltek Replicon
Human Capital Management,Development Dimensions International Pinpoint Platform
Human Capital Management,HealthRoster
Human Capital Management,Hogan Assessments
Human Capital Management,Horoquartz
Human Capital Management,Infor CloudSuite Workforce Management
Human Capital Management,Infor Workforce Management
Human Capital Management,Kronos Workforce Central
Human Capital Management,Kronos Workforce Dimensions Suite
Human Capital Management,Kronos Workforce Management
Human Capital Management,Kronos Workforce Timekeeper
Human Capital Management,Neogov HRMS
Human Capital Management,NOVAtime
Human Capital Management,OnShift
Human Capital Management,Oracle Workforce Management
Human Capital Management,PeopleFluent Talent Management
Human Capital Management,Qulture.Rocks
Human Capital Management,SAP SuccessFactors Performance & Goals
Human Capital Management,symplr Workforce
Human Capital Management,TCP TimeClock Plus
Human Capital Management,UKG Autotime
Human Capital Management,UKG Dimensions
Human Capital Management,UKG Dimensions Hourly Timekeeping
Human Capital Management,UKG Pro Workforce Management
Human Capital Management,UKG Telestaff
Human Capital Management,UKG Workforce Central
Human Capital Management,Workday Compensation
Human Capital Management,Workday Talent and Performance
Human Capital Management,Workday Talent Management
Human Capital Management,Workday Time and Attendance
Human Capital Management,Workday Time Tracking
Human Capital Management,Workday Workforce Planning
Human Capital Management,Workforce Software
Human Capital Management,WorkTango
Human Capital Management,Bonusly
Human Capital Management,Benevity
Human Capital Management,Glint
Human Capital Management,Horoquartz eTemptation
Human Capital Management,Inkling
Human Capital Management,Kronos FMSI
Human Capital Management,Lattice
Human Capital Management,PageUp
Human Capital Management,Replicon
Human Capital Management,Trakstar
Human Capital Management,Weekdone
Human Capital Management,Cornerstone On Demand
Human Capital Management,HRSmart
Human Capital Management,TrackTik
Human Capital Management,VeraCode Developer Enablement
Human Capital Management,15five
Human Capital Management,Beeline VMS
Content Management Platform,Acquia
Content Management Platform,Acquia DAM
Content Management Platform,Adobe
Content Management Platform,Adobe Bridge
Content Management Platform,Adobe Experience Manager
Content Management Platform,Alfresco
Content Management Platform,Appspace
Content Management Platform,Avid Interplay
Content Management Platform,Backbase
Content Management Platform,Backbase DFM
Content Management Platform,Brandfolder
Content Management Platform,Bynder
Content Management Platform,Calameo
Content Management Platform,Canto
Content Management Platform,Ceros
Content Management Platform,Conga Composer
Content Management Platform,Dalet Flex
Content Management Platform,Dell EMC Document Sciences
Content Management Platform,Digitech PaperVision
Content Management Platform,DocuWare
Content Management Platform,Dozuki
Content Management Platform,Dspace
Content Management Platform,FlipHTML5
Content Management Platform,FlippingBook
Content Management Platform,Flipsnack
Content Management Platform,Foleon
Content Management Platform,Freepik
Content Management Platform,Frontify
Content Management Platform,GenText AI Assistant for MS Word
Content Management Platform,HCL Digital Experience
Content Management Platform,Ibexa DXP
Content Management Platform,ImageRight
Content Management Platform,Liferay DXP Cloud
Content Management Platform,Litera pdfDocs
Content Management Platform,Lytho Creative Workflow
Content Management Platform,Microsoft Sharepoint Foundation
Content Management Platform,Nuance PaperPort
Content Management Platform,OneContent
Content Management Platform,OpenText
Content Management Platform,OpenText Content Suite Platform
Content Management Platform,OpenText TeamSite
Content Management Platform,Optimizely Content Management System
Content Management Platform,Oracle Content Marketing
Content Management Platform,Oracle WebCenter Portal Cloud
Content Management Platform,Oracle WebCenter Sites
Content Management Platform,PageTurnPro
Content Management Platform,Pexels
Content Management Platform,PhotoShelter for Photographers
Content Management Platform,Pimcore
Content Management Platform,Portfoliobox
Content Management Platform,Publitas
Content Management Platform,Readymag
Content Management Platform,SAP Document Management Service
Content Management Platform,ScreenCloud Digital Signage
Content Management Platform,Scribd
Content Management Platform,Simpplr
Content Management Platform,Sketchfab
Content Management Platform,SmugMug
Content Management Platform,Softdocs Etrieve
Content Management Platform,Squiz DXP
Content Management Platform,Subsplash
Content Management Platform,Thinglink
Content Management Platform,Turtl
Content Management Platform,Unily
Content Management Platform,Unsplash
Content Management Platform,Veeva Vault
Content Management Platform,Veeva Vault eTMF
Content Management Platform,Veeva Vault PromoMats
Content Management Platform,Veeva Vault QualityDocs
Content Management Platform,Veeva Vault RIM
Content Management Platform,Yodeck
Content Management Platform,Adobe Dynamic Media Classic
Content Management Platform,Adobe Portfolio
Content Management Platform,Aryeo
Content Management Platform,Celum
Content Management Platform,Censhare
Content Management Platform,CollectiveAccess
Content Management Platform,Corebook
Content Management Platform,Digizuite
Content Management Platform,Frontastic
Content Management Platform,GraphicsFlow
Content Management Platform,Image Relay
Content Management Platform,iPaper
Content Management Platform,keep. archeevo
Content Management Platform,Mahara
Content Management Platform,Optimole
Content Management Platform,PhotoShelter for Brands
Content Management Platform,Picturepark
Content Management Platform,THRON
Content Management Platform,Transloadit
Content Management Platform,Zmags Creator
Content Management Platform,Microsoft Sharepoint
Content Management Platform,Broadcom View
Content Management Platform,IAPPS
Content Management Platform,CoreMedia
Content Management Platform,CrownPeak
Content Management Platform,Crownpeak DXM
Content Management Platform,Kentico
Content Management Platform,Liferay
Content Management Platform,Magnolia
Content Management Platform,Oracle Webcenter
Content Management Platform,Squiz
Content Management Platform,WeTransfer
Content Management Platform,Adobe Experience Manager Edge Delivery Services
Content Management Platform,Altis
Content Management Platform,Arc XP
Content Management Platform,CoreMedia Content Cloud
Content Management Platform,CUE
Content Management Platform,Enonic
Content Management Platform,Griddo
Content Management Platform,InterRed
Content Management Platform,Jahia DX
Content Management Platform,Kleeja
Content Management Platform,NorthStar Civic
Content Management Platform,NovaDB
Content Management Platform,Oracle Content Management
Content Management Platform,SDL Tridion
Content Management Platform,Sitecore Experience Platform
Content Management Platform,Siteglide
Content Management Platform,Squiz Matrix
Content Management Platform,BlueTie Vault
Content Management Platform,Citrix ShareFile
Content Management Platform,Cloudinary
Content Management Platform,d.velop documents
Content Management Platform,Egnyte
Content Management Platform,FileCloud
Content Management Platform,GoFileRoom
Content Management Platform,Google Photos
Content Management Platform,Microsoft OneDrive
Content Management Platform,Microsoft OneDrive for Business
Content Management Platform,Nextcloud
Content Management Platform,Onehub
Content Management Platform,ownCloud
Content Management Platform,ShareGate
Content Management Platform,Worldox GX4
Content Management Platform,Amplience
Content Management Platform,Contentful
Content Management Platform,NewsCred
Content Management Platform,Doxim CCM
Content Management Platform,Salesforce Experience Cloud Suite
Content Management Platform,Veeva Systems
Content Management Platform,IBM Datacap
Content Management Platform,NuGenesis SDMS
Content Management Platform,Sitecore Engagement Cloud
Content Management Platform,Scene7
Content Management Platform,uPortal
Content Management Platform,Clicksign
Content Management Platform,Adobe Acrobat Sign
Content Management Platform,Issuu
Content Management Platform,Prizmdoc
Content Management Platform,SmartCOMM
Content Management Platform,Actuate Xenos
Content Management Platform,Adobe LiveCycle
Content Management Platform,DocuShare
Content Management Platform,Doxis4
Content Management Platform,Doxis4 iECM
Content Management Platform,HelloSign
Content Management Platform,Hyland Platform
Content Management Platform,IBM Content Manager for iSeries
Content Management Platform,IBM Content Manager OnDemand
Content Management Platform,IBM FileNet Content Manager
Content Management Platform,IBM FileNet P8
Content Management Platform,Kofax Capture
Content Management Platform,Laserfiche
Content Management Platform,Metalogix
Content Management Platform,M-Files
Content Management Platform,NetDocuments
Content Management Platform,Nuxeo
Content Management Platform,OpenText Captiva
Content Management Platform,OpenText Content Manager
Content Management Platform,OpenText Documentum D2
Content Management Platform,OpenText ECM in the Cloud
Content Management Platform,OpenText Retain Unified Archiving
Content Management Platform,Oracle Enterprise Content Management
Content Management Platform,Oracle WebCenter Content
Content Management Platform,Perceptive Content
Content Management Platform,SAP Extended ECM
Content Management Platform,SAP NetWeaver Portal
Content Management Platform,SpringCM
Content Management Platform,Zmags
Content Management Platform,Ironclad
Content Management Platform,Mitratech HotDocs
Content Management Platform,OpenText ApplicationXtender
Content Management Platform,PowerDMS
Content Management Platform,SAP BTP for HR
Content Management Platform,Autonomy WorkSite
Content Management Platform,Papirfly
Content Management Platform,extensis
Content Management Platform,d4sign
Content Management Platform,ABBYY FineReader Server
Content Management Platform,ADX Studio
Content Management Platform,Air
Content Management Platform,Conga CLM
Content Management Platform,DocuSign
Content Management Platform,Flickr API
Content Management Platform,Foxit
Content Management Platform,Gettyimages
Content Management Platform,HotDocs
Content Management Platform,LinkSquares
Content Management Platform,Nitro PDF
Content Management Platform,Objectif Lune
Content Management Platform,PandaDoc
Content Management Platform,PastPerfect
Content Management Platform,PolicyTech
Content Management Platform,Shutterstock
Content Management Platform,SignNow
Content Management Platform,Snowbound
Content Management Platform,Tungsten Capture
Content Management Platform,Tungsten Power PDF
Content Management Platform,Acquia Content Hub
Content Management Platform,EPrints
Content Management Platform,Invenio
Content Management Platform,Octipulse
Content Management Platform,Open Journal Systems
Content Management Platform,SnapSea
Content Management Platform,StoryStream
Content Management Platform,Vntana
Content Management Platform,Accusoft
Content Management Platform,Chute
Content Management Platform,FeedMagnet
Content Management Platform,Flickr
Content Management Platform,RightSignature
Content Management Platform,HTTP Commander
Content Management Platform,Alboom Proof
Content Management Platform,Blessing Skin
Content Management Platform,Bloom Portfolio
Content Management Platform,Chevereto
Content Management Platform,JAlbum
Content Management Platform,Lightfolio
Content Management Platform,Lychee
Content Management Platform,NextGEN Gallery
Content Management Platform,phpAlbum
Content Management Platform,Piwigo
Content Management Platform,Wfolio
Contruction Management Platform,AccuLynx
Contruction Management Platform,AGTEK
Contruction Management Platform,B2W Estimate
Contruction Management Platform,Buildertrend
Contruction Management Platform,BuildingConnected
Contruction Management Platform,CMiC
Contruction Management Platform,CoConstruct
Contruction Management Platform,CompanyCam
Contruction Management Platform,ConEst
Contruction Management Platform,ConstructConnect
Contruction Management Platform,Databuild
Contruction Management Platform,Deltek Acumen
Contruction Management Platform,Deltek Cobra
Contruction Management Platform,Deltek Open Plan
Contruction Management Platform,Hard Dollar
Contruction Management Platform,InEight
Contruction Management Platform,ISNetworld
Contruction Management Platform,iTWO CostX
Contruction Management Platform,Jonas Enterprise Service & Construction Software
Contruction Management Platform,Kahua
Contruction Management Platform,McCormick Systems
Contruction Management Platform,Measure Square
Contruction Management Platform,Oracle Aconex
Contruction Management Platform,Oracle Primavera
Contruction Management Platform,Oracle Primavera Contract Management
Contruction Management Platform,PlanSwift
Contruction Management Platform,PMWeb
Contruction Management Platform,Powerproject
Contruction Management Platform,Procore
Contruction Management Platform,ProjectWise
Contruction Management Platform,QuoteSoft REP Takeoff
Contruction Management Platform,RIB Software iTWO
Contruction Management Platform,Sage 300 Construction and Real Estate
Contruction Management Platform,Sage Estimating
Contruction Management Platform,Sitetracker
Contruction Management Platform,SYNCHRO Pro
Contruction Management Platform,Trimble Accubid Classic
Contruction Management Platform,Trimble WinEst
Contruction Management Platform,Viewpoint
Contruction Management Platform,Trimble
Contruction Management Platform,Viewpoint Field Management
Contruction Management Platform,Relatics
Contruction Management Platform,InEight DOC
Contruction Management Platform,e-Builder Enterprise
Contruction Management Platform,Quick Bid
Contruction Management Platform,Asite
Contruction Management Platform,Autodesk BIM 360
Contruction Management Platform,CEMAR
Contruction Management Platform,Cubit
Contruction Management Platform,Newforma Project Center
Contruction Management Platform,Oracle Primavera Unifier
Contruction Management Platform,ORCA AVA
Contruction Management Platform,Sage 100 Contractor
Contruction Management Platform,SmartBid
Contruction Management Platform,Aspen Capital Cost Estimator
Insurance Software,AMS360
Insurance Software,Applied Epic
Insurance Software,Audatex
Insurance Software,Guidewire
Insurance Software,Guidewire BillingCenter
Insurance Software,Guidewire ClaimCenter
Insurance Software,Guidewire InsuranceSuite
Insurance Software,Guidewire PolicyCenter
Insurance Software,Insurity
Insurance Software,Duck Creek
Insurance Software,Sagitta
Insurance Software,Socotra
Insurance Software,Vertafore
Insurance Software,Zego
Insurance Software,Allstate
Insurance Software,Extend
Insurance Software,EZLynx
Insurance Software,Origami Risk
Insurance Software,CCC ONE
Insurance Software,Applied Systems
Insurance Software,Applied TAM
Insurance Software,Silver Plume
Insurance Software,Zywave
Insurance Software,Canopy Connect
Insurance Software,Applied CSR24
Insurance Software,Mulberry
Deployment Tools,Acronis Snap Deploy
Deployment Tools,AdminStudio
Deployment Tools,Ansible Lockdown
Deployment Tools,Apache Ambari
Deployment Tools,Argocd
Deployment Tools,AutoRABIT
Deployment Tools,AWS CodeDeploy
Deployment Tools,AWX
Deployment Tools,Azure Pipelines
Deployment Tools,Bitnami
Deployment Tools,Bitrise
Deployment Tools,BMC Compuware ISPW
Deployment Tools,Buildkite
Deployment Tools,Chef Infra
Deployment Tools,Chocolatey
Deployment Tools,CircleCI
Deployment Tools,Codefresh
Deployment Tools,Codeship
Deployment Tools,Copado
Deployment Tools,Dell OpenManage Essentials
Deployment Tools,Digital.ai Deploy
Deployment Tools,Digital.ai Release
Deployment Tools,fastlane
Deployment Tools,Flyway
Deployment Tools,Gearset
Deployment Tools,GitHub Actions
Deployment Tools,GoCD
Deployment Tools,Harness
Deployment Tools,Hashicorp Packer
Deployment Tools,HELM
Deployment Tools,IBM UrbanCode Deploy
Deployment Tools,Jenkins X
Deployment Tools,JFrog Pipelines
Deployment Tools,Microsoft PowerShell
Deployment Tools,Microsoft Visual Studio App Center
Deployment Tools,Octopus Deploy
Deployment Tools,Puppet Enterprise
Deployment Tools,Red Hat Ansible Automation Platform
Deployment Tools,SaltStack
Deployment Tools,ServiceNow DevOps
Deployment Tools,Spinnaker
Deployment Tools,TeamCity
Deployment Tools,Tekton Pipelines
Deployment Tools,Azure Devops
Deployment Tools,Cloud 66
Deployment Tools,TestFlight
Deployment Tools,Travis CI
Deployment Tools,Vagrant
Deployment Tools,WSUS
Deployment Tools,GitLab CI/CD
Deployment Tools,Jenkins
Deployment Tools,Ansible
Deployment Tools,Argo
Deployment Tools,Bamboo
Deployment Tools,WinSCP
Deployment Tools,Google Cloud Scheduler
Deployment Tools,ActiveBatch
Deployment Tools,ASG Zeke
Deployment Tools,Automic Automation
Deployment Tools,AWS Cloud Development Kit
Deployment Tools,AWS CloudFormation
Deployment Tools,AWS CodeBuild
Deployment Tools,AWS CodePipeline
Deployment Tools,AWS Command Line Interface
Deployment Tools,AWS Copilot
Deployment Tools,AWS OpsWorks
Deployment Tools,AWS Server Migration Service
Deployment Tools,AWS Systems Manager Parameter Store
Deployment Tools,Azure App Center
Deployment Tools,Azure App Configuration
Deployment Tools,Azure Automation
Deployment Tools,Azure Blueprints
Deployment Tools,Azure Cloud Shell
Deployment Tools,Azure Command-Line Interface
Deployment Tools,Azure DevOps Tool Integration
Deployment Tools,Azure Managed Applications
Deployment Tools,Azure Migrate
Deployment Tools,Azure Resource Manager
Deployment Tools,CloudBees
Deployment Tools,Crossplane
Deployment Tools,"Device42, A Freshworks Company"
Deployment Tools,Elastic Cloud on Kubernetes
Deployment Tools,Google Cloud Build
Deployment Tools,Google Cloud Deployment Manager
Deployment Tools,Google Cloud Migration Center
Deployment Tools,Google Firebase App Distribution
Deployment Tools,Google Tools for Power
Deployment Tools,Harbor
Deployment Tools,IBM Workload Scheduler
Deployment Tools,Microsoft System Center
Deployment Tools,Mirantis Secure Registry
Deployment Tools,Morpheus Data
Deployment Tools,Progress Chef
Deployment Tools,Red Hat Quay
Deployment Tools,Rundeck
Deployment Tools,Serverless Framework
Deployment Tools,ServiceNow Orchestration
Deployment Tools,Stonebranch
Deployment Tools,VMware vRealize Orchestrator
Deployment Tools,Acquia Cloud Platform
Deployment Tools,Lagoon
Deployment Tools,CA 7 Workload Automation Intelligence
Deployment Tools,Buddy
Deployment Tools,Amazon EC2 Systems Manager
Deployment Tools,AWS Service Catalog
Deployment Tools,AWS Systems Manager
Deployment Tools,Red Hat Satellite
Deployment Tools,"SAP Landscape Management, enterprise edition"
Deployment Tools,SAP Solution Manager
Deployment Tools,CA Automic One Automation Platform
Deployment Tools,OpenText Operations Orchestration
Deployment Tools,StackStorm
Deployment Tools,Tidal Automation
Deployment Tools,VisualCron
Deployment Tools,cPanel
Deployment Tools,Plesk
Deployment Tools,AlternC
Deployment Tools,Centminmod
Deployment Tools,DirectAdmin
Deployment Tools,EasyEngine
Deployment Tools,FeatherPanel
Deployment Tools,i-MSCP
Deployment Tools,Pterodactyl Panel
Deployment Tools,SlickStack
Deployment Tools,AppWorx Workload Automation
Deployment Tools,Drone.io
Deployment Tools,Flosum
Deployment Tools,IBM SMP/E
Deployment Tools,JAMS
Deployment Tools,Salt Open
Deployment Tools,Semaphore
Deployment Tools,Snow Commander
Deployment Tools,ClickOnce
Deployment Tools,Webmin
Deployment Tools,Cloudera Manager
Deployment Tools,Datical
Deployment Tools,Liquibase
Robotic Process Automation,Automation Anywhere Bot Store
Robotic Process Automation,Automation Anywhere Process Discovery
Robotic Process Automation,Bizagi
Robotic Process Automation,Blueprism
Robotic Process Automation,Automation Anywhere
Robotic Process Automation,Camunda
Robotic Process Automation,Esker
Robotic Process Automation,Kofax ReadSoft Online
Robotic Process Automation,Kofax RPA
Robotic Process Automation,Microsoft Power Automate
Robotic Process Automation,Nintex
Robotic Process Automation,Pega Robotic Process Automation
Robotic Process Automation,Red Hat Process Automation Manager
Robotic Process Automation,SAP Build Process Automation
Robotic Process Automation,ServiceNow Flow Designer
Robotic Process Automation,SS&C Blue Prism Intelligent Automation Platform
Robotic Process Automation,The UiPath Platform™
Robotic Process Automation,Uipath
Robotic Process Automation,UiPath Action Center
Robotic Process Automation,UiPath Document Understanding
Robotic Process Automation,UiPath Robots
Robotic Process Automation,UiPath Studio
Robotic Process Automation,Worksoft RPA
Robotic Process Automation,AutomatePro
Robotic Process Automation,Lindy
Robotic Process Automation,Salesforce Flow
Robotic Process Automation,IBM Operational Decision Manager
Robotic Process Automation,iGrafx
Robotic Process Automation,Informatica Business Process Management
Robotic Process Automation,Kissflow
Robotic Process Automation,Micro Focus Solutions Business Manager
Robotic Process Automation,Nintex Process Manager
Robotic Process Automation,Oracle Business Process Management
Robotic Process Automation,Pipefy
Robotic Process Automation,ProcessMaker
Robotic Process Automation,Tungsten TotalAgility
Robotic Process Automation,NICE RPA
Robotic Process Automation,TOTVS Fluig
Robotic Process Automation,Winshuttle Foundation
Robotic Process Automation,JobRouter
Robotic Process Automation,n8n
Robotic Process Automation,Automated Growth
Robotic Process Automation,Flowable Platform
Robotic Process Automation,Prisme
Robotic Process Automation,ScapBot
Robotic Process Automation,TocToc
Enterprise Mobility Management,BlackBerry UEM
Enterprise Mobility Management,Digital.ai App Management
Enterprise Mobility Management,Fiberlink
Enterprise Mobility Management,Ivanti Endpoint Manager
Enterprise Mobility Management,Ivanti User Workspace Manager
Enterprise Mobility Management,Jamf
Enterprise Mobility Management,Citrix XenMobile
Enterprise Mobility Management,Jamf Pro
Enterprise Mobility Management,Kaseya VSA
Enterprise Mobility Management,Meraki Systems Manager
Enterprise Mobility Management,Microsoft Endpoint Configuration Manager
Enterprise Mobility Management,Microsoft Endpoint Manager
Enterprise Mobility Management,Microsoft Enterprise Mobility and Security
Enterprise Mobility Management,Microsoft Intune
Enterprise Mobility Management,Microsoft Intune Enterprise Application Management
Enterprise Mobility Management,Microsoft Intune Suite
Enterprise Mobility Management,Microsoft Roaming User Profiles
Enterprise Mobility Management,Microsoft System Center Configuration Manager
Enterprise Mobility Management,Oomnitza
Enterprise Mobility Management,Parallels Mac Management for Microsoft SCCM
Enterprise Mobility Management,Quest KACE System Management Appliance
Enterprise Mobility Management,SAP Afaria
Enterprise Mobility Management,SOTI
Enterprise Mobility Management,SOTI XSIGHT
Enterprise Mobility Management,VMware AirWatch
Enterprise Mobility Management,Apple Business Manager
Enterprise Mobility Management,ManageEngine Desktop Central
Enterprise Mobility Management,Microsoft Advanced Group Policy Management
Enterprise Mobility Management,N-able N-central
Enterprise Mobility Management,SUSE Manager
Enterprise Mobility Management,Symantec Altiris
Enterprise Mobility Management,VMware Workspace ONE
Enterprise Mobility Management,Ivanti Neurons for Discovery
Enterprise Mobility Management,Micro Focus Universal CMDB
Enterprise Mobility Management,PDQ Inventory
Enterprise Mobility Management,Apple School Manager
Enterprise Mobility Management,Hexnode MDM
Enterprise Mobility Management,Samsung Knox
Enterprise Mobility Management,Shavlik
Enterprise Mobility Management,Workspace ONE Unified Endpoint Management
Enterprise Mobility Management,ConnectWise Automate
Enterprise Mobility Management,AnyDesk
Enterprise Mobility Management,Apple Remote Desktop
Enterprise Mobility Management,Radmin
Enterprise Mobility Management,Splashtop
Enterprise Mobility Management,UltraVNC
Enterprise Mobility Management,Patch My PC
Enterprise Mobility Management,PDQ Deploy & Inventory
Enterprise Mobility Management,SmartDeploy
Enterprise Mobility Management,Symantec Ghost Solution Suite
Enterprise Mobility Management,Atera
Enterprise Mobility Management,Lansweeper
Enterprise Mobility Management,Windows Server Update Services
Enterprise Mobility Management,Impero
Enterprise Mobility Management,Symantec Endpoint Management
Enterprise Mobility Management,CentraStage RMM
Hosted Forms,123ContactForm
Hosted Forms,123FormBuilder
Hosted Forms,Formassembly
Hosted Forms,Form.com
Hosted Forms,Forms on the Fly
Hosted Forms,Formsite
Hosted Forms,Formspree
Hosted Forms,Formstack
Hosted Forms,Google Forms
Hosted Forms,Gravity Forms
Hosted Forms,Jotform
Hosted Forms,Microsoft Forms
Hosted Forms,Plumsail Forms
Hosted Forms,ProntoForms
Hosted Forms,Reformed
Hosted Forms,Scholarselect
Hosted Forms,Smartwaiver
Hosted Forms,Wufoo
Hosted Forms,Zoho Forms
Hosted Forms,Airform
Hosted Forms,Arengu
Hosted Forms,Basin
Hosted Forms,Form.io
Hosted Forms,Form.taxi
Hosted Forms,FormBold
Hosted Forms,FormBucket
Hosted Forms,Formcake
Hosted Forms,Formcan
Hosted Forms,FormDr
Hosted Forms,Formester
Hosted Forms,Formli
Hosted Forms,Formrun
Hosted Forms,Formsort
Hosted Forms,Frontlead
Hosted Forms,GoZen Forms
Hosted Forms,Inputflow
Hosted Forms,Klaviyo Forms
Hosted Forms,Modal Forms
Hosted Forms,NativeForms
Hosted Forms,Netlify Forms
Hosted Forms,OpnForm
Hosted Forms,Pabbly Form Builder
Hosted Forms,Powerful Form
Hosted Forms,QForm
Hosted Forms,Quform
Hosted Forms,Respondi
Hosted Forms,Sheet Monkey
Hosted Forms,Slapform
Hosted Forms,VertaFlow Forms
Hosted Forms,Web3Forms
Hosted Forms,Wherewolf
Hosted Forms,Caldera Forms
Hosted Forms,Contact Form 7
Hosted Forms,Doppler Forms
Hosted Forms,Formidable Form
Hosted Forms,Funnelforms
Hosted Forms,Ninja Forms
Hosted Forms,WPForms
Hosted Forms,Globo Form Builder
Hosted Forms,ArcGIS Survey123
Hosted Forms,iAuditor
Hosted Forms,Microsoft InfoPath
Hosted Forms,VideoAsk
Hosted Forms,Heyflow
Hosted Forms,HulkApps Form Builder
Hosted Forms,Impressure
Hosted Forms,Brandquiz
Hosted Forms,Tally
Hosted Forms,Yay! Forms
Hosted Forms,Typeform
Hosted Forms,Conditional Fields for Contact Form 7
Hosted Forms,Fillout
Hosted Forms,Marketo Forms
Hosted Forms,Ucalc
Hosting,Network Solutions
Hosting,Simply.com
Hosting,Namecheap shared hosting
Hosting,ru-center
Hosting,3t Systems
Hosting,6 Degrees Hosting
Hosting,A2 Hosting
Hosting,A Small Orange
Hosting,Adapt Hosting
Hosting,American Technology Services
Hosting,Aptible
Hosting,Aruba
Hosting,AT&T
Hosting,AT&T Web Hosting
Hosting,BigRock
Hosting,BlackMesh
Hosting,Blue Host
Hosting,Carpathia Hosting
Hosting,Catalyst
Hosting,CenturyLink
Hosting,Cirrus Tech
Hosting,Claranet Hosting
Hosting,Cloudways
Hosting,Connectria
Hosting,Crucial
Hosting,Data Foundry
Hosting,Datapipe
Hosting,Dbs International
Hosting,Dimension Data
Hosting,DreamHost Hosting
Hosting,DreamHost Shared Website Hosting
Hosting,ECRITEL
Hosting,Edgewebhosting
Hosting,Endurance International Group
Hosting,Equinix
Hosting,Expedient Data Centers
Hosting,Firehost
Hosting,Flywheel
Hosting,Fujitsu
Hosting,GoDaddy Hosting
Hosting,GoGrid
Hosting,Google Firebase Hosting
Hosting,Hetzner
Hosting,home.pl
Hosting,Hostalia
Hosting,HostDime
Hosting,Hostgator
Hosting,Hosting.com
Hosting,Hostinger
Hosting,HostMonster
Hosting,HostPapa
Hosting,iland
Hosting,InfoRelay
Hosting,InMotion Hosting
Hosting,Internap Network
Hosting,IONOS
Hosting,iPage
Hosting,IT.net
Hosting,Kinsta
Hosting,Latisys
Hosting,Layered Tech
Hosting,LeaseWeb
Hosting,Level 3 Hosting
Hosting,Linknow Media
Hosting,Liquidweb
Hosting,Logicworks
Hosting,MacStadium
Hosting,Media Temple
Hosting,Navisite
Hosting,Nexcess
Hosting,Online Tech
Hosting,OnRamp Hosting
Hosting,ORCS Web
Hosting,Peak 10
Hosting,Philadelphia Technology Park
Hosting,Platform.sh
Hosting,Pulsant Hosting
Hosting,Rackspace
Hosting,Rochen
Hosting,Selectel Hosting
Hosting,ServerBeach
Hosting,SimpleHelix
Hosting,SingleHop
Hosting,SiteGround VPS
Hosting,Sleek Networks
Hosting,Strato
Hosting,Terremark
Hosting,UK Fast Hosting
Hosting,Unified Layer
Hosting,Vercel
Hosting,Verio
Hosting,Verio Hosting
Hosting,Web.com
Hosting,Webflow Hosting
Hosting,Xand
Hosting,Xtium
Hosting,XXL webhosting
Hosting,Zerolag
Hosting,Acquia Cloud Site Factory
Hosting,ALL-INKL
Hosting,CactiveCloud
Hosting,Creoline
Hosting,Elementor Cloud
Hosting,FastComet
Hosting,GuideIT
Hosting,Helhost
Hosting,Hypercloudhost
Hosting,Hyperlane
Hosting,Infomaniak
Hosting,Luveedu Cloud
Hosting,Mercurycloud
Hosting,Motherhost
Hosting,Nestify
Hosting,Niagahoster
Hosting,Novaresa
Hosting,One.com
Hosting,Rosti
Hosting,Smilii
Hosting,Strattic
Hosting,Tangled Network
Hosting,Xserver
Hosting,Acquia Drupal Cloud
Hosting,Netlify
Hosting,Pagely
Hosting,Pantheon
Hosting,Wordpress VIP
Hosting,WP Engine
Hosting,Contegix
Hosting,Endurance
Hosting,Gatsby Cloud
Hosting,JustHost
Hosting,Locaweb
Hosting,Ntirety
Hosting,OneNeck IT Solutions
Hosting,Sakura Internet
Hosting,ServInt
Hosting,SiteGround
Hosting,Windstream
Hosting,Pressable
Hosting,Seravo
Hosting,Tiiny Host
Hosting,wp.cloud
Hosting,Yahoo! Small Business
Hosting,DanDomain
Hosting,Acquia Cloud
Hosting,DreamHost
Hosting,Standard Library
Hosting,Surge
Hosting,Starhost
Hosting,Americaneagle
Hosting,Developing Azerbaijan
Hosting,genezio
Hosting,Loop Web
Hosting,MsCode.pl
Hosting,VentryShield
Hosting,GitHub Pages
Hosting,GitHub Redirect
Lead Generation Software,ActiveConversion
Lead Generation Software,Albacross
Lead Generation Software,Captora
Lead Generation Software,Enecto
Lead Generation Software,Intelligent Demand
Lead Generation Software,Jornaya
Lead Generation Software,Kunversion
Lead Generation Software,LeadExplorer
Lead Generation Software,LeadForensics
Lead Generation Software,LeadLab
Lead Generation Software,Leadlander
Lead Generation Software,Leads by Web.com
Lead Generation Software,Market Leader
Lead Generation Software,Mentad
Lead Generation Software,OptinMonster
Lead Generation Software,Poptin
Lead Generation Software,ReachEdge
Lead Generation Software,ReachForce
Lead Generation Software,ResponseiQ
Lead Generation Software,Rooster
Lead Generation Software,TigerLead
Lead Generation Software,VisitorTrack
Lead Generation Software,Visual Visitor
Lead Generation Software,Sumo
Lead Generation Software,Dolead
Lead Generation Software,Excel Impact
Lead Generation Software,Vantage Media
Lead Generation Software,ActiveProspect
Lead Generation Software,Leadfeeder
Lead Generation Software,LeadsPedia
Lead Generation Software,PatientPop
Lead Generation Software,Thomas WebTrax
Lead Generation Software,VisitorTrack Predictive Marketing
Lead Generation Software,Wowanalytics
Lead Generation Software,Bazo
Lead Generation Software,Clearbit Reveal
Lead Generation Software,Juvo Leads
Lead Generation Software,LeadBoxer
Lead Generation Software,LEADIN
Lead Generation Software,Leadinfo
Lead Generation Software,LeadsSight
Lead Generation Software,Leady
Lead Generation Software,SalesViewer
Lead Generation Software,Brilliant Web-to-Lead
Lead Generation Software,Thrive Leads
Lead Generation Software,Clientacquisition
Lead Generation Software,Apollo.io
Lead Generation Software,LeanData
Lead Generation Software,Salesforce Web-To-Lead
Lead Generation Software,ZoomInfo Sales
Lead Generation Software,Aiva
Lead Generation Software,KickFire
Lead Generation Software,ZoomInfo DaaS
Lead Generation Software,Leady for Mailchimp
Lead Generation Software,Listagram
Lead Generation Software,Salesforce Data.com
Lead Generation Software,ZoomInfo
Lead Generation Software,6sense
Lead Generation Software,ProspectEye
Lead Generation Software,Boberdoo
Lead Generation Software,BTOLEAD
Lead Generation Software,Clearlink
Lead Generation Software,DataDojo
Lead Generation Software,Deep Lawn
Lead Generation Software,Jabmo
Lead Generation Software,Lead Concept
Lead Generation Software,Lead Prosper
Lead Generation Software,LeadByte
Lead Generation Software,Leadferno
Lead Generation Software,Leads2b
Lead Generation Software,LeadsBridge
Lead Generation Software,LeadsLeap
Lead Generation Software,MadKudu
Lead Generation Software,Mailocator
Lead Generation Software,ManyContacts
Lead Generation Software,Optinopoli
Lead Generation Software,Pocus
Lead Generation Software,Quizitri
Lead Generation Software,SalesWings
Lead Generation Software,ScoreApp
Lead Generation Software,Coreg-Feed
Lead Generation Software,Homeadvisor
Lead Generation Software,MegaLeads
Lead Generation Software,Upland Second Street
Lead Generation Software,TechTarget
Lead Generation Software,Wayin
Lead Generation Software,Qiyeku
Live Streaming Platforms,316networks
Live Streaming Platforms,AWS Elemental MediaLive
Live Streaming Platforms,Dacast
Live Streaming Platforms,Live365
Live Streaming Platforms,Neulion
Live Streaming Platforms,NewTek TriCaster
Live Streaming Platforms,OneStream Live
Live Streaming Platforms,Qbrick
Live Streaming Platforms,Restream
Live Streaming Platforms,Streamlabs
Live Streaming Platforms,StreamYard
Live Streaming Platforms,TuneIn
Live Streaming Platforms,Uplynk
Live Streaming Platforms,Ustream
Live Streaming Platforms,Vimeo Livestream
Live Streaming Platforms,Vizrt
Live Streaming Platforms,Wowza Video
Live Streaming Platforms,YouTube Live
Live Streaming Platforms,Apizee
Live Streaming Platforms,Bambuser
Live Streaming Platforms,Confer With
Live Streaming Platforms,Dyte
Live Streaming Platforms,EasyWebinar
Live Streaming Platforms,Go Instore
Live Streaming Platforms,Klarna Virtual Shopping
Live Streaming Platforms,Ocular
Live Streaming Platforms,Plaza
Live Streaming Platforms,Trovo
Live Streaming Platforms,Vonage Video API
Live Streaming Platforms,Webinato
Live Streaming Platforms,Wowza
Live Streaming Platforms,Immerss
Live Streaming Platforms,Sprii
Live Streaming Platforms,Boutiq
Live Streaming Platforms,Livescale
Live Streaming Platforms,Intrado
Live Streaming Platforms,Twitch Player
Live Streaming Platforms,Resi
Live Streaming Platforms,AzuraCast
Live Streaming Platforms,MediaPlatform
Live Streaming Platforms,Caast.tv
Live Streaming Platforms,Gumstack
Load Balancers,Amazon Elastic Load Balancer
Load Balancers,Azure Load Balancer
Load Balancers,Citrix ADC
Load Balancers,Citrix Intelligent Traffic Management
Load Balancers,F5 BIG-IP
Load Balancers,F5 BIG-IP Local Traffic Manager
Load Balancers,F5 Global Server Load Balancing
Load Balancers,F5 NGINX Ingress Controller
Load Balancers,F5 TMOS
Load Balancers,F5 VIPRION Platform
Load Balancers,Google Cloud Load Balancing
Load Balancers,Google Frontend
Load Balancers,ISA Web Publishing Load Balancer
Load Balancers,Ivanti vADC
Load Balancers,JetNEXUS
Load Balancers,Amazon ALB
Load Balancers,Amazon ELB
Load Balancers,Application Request Routing
Load Balancers,MATORI.NET
Load Balancers,AWS Application Load Balancer
Load Balancers,AWS Global Accelerator
Load Balancers,AWS Network Load Balancer
Load Balancers,Azure Application Gateway
Load Balancers,Azure Traffic Manager
Load Balancers,Envoy
Load Balancers,F5 Networks
Load Balancers,Project Contour
Load Balancers,nghttpx - HTTP/2 proxy
Load Balancers,F5 BIG-IP DNS
Loyalty and Gamification,Annex Cloud
Loyalty and Gamification,Badgeville
Loyalty and Gamification,BellyCard
Loyalty and Gamification,Bigdoor
Loyalty and Gamification,Bunchball
Loyalty and Gamification,Buyapowa
Loyalty and Gamification,CrowdTwist
Loyalty and Gamification,Eprize
Loyalty and Gamification,Loyalty Lab
Loyalty and Gamification,LoyaltyLion - loyalty platform
Loyalty and Gamification,Mention Me
Loyalty and Gamification,Paytronix CXP
Loyalty and Gamification,Perkville
Loyalty and Gamification,Punchh
Loyalty and Gamification,Punchtab
Loyalty and Gamification,Rafflecopter
Loyalty and Gamification,S Loyalty
Loyalty and Gamification,Smile.io
Loyalty and Gamification,Swell Rewards
Loyalty and Gamification,Zinrelo Loyalty Rewards Platform
Loyalty and Gamification,99minds
Loyalty and Gamification,Antavo
Loyalty and Gamification,Appstle
Loyalty and Gamification,Beans
Loyalty and Gamification,BON Loyalty
Loyalty and Gamification,CleverInsight
Loyalty and Gamification,Eber
Loyalty and Gamification,Fondue
Loyalty and Gamification,Gameball
Loyalty and Gamification,Glow
Loyalty and Gamification,HeyPongo
Loyalty and Gamification,Inveterate
Loyalty and Gamification,Kangaroo Rewards
Loyalty and Gamification,Loloyal
Loyalty and Gamification,Lootly
Loyalty and Gamification,Loyalzoo
Loyalty and Gamification,Loyoly
Loyalty and Gamification,Marsello
Loyalty and Gamification,MyCred
Loyalty and Gamification,Piggy
Loyalty and Gamification,Pobuca
Loyalty and Gamification,Redonner
Loyalty and Gamification,Rise.ai
Loyalty and Gamification,Sessionly
Loyalty and Gamification,ShopHub
Loyalty and Gamification,SpurIT Loyalty App
Loyalty and Gamification,TapMango
Loyalty and Gamification,Thanx
Loyalty and Gamification,Voucherify
Loyalty and Gamification,Vyper
Loyalty and Gamification,Warply
Loyalty and Gamification,Yotpo Loyalty & Referrals
Loyalty and Gamification,Smile
Loyalty and Gamification,RafflePress
Loyalty and Gamification,Bandwango
Loyalty and Gamification,Forewards
Loyalty and Gamification,Smile App
Loyalty and Gamification,Intive Referrals
Loyalty and Gamification,GrowSurf
Loyalty and Gamification,Influitive
Loyalty and Gamification,ShopSocially
Loyalty and Gamification,Ambassador
Loyalty and Gamification,Curebit
Loyalty and Gamification,Extole
Loyalty and Gamification,Friendbuy
Loyalty and Gamification,ReferralCandy
Loyalty and Gamification,Smartify
Loyalty and Gamification,ViralNinjas
Marketing Automation,6sense Revenue Marketing
Marketing Automation,Acoustic Campaign
Marketing Automation,Act-On
Marketing Automation,Active Campaign
Marketing Automation,ActiveDEMAND
Marketing Automation,Adobe Experience Cloud
Marketing Automation,Adobe Marketo Engage
Marketing Automation,Aprimo
Marketing Automation,APSIS One
Marketing Automation,Autopilot
Marketing Automation,Balihoo
Marketing Automation,Bento
Marketing Automation,Bluecore
Marketing Automation,BrandMuscle
Marketing Automation,Cheetah Digital
Marketing Automation,ClickDimensions
Marketing Automation,Clientify
Marketing Automation,ConvertFlow
Marketing Automation,Cordial
Marketing Automation,CoreMotives
Marketing Automation,Demandbase ABM/ABX Cloud
Marketing Automation,Demandforce
Marketing Automation,Dotdigital
Marketing Automation,Drip
Marketing Automation,Eloqua
Marketing Automation,eMarketeer
Marketing Automation,Engaging Networks
Marketing Automation,eTrigue
Marketing Automation,Force24
Marketing Automation,Genius
Marketing Automation,Genoo
Marketing Automation,Hatchbuck
Marketing Automation,HCL Unica Campaign
Marketing Automation,Hubspot
Marketing Automation,HubSpot Marketing Hub
Marketing Automation,IBM Watson Marketing
Marketing Automation,Insider
Marketing Automation,iPresso
Marketing Automation,Iterable
Marketing Automation,iZooto
Marketing Automation,Kahuna
Marketing Automation,Kapost
Marketing Automation,LeadFormix
Marketing Automation,LeadLiaison
Marketing Automation,Leadsius
Marketing Automation,Leadsquared Marketing Automation
Marketing Automation,Leanplum
Marketing Automation,LoopFuse
Marketing Automation,MakesBridge
Marketing Automation,Manticore
Marketing Automation,Mapp Marketing Cloud
Marketing Automation,Maropost Marketing Cloud
Marketing Automation,Mautic
Marketing Automation,Microsoft Dynamics 365 Marketing
Marketing Automation,Microsoft Marketing
Marketing Automation,Outreach.io
Marketing Automation,MoEngage
Marketing Automation,Net-Results
Marketing Automation,Netcore Customer Engagement and Experience Platform
Marketing Automation,Ometria
Marketing Automation,Omnisend
Marketing Automation,Oncord
Marketing Automation,Optify
Marketing Automation,Oracle Marketing Cloud
Marketing Automation,OutboundEngine
Marketing Automation,Photoslurp
Marketing Automation,PushEngage
Marketing Automation,Qualifio
Marketing Automation,RedEye
Marketing Automation,RollWorks Account-Based Platform
Marketing Automation,Salesforce Marketing Cloud
Marketing Automation,Salesforce Marketing Cloud Account Engagement
Marketing Automation,SalesFUSION
Marketing Automation,SALESmanago
Marketing Automation,SAS Marketing Automation
Marketing Automation,Selligent
Marketing Automation,SharpSpring
Marketing Automation,ShortStack
Marketing Automation,SimpleTexting
Marketing Automation,Skai
Marketing Automation,SlickText
Marketing Automation,SnapApp
Marketing Automation,Splio
Marketing Automation,Sprinklr Marketing
Marketing Automation,Triblio
Marketing Automation,UberFlip
Marketing Automation,Unica
Marketing Automation,VBOUT
Marketing Automation,Voyado
Marketing Automation,Vuture
Marketing Automation,Woobox
Marketing Automation,XMPie
Marketing Automation,Xtremepush
Marketing Automation,Yotpo SMSBump
Marketing Automation,RD Station
Marketing Automation,Acquia Campaign Factory
Marketing Automation,Actito
Marketing Automation,Adabra
Marketing Automation,Adenzo
Marketing Automation,Agillic
Marketing Automation,AI LOG
Marketing Automation,Aimbase
Marketing Automation,Aimtell
Marketing Automation,AiTrillion
Marketing Automation,Akero
Marketing Automation,AllClients
Marketing Automation,Ampry
Marketing Automation,AttractROI
Marketing Automation,Autoketing
Marketing Automation,AutomateWoo
Marketing Automation,Automatic Members
Marketing Automation,AutomaticSales
Marketing Automation,Automizely
Marketing Automation,AvidAI
Marketing Automation,Bant
Marketing Automation,Beam Impact
Marketing Automation,Blendee
Marketing Automation,Blue Corona
Marketing Automation,boomtime
Marketing Automation,Brafton
Marketing Automation,Brainlead
Marketing Automation,BrandBuilderAI
Marketing Automation,BuzzBuilder
Marketing Automation,BySide
Marketing Automation,CartKit
Marketing Automation,Carts Guru
Marketing Automation,Certishopping
Marketing Automation,CHIIRP
Marketing Automation,Chimpify
Marketing Automation,Clarivoy
Marketing Automation,CLIKdata
Marketing Automation,Closing Boost
Marketing Automation,Cnvert
Marketing Automation,CoCo AI
Marketing Automation,Connectally
Marketing Automation,Conneqto
Marketing Automation,ContactUs
Marketing Automation,Copernica
Marketing Automation,Copilot AI
Marketing Automation,Create Demand
Marketing Automation,CRM Done Better
Marketing Automation,Curaytor
Marketing Automation,Customer Stories
Marketing Automation,CXDP
Marketing Automation,D.Engage
Marketing Automation,Datacrush
Marketing Automation,Datarize
Marketing Automation,Deadline Funnel
Marketing Automation,Deal.ai
Marketing Automation,DeepMarkit
Marketing Automation,Delera
Marketing Automation,Dialog Insight
Marketing Automation,Doctor.com
Marketing Automation,e-goi
Marketing Automation,Ecal
Marketing Automation,Eggflow
Marketing Automation,Emanda
Marketing Automation,emBlue
Marketing Automation,Emotive
Marketing Automation,eSputnik
Marketing Automation,Estate Track
Marketing Automation,Feedify
Marketing Automation,Fello
Marketing Automation,Firepush
Marketing Automation,Flable
Marketing Automation,FlowTrack
Marketing Automation,FMG Suite
Marketing Automation,Frederick
Marketing Automation,FreedomKit
Marketing Automation,Frizbit
Marketing Automation,Funnel Science
Marketing Automation,FunnelCockpit
Marketing Automation,Funnels of Course
Marketing Automation,Geggio
Marketing Automation,Getback
Marketing Automation,Getgabs
Marketing Automation,GetMoreStudents
Marketing Automation,Goat Systems
Marketing Automation,Groove.cm
Marketing Automation,Gruvi
Marketing Automation,HappySync
Marketing Automation,Harafunnel
Marketing Automation,Higher Logic
Marketing Automation,HighLevel
Marketing Automation,Hub Platform
Marketing Automation,Hushly
Marketing Automation,icomm
Marketing Automation,icomm - Notifications Hub
Marketing Automation,Kartra
Marketing Automation,Kasika
Marketing Automation,KeaBuilder
Marketing Automation,Keywee
Marketing Automation,Kit
Marketing Automation,Kizen
Marketing Automation,KlickTipp
Marketing Automation,Kulea Marketing
Marketing Automation,Kwanzoo
Marketing Automation,LeadSlide
Marketing Automation,Linkz
Marketing Automation,LocalSignal
Marketing Automation,Lofty
Marketing Automation,LotLinx
Marketing Automation,Maatoo
Marketing Automation,Maestra
Marketing Automation,Magnews
Marketing Automation,Maguru
Marketing Automation,Markate
Marketing Automation,Marketify
Marketing Automation,MDirector
Marketing Automation,Merit
Marketing Automation,MissionSuite
Marketing Automation,Moast
Marketing Automation,Monocle
Marketing Automation,Movylo
Marketing Automation,MyEsalon
Marketing Automation,Najva
Marketing Automation,Nexxtmove
Marketing Automation,Niice
Marketing Automation,Nurture
Marketing Automation,Nurture Boss
Marketing Automation,Oddcast
Marketing Automation,Omacro
Marketing Automation,Online Succes
Marketing Automation,Opesta
Marketing Automation,Ops Calendar
Marketing Automation,OtterText
Marketing Automation,Outplay
Marketing Automation,Phonexa
Marketing Automation,PiAds
Marketing Automation,Pimster
Marketing Automation,Platformly
Marketing Automation,Plezi
Marketing Automation,Plices
Marketing Automation,PlusThis
Marketing Automation,Popify
Marketing Automation,Postie
Marketing Automation,Probance
Marketing Automation,Profit Lifter
Marketing Automation,ProfitFlo
Marketing Automation,Progreda
Marketing Automation,Promio
Marketing Automation,PushAlert
Marketing Automation,PushBots
Marketing Automation,Pushe
Marketing Automation,Pushify
Marketing Automation,Pushouse
Marketing Automation,PushOwl
Marketing Automation,PushPushGo
Marketing Automation,RE:Guest
Marketing Automation,ReadyPlanet
Marketing Automation,Redrive
Marketing Automation,Resultify
Marketing Automation,Reuzenpanda
Marketing Automation,RevTrax
Marketing Automation,Roas Funnels
Marketing Automation,Roof
Marketing Automation,Roojoom
Marketing Automation,Rosana
Marketing Automation,Sales Auotomator
Marketing Automation,SeedGrow
Marketing Automation,Send
Marketing Automation,SendHeap
Marketing Automation,Sendlane
Marketing Automation,SEO Samba
Marketing Automation,Setrow
Marketing Automation,Shanon
Marketing Automation,Signalize
Marketing Automation,SimplyCast
Marketing Automation,Socedo
Marketing Automation,Sokrati
Marketing Automation,Solitics
Marketing Automation,Spectate
Marketing Automation,Springbig
Marketing Automation,SprintHub
Marketing Automation,Stampede
Marketing Automation,Storylane
Marketing Automation,Streamlyne
Marketing Automation,Stylitics
Marketing Automation,SuperBuzz
Marketing Automation,Swifty
Marketing Automation,Synamate
Marketing Automation,Systeme.io
Marketing Automation,Systems Accel
Marketing Automation,Tagnology
Marketing Automation,Tapstream
Marketing Automation,Text Marketer
Marketing Automation,Textmagic
Marketing Automation,The AdsLab
Marketing Automation,theMarketer
Marketing Automation,TIEIT
Marketing Automation,TITANPush
Marketing Automation,Tolstoy
Marketing Automation,Tomis
Marketing Automation,ToneDen
Marketing Automation,Topline Pro
Marketing Automation,Unipag
Marketing Automation,Upsales
Marketing Automation,UpScale Systems
Marketing Automation,Vimos
Marketing Automation,Vioma
Marketing Automation,Voltn
Marketing Automation,VWO Engage
Marketing Automation,Vyve+
Marketing Automation,Warmly
Marketing Automation,Web4Realty
Marketing Automation,Webinaris
Marketing Automation,Webpushr
Marketing Automation,Wigzo
Marketing Automation,Wishloop
Marketing Automation,WooChat
Marketing Automation,Woorise
Marketing Automation,Wyng
Marketing Automation,YouLead
Marketing Automation,Zaxaa
Marketing Automation,Zenrez
Marketing Automation,Zeppelin
Marketing Automation,Zipleads
Marketing Automation,Acoustic
Marketing Automation,Airship
Marketing Automation,Attentive
Marketing Automation,Batch
Marketing Automation,Adobe Campaign
Marketing Automation,Adobe Journey Optimizer
Marketing Automation,Amazon Pinpoint
Marketing Automation,Braze
Marketing Automation,CleverTap
Marketing Automation,Salesforce Journey Builder
Marketing Automation,SalesLoft
Marketing Automation,Satori
Marketing Automation,Showpad
Marketing Automation,Springbot
Marketing Automation,Carrot quest
Marketing Automation,Noddus
Marketing Automation,Synerise
Marketing Automation,user.com
Marketing Automation,BowNow
Marketing Automation,Convio
Marketing Automation,HubSpot WordPress plugin
Marketing Automation,Thrive Ultimatum
Marketing Automation,Clearstream
Marketing Automation,InforUMobile
Marketing Automation,Text In Church
Marketing Automation,Optimove
Marketing Automation,Salesforce Sales Engagement
Marketing Automation,Yesware
Marketing Automation,Bonsai
Marketing Automation,Laylo
Marketing Automation,Tiled
Marketing Automation,Airship CRM
Marketing Automation,Contlo
Marketing Automation,Netcore Cloud
Marketing Automation,TargetBay
Marketing Automation,WebEngage
Marketing Automation,BiteSpeed
Marketing Automation,Omnisend Email Marketing & SMS
Marketing Automation,lemlist
Marketing Automation,Boomtrain
Marketing Automation,Customer.IO
Marketing Automation,Emarsys
Marketing Automation,Listrak
Marketing Automation,Mailshake
Marketing Automation,MessageGears
Marketing Automation,Nudgespot
Marketing Automation,OneSignal
Marketing Automation,Responsys
Marketing Automation,Saleshandy
Marketing Automation,Spotler
Marketing Automation,Trumpia
Marketing Automation,Aument
Marketing Automation,Feathr
Marketing Automation,KARTE
Marketing Automation,Proposify
Marketing Automation,ClearSlide
Marketing Automation,EZ Texting
Marketing Automation,Mixmax
Marketing Automation,Overloop
Marketing Automation,Reply
Marketing Automation,Community
Marketing Automation,Microsoft Customer Experience Management
Marketing Automation,AdvisorStream
Marketing Automation,Bigtincan Readiness
Marketing Automation,Highspot
Marketing Automation,Seismic
Marketing Automation,Snovio
Marketing Automation,Zurple
Marketing Automation,Allego
Marketing Automation,Backstage
Marketing Automation,ListFinder
Marketing Automation,Navattic
Marketing Automation,Postscript
Marketing Automation,Privy
Marketing Automation,Pushnami
Marketing Automation,Seismic Content
Marketing Automation,StructuredWeb
Marketing Automation,Terminus
Marketing Automation,Thunderhead
Marketing Automation,Gravitec.net
Marketing Automation,Contents
Marketing Automation,Rock Content
Marketing Automation,Contently
Marketing Automation,TradableBits
Marketing Automation,FoxPush
Marketing Automation,PushAd
Online Testing Platforms,AB Tasty
Online Testing Platforms,Adobe TestAndTarget
Online Testing Platforms,DynamicYield
Online Testing Platforms,Google Firebase A/B Testing
Online Testing Platforms,Google Website Optimizer
Online Testing Platforms,Hiconversion
Online Testing Platforms,Optimizely
Online Testing Platforms,Optimost
Online Testing Platforms,Sitespect
Online Testing Platforms,Visual Website Optimizer
Online Testing Platforms,Webtrends Optimize
Online Testing Platforms,ABLyft
Online Testing Platforms,Bringie
Online Testing Platforms,Convert
Online Testing Platforms,Estore Compare
Online Testing Platforms,GrowthBook
Online Testing Platforms,Intelligems
Online Testing Platforms,Juo
Online Testing Platforms,Neat A/B testing
Online Testing Platforms,Nelio Testing
Online Testing Platforms,Optibase
Online Testing Platforms,Overheat
Online Testing Platforms,RankScience
Online Testing Platforms,Shoplift
Online Testing Platforms,Split Hero
Online Testing Platforms,Tontine
Online Testing Platforms,Trbo
Online Testing Platforms,Trident AB
Online Testing Platforms,Varify
Online Testing Platforms,Vertster
Online Testing Platforms,VisiOpt
Online Testing Platforms,Zoho PageSense
Online Testing Platforms,VWO
Online Testing Platforms,Google Firebase Remote Config
Online Testing Platforms,Leaflet platform
Online Testing Platforms,LaunchDarkly
Online Testing Platforms,Convertize
Online Testing Platforms,Omniconvert
Online Testing Platforms,Split by Harness
Online Testing Platforms,FlagSmith
Online Testing Platforms,Adobe Target
Online Testing Platforms,Amadesa
Online Testing Platforms,Google Optimize
Online Video Platforms,Azure Media Player
Online Video Platforms,Biteable
Online Video Platforms,Bitmovin
Online Video Platforms,Bits on the Run
Online Video Platforms,BlipTV
Online Video Platforms,Brightcove
Online Video Platforms,Clipchamp
Online Video Platforms,Clipstream
Online Video Platforms,DailyMotion
Online Video Platforms,Eagle Platform
Online Video Platforms,Flowplayer
Online Video Platforms,Fordela
Online Video Platforms,JW Player
Online Video Platforms,Kaltura
Online Video Platforms,Kewego
Online Video Platforms,Kit Digital
Online Video Platforms,Magisto
Online Video Platforms,Mediasilo
Online Video Platforms,MovingImage24
Online Video Platforms,Muvi
Online Video Platforms,Ooyala
Online Video Platforms,Ooyala Flex Media Platform
Online Video Platforms,Pivotshare
Online Video Platforms,Playwire
Online Video Platforms,Quadia
Online Video Platforms,Searchie
Online Video Platforms,Simian
Online Video Platforms,Springboard Video
Online Video Platforms,Synthesia
Online Video Platforms,ThePlatform
Online Video Platforms,Tvigle
Online Video Platforms,Twistage
Online Video Platforms,Uscreen
Online Video Platforms,VEED
Online Video Platforms,Vid.ly
Online Video Platforms,Vidcaster
Online Video Platforms,Viddler
Online Video Platforms,Vidyard
Online Video Platforms,Vimeo
Online Video Platforms,Vzaar
Online Video Platforms,WeVideo
Online Video Platforms,Wiredrive
Online Video Platforms,Wirewax
Online Video Platforms,Wistia
Online Video Platforms,YouTube
Online Video Platforms,Zaption
Online Video Platforms,Asciinema
Online Video Platforms,Blinklink
Online Video Platforms,Clipara
Online Video Platforms,Cloudflare Stream
Online Video Platforms,Delight XR
Online Video Platforms,Inplayer
Online Video Platforms,Panda Video
Online Video Platforms,Presto Player
Online Video Platforms,Remotion
Online Video Platforms,Rumble
Online Video Platforms,Vidjet
Online Video Platforms,Vidscrip
Online Video Platforms,Vimeo OTT
Online Video Platforms,Widde
Online Video Platforms,Wowza Video Player
Online Video Platforms,TikTok
Online Video Platforms,MagnetVideo
Online Video Platforms,AnyClip
Online Video Platforms,STN Video
Online Video Platforms,Hudl Sportscode
Online Video Platforms,Fireside
Online Video Platforms,Limelight Video Platform
Online Video Platforms,Qumu
Online Video Platforms,Vbrick
Online Video Platforms,Warm Welcome
Online Video Platforms,Amazon Elastic Transcoder
Online Video Platforms,Anchor
Online Video Platforms,AWS Elemental MediaConvert
Online Video Platforms,Axio LE
Online Video Platforms,Google Cloud Anvato
Online Video Platforms,Distrify
Online Video Platforms,DistroScale
Online Video Platforms,VHX
Online Video Platforms,Yekra
Online Video Platforms,RealGravity
Online Video Platforms,Vidible
Online Video Platforms,Zencoder
Online Video Platforms,PeerTube
Online Video Platforms,Delve
Online Video Platforms,3Play Media
Online Video Platforms,ART19
Online Video Platforms,Descript
Online Video Platforms,Kapwing
Online Video Platforms,Zype
Online Video Platforms,Acast
Online Video Platforms,Adobe Media Encoder
Online Video Platforms,Buzzsprout
Online Video Platforms,Cincopa
Online Video Platforms,Libsyn
Online Video Platforms,PodBean
Online Video Platforms,SimpleCast
Online Video Platforms,Spreaker
Online Video Platforms,Panopto
Online Video Platforms,Riverside.fm
Online Video Platforms,Sonic Foundry
Online Video Platforms,Viloud
Online Video Platforms,VMIX
Online Video Platforms,Promo AI
Online Video Platforms,Adobe Audition
Online Video Platforms,Apple iLife
Online Video Platforms,Apple Music
Online Video Platforms,Deezer
Online Video Platforms,Logic Pro X
Online Video Platforms,Sound Forge
Online Video Platforms,SoundCloud
Online Video Platforms,Spotify
Online Video Platforms,Tidal
Online Video Platforms,Ausha
Online Video Platforms,Sardius Media
Online Video Platforms,Spotify Web API
Online Video Platforms,Adobe Premiere Pro
Online Video Platforms,Animoto
Online Video Platforms,Apple Final Cut Pro X
Online Video Platforms,HippoVideo
Online Video Platforms,Idomoo
Online Video Platforms,Invodo
Online Video Platforms,Piksel
Online Video Platforms,Treepodia
Online Video Platforms,VEGAS Pro
Online Video Platforms,Adobe After Effects
Online Video Platforms,Adobe Character Animator
Online Video Platforms,Adobe Premiere Rush
Online Video Platforms,Animaker
Online Video Platforms,Camtasia
Online Video Platforms,Powtoon
Online Video Platforms,Screencastify
Online Video Platforms,VideoScribe
Online Video Platforms,Captivate.fm
Online Video Platforms,Omny Studio
Online Video Platforms,Podigee
Online Video Platforms,Remixd
Online Video Platforms,Transistor.fm
Online Video Platforms,Trinity Audio
Online Video Platforms,Whooshkaa
Other,Uber for Business
Other,Cemetery Workstation
Other,Civica
Other,CounterTrade Products Inc
Other,FBWCA-AR
Other,greyscale - black
Other,greyscale - grey
Other,greyscale - white
Other,IBM Engineering Requirements Management DOORS Next
Other,IBM Rational RequisitePro
Other,ICP
Other,Internet Explorer
Other,Jackson Walker
Other,LabVantage
Other,LabWare LIMS
Other,LogIC
Other,Micro
Other,Milsoft Utility
Other,Mobile Friendly
Other,NASA
Other,Polygon
Other,ServiceNow Store
Other,Upland Software
Other,BigPoint
Other,Coinhave
Other,CoinHive
Other,Coinimp
Other,Crypto-Loot
Other,deepMiner
Other,Koha
Other,Meticular
Other,Minero.cc
Other,Minerstat
Other,Moon Organizer
Other,Sentara
Other,TripIt
Other,Tryzens
Other,Venly
Other,Waste Connections
Other,Weatherstack
Financial Software,Abrigo Sageworks
Financial Software,Accounting Seed
Financial Software,Addepar
Financial Software,Alkami
Financial Software,Avaloq
Financial Software,Billtrust
Financial Software,BlackLine Invoice-to-Cash
Financial Software,Broadridge
Financial Software,Cadency by Trintech
Financial Software,Workday Financial
Financial Software,Certinia Accounting
Financial Software,Chrome River Invoice
Financial Software,Clear Books
Financial Software,Concur Expense
Financial Software,Concur Gelco
Financial Software,Concur Invoice
Financial Software,CreditLens
Financial Software,DATEV Accounting
Financial Software,Dext
Financial Software,Drake Tax
Financial Software,Emburse
Financial Software,Emburse Expense Professional
Financial Software,Emburse Nexonia
Financial Software,Envestnet
Financial Software,Equity Edge Online
Financial Software,Expensify
Financial Software,FactSet
Financial Software,Finacle
Financial Software,FinFit
Financial Software,FIS
Financial Software,FIS Relius
Financial Software,Fiserv DNA
Financial Software,Fiserv Premier
Financial Software,FreeAgent
Financial Software,FUND E-Z
Financial Software,HighRadius
Financial Software,ICE Mortgage
Financial Software,Infor CloudSuite Financials
Financial Software,Intuit ProSeries
Financial Software,Intuit ProSeries Tax
Financial Software,InvestCloud Blue
Financial Software,Investran
Financial Software,IRESS
Financial Software,Jack Henry & Associates
Financial Software,Jack Henry & Associates SilverLake
Financial Software,Kyriba
Financial Software,MeridianLink Mortgage
Financial Software,MetaTrader 5
Financial Software,MineralTree
Financial Software,Morningstar Office
Financial Software,Myob
Financial Software,nCino Cloud Banking Platform
Financial Software,OANDA Corporation
Financial Software,Oracle Cash Management
Financial Software,Oracle Financial Consolidation and Close
Financial Software,Oracle Hyperion Financial Management
Financial Software,Oracle Tax Reporting Cloud
Financial Software,Orion Advisor Tech
Financial Software,ProSystem fx Suite
Financial Software,Quadient Accounts Payable Automation by Beanworks
Financial Software,Questica Budget Suite
Financial Software,QuickBooks
Financial Software,Quickbooks Desktop
Financial Software,QuickBooks Desktop Enterprise
Financial Software,QuickBooks Desktop Pro
Financial Software,QuickBooks Online Advanced
Financial Software,Sage 50cloud Accounting
Financial Software,Sage Timeslips
Financial Software,SAP Cash Management
Financial Software,SAP Credit Management
Financial Software,SAP Financial Accounting
Financial Software,SAP Financial Consolidation
Financial Software,SAP Financial Management
Financial Software,SAP Financial Supply Chain Management
Financial Software,SAP General Ledger Accounting
Financial Software,SAP Loans Management
Financial Software,SAP Profitability Analysis
Financial Software,SAP S/4HANA Cloud for treasury and risk management
Financial Software,SAP Treasury and Risk Management
Financial Software,Shareworks by Morgan Stanley
Financial Software,SS&C
Financial Software,Temenos Infinity
Financial Software,Thomson Reuters
Financial Software,UltraTax CS
Financial Software,Wave Accounting
Financial Software,Wolters Kluwer Commerce Clearing House
Financial Software,Workday Accounting and Finance
Financial Software,YayPay
Financial Software,Akaunting
Financial Software,Lendi
Financial Software,Tiller
Financial Software,Harvest
Financial Software,Avalara
Financial Software,blend
Financial Software,Calypso
Financial Software,Carta
Financial Software,Certify
Financial Software,Concur
Financial Software,Ramp
Financial Software,Xero
Financial Software,Fixer
Financial Software,Deriv
Financial Software,Floify
Financial Software,Sage Intacct
Financial Software,Zoho Books
Financial Software,AWS Budgets
Financial Software,AWS Cost and Usage Report
Financial Software,AWS Cost Explorer
Financial Software,Azure Cost Management
Financial Software,Azure Cost Management and Billing
Financial Software,Google Cloud Cost Management
Financial Software,"Kubecost, an IBM Company"
Financial Software,Oracle Cloud EPM
Financial Software,Investor Management Services
Financial Software,SimpleNexus
Financial Software,Subscribfy
Financial Software,Plate IQ
Financial Software,Black Knight
Financial Software,Finastra
Financial Software,Oracle Financial Services
Financial Software,Oracle FLEXCUBE
Financial Software,Tradeshift
Financial Software,IFC Markets
Financial Software,SafeSend
Financial Software,Anaplan for Sales
Financial Software,Cognos Planning Analytics
Financial Software,IBM Cognos Controller
Financial Software,Jedox
Financial Software,OneStream
Financial Software,Oracle Hyperion Enterprise
Financial Software,Oracle Hyperion Planning
Financial Software,PROS
Financial Software,SAP Profitability and Performance Management
Financial Software,Vena
Financial Software,Workday Business Planning
Financial Software,Workiva
Financial Software,Axiom Software
Financial Software,CCH Tagetik
Financial Software,Cegid Notilus
Financial Software,CONTPAQi
Financial Software,DXC Hogan Systems
Financial Software,Infor F9
Financial Software,MYOB Business
Financial Software,MYOB Business AccountRight
Financial Software,Oracle Planning Cloud
Financial Software,Sage 50
Financial Software,SAP Strategic Enterprise Management
Financial Software,Wolters Kluwer Twinfield
Financial Software,Xero HQ
Financial Software,Oracle Fusion Cloud - EPM
Financial Software,Q2
Financial Software,Mirador
Financial Software,ARGUS Developer
Financial Software,Abrigo
Financial Software,Airbase
Financial Software,Amex GBT Neo
Financial Software,Avalara CertCapture
Financial Software,BytePro
Financial Software,Calyx Point
Financial Software,Episys
Financial Software,ExactOnline
Financial Software,Medius
Financial Software,Moxy
Financial Software,MX.3
Financial Software,Navan
Financial Software,Nexus Systems
Financial Software,Nitrogen
Financial Software,Optimal Blue
Financial Software,Pleo
Financial Software,ProPricer
Financial Software,Rydoo
Financial Software,Sage Nonprofit
Financial Software,Stampli
Financial Software,Symitar
Financial Software,T24
Financial Software,Tamarac
Financial Software,Tungsten Network
Financial Software,Juniper Square
Financial Software,Quickbooks Online
Financial Software,Stripe Tax
Financial Software,Taulia
Financial Software,Uniswap
Financial Software,Yardi PAYscan
Financial Software,Apxium
Property Management Software,Accruent
Property Management Software,Agilysys
Property Management Software,Agilysys Visual One
Property Management Software,Appfolio
Property Management Software,AppFolio Lisa
Property Management Software,Archibus
Property Management Software,Axis
Property Management Software,Building Engines
Property Management Software,BuildingLink
Property Management Software,Buildium
Property Management Software,Rent Cafe
Property Management Software,Cloudbeds
Property Management Software,Entrata
Property Management Software,eviivo suite
Property Management Software,Guestline
Property Management Software,Guesty
Property Management Software,IBM TRIRIGA Application Suite
Property Management Software,Infor HMS
Property Management Software,Knock CRM
Property Management Software,Lodgix.com
Property Management Software,Maestro PMS
Property Management Software,Mews
Property Management Software,MRI Software
Property Management Software,Nexudus
Property Management Software,OPERA Cloud PMS
Property Management Software,Oracle Hospitality OPERA Property Management System
Property Management Software,Oracle Hospitality Suite8
Property Management Software,Planon
Property Management Software,Promas
Property Management Software,Propertyware
Property Management Software,Realpage
Property Management Software,RMS Hospitality Cloud
Property Management Software,roomMaster by innQuest
Property Management Software,SAP Real Estate Management
Property Management Software,StarRez
Property Management Software,Tenant Turner
Property Management Software,Yardi
Property Management Software,Rent Manager
Property Management Software,Yardi Affordable Housing Suite
Property Management Software,Yardi Breeze
Property Management Software,Yardi Commercial Suite
Property Management Software,Yardi Elevate
Property Management Software,Yardi RENTCafe
Property Management Software,Yardi Voyager
Property Management Software,Sirvoy
Property Management Software,SuperHote
Property Management Software,miniCal
Property Management Software,Mirvac
Property Management Software,Tokeet
Property Management Software,Beddy
Property Management Software,Bookster
Property Management Software,DoorLoop
Property Management Software,Mirai
Property Management Software,Pilera
Property Management Software,SabeeApp
Property Management Software,Showdigs
Property Management Software,Vantaca
Property Management Software,Inframark
Property Management Software,FMS:Workplace
Property Management Software,Parityrate
Property Management Software,Sharper MMS
Property Management Software,Track Hospitality Software
Property Management Software,Roomkey
Property Management Software,Booking Factory
Property Management Software,Clock PMS
Property Management Software,Easy Rez
Property Management Software,Elina PMS
Property Management Software,Findigs
Property Management Software,HomHero
Property Management Software,LobbyPMS
Property Management Software,Straiv
Property Management Software,Uplisting
Property Management Software,VisBook
Property Management Software,WeeBnB
Payments,2Checkout
Payments,Adyen
Payments,Affirm
Payments,Afterpay
Payments,Airwallex
Payments,Alipay
Payments,Amazon Pay
Payments,Amazon Pay for Business
Payments,American Express
Payments,Apple Pay
Payments,Apple Pay for merchants
Payments,Authorize.NET
Payments,Avangate
Payments,AvidXchange
Payments,Balanced
Payments,BILL
Payments,BillMeLater
Payments,Binance
Payments,BitPay
Payments,BlueSnap
Payments,Braintree
Payments,Bread
Payments,Cash App
Payments,CCBill
Payments,Chargebee
Payments,checkout.com
Payments,Cleeng
Payments,Coinbase Wallet
Payments,Concur Payment
Payments,Corpay
Payments,Cybersource
Payments,Digital River
Payments,Dogecoin
Payments,Donately
Payments,Dwolla
Payments,FastSpring
Payments,Fiserv
Payments,Flattr
Payments,Flutterwave
Payments,Flywire
Payments,Freshbooks
Payments,GoCardless
Payments,Google Wallet
Payments,Heartland Payments+
Payments,Ingenico ePayments
Payments,InstaMed
Payments,Klarna
Payments,MasterPass
Payments,Maxio
Payments,Mollie
Payments,MPP-Global
Payments,Naver Pay
Payments,Oracle Payments
Payments,Paddle
Payments,Pagar.me
Payments,Payeezy
Payments,Payoneer
Payments,Paypal
Payments,PayPal Credit
Payments,PayPal Payments
Payments,PaySimple
Payments,PayU
Payments,Plaid
Payments,Plooto
Payments,Pushpay
Payments,QuadPay
Payments,Rapyd
Payments,Recharge Payments
Payments,Recurly
Payments,Recurly JS
Payments,RentPayment from MRI Software
Payments,Sage Pay
Payments,Sertifi
Payments,Sezzle
Payments,Shopify Payments
Payments,Splitit
Payments,Spreedly
Payments,Square Payments
Payments,Stax
Payments,Stripe
Payments,Stripe Billing
Payments,Stripe Connect
Payments,Stripe Payments
Payments,Stripe Terminal
Payments,Tipalti
Payments,TrialPay
Payments,TSYS
Payments,Venmo
Payments,Versapay
Payments,Vindicia
Payments,Visa
Payments,Visa Checkout
Payments,WebPay
Payments,WePay
Payments,World Pay
Payments,Zombaio
Payments,Zuora
Payments,ActBlue
Payments,Addi
Payments,Amex Express Checkout
Payments,Atome
Payments,Barion
Payments,Binance Pay
Payments,Bitcoin
Payments,Bolt Payments
Payments,Bontii
Payments,Bootpay
Payments,BridgerPay
Payments,Briqpay
Payments,cashew
Payments,ChargeAfter
Payments,CitrusPay
Payments,Click & Pledge
Payments,Coinbase Commerce
Payments,Community Funded
Payments,Conekta
Payments,Culqi
Payments,CustomDonations
Payments,Deko
Payments,DivideBuy
Payments,Divido
Payments,Donorbox
Payments,doxo
Payments,eWAY Payments
Payments,Facebook Pay
Payments,Fat Zebra
Payments,FinConnect
Payments,Flip-Pay
Payments,Four
Payments,Frontstream
Payments,Fundraise Up
Payments,FundRazr
Payments,GiveSmart
Payments,GiveWP
Payments,GivingFuel
Payments,Google Pay
Payments,Grab Pay Later
Payments,HeyLight
Payments,HiPay
Payments,hoolah
Payments,Humm
Payments,Iamport
Payments,iRaiser
Payments,JUST
Payments,Kiva
Payments,Klarna Checkout
Payments,Klasha
Payments,Knit pay
Payments,KueskiPay
Payments,Laterpay
Payments,LatitudePay
Payments,LawPay
Payments,LayBuy
Payments,LayUp
Payments,Liberapay
Payments,Limepay
Payments,Mastercard
Payments,MemberSpace
Payments,Midtrans
Payments,MineLabz donations
Payments,MiniBC
Payments,Mintpay
Payments,mobicred
Payments,Mokka
Payments,Mul-Pay
Payments,Network for Good
Payments,Omise
Payments,OneCause
Payments,Oney
Payments,OpenPay
Payments,Pace
Payments,Pagolight
Payments,Paidy
Payments,Partial.ly
Payments,Pay It Later
Payments,PayBright
Payments,Paycove
Payments,Paydock
Payments,PayFast
Payments,Payflex
Payments,PayHere
Payments,PayJustNow
Payments,Payl8r
Payments,Paymattic
Payments,Paymentus
Payments,Payrexx
Payments,Paysafe
Payments,Paysera
Payments,PAYTR
Payments,Payva
Payments,PCI Proxy
Payments,Pelcro
Payments,Pesapal
Payments,Pin Payments
Payments,Plenigo
Payments,Postpay
Payments,PowerPay
Payments,Prive
Payments,ProcessOut
Payments,Prommt
Payments,Prospa
Payments,Qgiv
Payments,RaiseDonors
Payments,RevCent
Payments,Revv
Payments,Scalapay
Payments,SeQura
Payments,Service Provider Pro
Payments,Shop Pay
Payments,Shop Pay Installments
Payments,Shoppable
Payments,Sogecommerce
Payments,Soisy
Payments,SplittyPay
Payments,Spotii
Payments,SpurIT Partial Payments App
Payments,SpurIT Recurring Payments App
Payments,Stage Try
Payments,T1 Pagos
Payments,Tabby
Payments,Tamago
Payments,Tamara
Payments,Tap Payments
Payments,Thrinacia
Payments,TNS Payments
Payments,TryNow
Payments,Twingle
Payments,Vanco Payment Solutions
Payments,ViaBill
Payments,Voltage
Payments,Wallkit
Payments,WayForPay
Payments,Wirecard
Payments,Wizpay
Payments,Wyre
Payments,Xpresslane
Payments,Xsolla
Payments,Yever
Payments,YooMoney
Payments,Yuno
Payments,ZoodPay
Payments,Square
Payments,Balance
Payments,Zip
Payments,iEXExchanger
Payments,Leaky Paywall
Payments,MemberStack
Payments,Moneris Payment Gateway
Payments,WebToffee Stripe Payment Plugin for WooCommerce
Payments,WooCommerce PayPal Checkout Payment Gateway
Payments,WooCommerce PayPal Payments
Payments,WooCommerce Stripe Payment Gateway
Payments,WooCommerce Subscriptions
Payments,Classy
Payments,Oracle Utilities Customer Care and Billing Solutions
Payments,Salesforce Elevate
Payments,Iteras
Payments,ACI Worldwide
Payments,Aplazame
Payments,Coinbase
Payments,Iugu
Payments,Moneris
Payments,Paymentech
Payments,Qwikcilver
Payments,Samsung Pay
Payments,Samsung Wallet
Payments,Vantiv
Payments,Fast Checkout
Payments,Plug&Pay
Payments,Sellix
Payments,Tulo
Payments,Google Pay for Business
Payments,Octane
Payments,Seal Subscriptions
Payments,Skio
Payments,YouPay
Payments,Nelnet
Payments,Knoma
Payments,Bottomline
Payments,PagSeguro
Payments,Patreon
Payments,WHMCS
Payments,BILLmanager
Payments,Aria Systems
Payments,CSG
Payments,CSG Forte
Payments,Deluxe
Payments,GiveGab
Payments,Google Checkout
Payments,Kimbia
Payments,Memberful
Payments,MemberMouse
Payments,Metamask
Payments,Piano.io
Payments,REACH
Payments,Blesta
Payments,Hearth
Payments,JSEcoin
Payments,Cashfree
Payments,Oracle Communications Billing and Revenue Management
Payments,Paytm
Payments,ProfitStars
Payments,Razorpay
Payments,TransferWise
Payments,Ignition
Payments,MemberPress
Payments,Buy me a coffee
Payments,Ko-fi
Personalization,Amazon Personalize
Personalization,Baynote
Personalization,Certona
Personalization,Commerce Sciences
Personalization,iGoDigital
Personalization,Kameleoon
Personalization,Lead Converter
Personalization,Monoloop
Personalization,MyBuys
Personalization,Optimizely Personalization
Personalization,PathFactory
Personalization,Peerius
Personalization,Personyze
Personalization,RetailRocket
Personalization,RichRelevance
Personalization,Sailthru
Personalization,Salesforce Marketing Cloud Personalization
Personalization,Segmentify
Personalization,Strands Retail
Personalization,Wunderkind
Personalization,4-Tell
Personalization,Adaptix
Personalization,Adnymics
Personalization,Apptus
Personalization,Beyable
Personalization,bluebarry
Personalization,Bounce Commerce
Personalization,BrainSINS
Personalization,Cartful
Personalization,Clerk.io
Personalization,Clinch
Personalization,CloudEngage
Personalization,Clubcast
Personalization,Combeenation
Personalization,Connectif
Personalization,ConvertBox
Personalization,Crall
Personalization,CREMA
Personalization,Cross Sell
Personalization,Dapta
Personalization,Depict
Personalization,Drapr
Personalization,DreamROI
Personalization,Epoq
Personalization,Fit Analytics
Personalization,Fitizzy
Personalization,Fitle
Personalization,Fresh Relevance
Personalization,Groobee
Personalization,Hello Retail
Personalization,Jeeng
Personalization,Jivox
Personalization,Jubna
Personalization,Kaisa
Personalization,Kibo Personalization
Personalization,Kiwi Sizing
Personalization,LiftIgniter
Personalization,LimeSpot
Personalization,Mezereon
Personalization,Navu
Personalization,Nuqlium
Personalization,Outfindo
Personalization,Ownpage
Personalization,PageNudge
Personalization,ParticularAudience
Personalization,PersonaClick
Personalization,Personizely
Personalization,Perzonalization
Personalization,Poloriz
Personalization,Potions
Personalization,Prediggo
Personalization,Preezie
Personalization,Primeleads
Personalization,PureClarity
Personalization,Qubit
Personalization,Raptor
Personalization,Reelevant
Personalization,Relewise
Personalization,RevLifter
Personalization,RightMessage
Personalization,Rokt
Personalization,Rtoaster
Personalization,Ryzeo
Personalization,SalesFire
Personalization,Sendpad
Personalization,Shoefitr.io
Personalization,Shopbox AI
Personalization,Sizebay
Personalization,SizeMe
Personalization,SmartHint
Personalization,Storyly
Personalization,Streamoid
Personalization,StrutFit
Personalization,Systema
Personalization,Syte
Personalization,Tagalys
Personalization,Target2Sell
Personalization,Things Solver
Personalization,Trendemon
Personalization,Triggerbee
Personalization,True Fit
Personalization,Twik
Personalization,Usizy
Personalization,Virtusize
Personalization,Visitor.js
Personalization,Vue.ai
Personalization,Wair
Personalization,Webeo
Personalization,Webyn
Personalization,Wiqhit
Personalization,Wishi
Personalization,XGen Ai
Personalization,Chameleon
Personalization,Quartic
Personalization,Adoric
Personalization,Deqwas
Personalization,ConvertCart
Personalization,Mutiny
Personalization,Prudsys
Personalization,Spinnakr
Personalization,Taboola Newsroom
Personalization,Walkme
Personalization,Acquia Personalization
Personalization,Oracle Recommendations On Demand
Personalization,Reactful
Personalization,Yahoo Recommends
Personalization,Pega Customer Decision Hub
Personalization,Bloom Labs
Personalization,Frosmo
Personalization,Rebuy
Personalization,AstraFit
Personalization,Bodygram
Personalization,Ditto
Personalization,Excentos
Personalization,Faslet
Personalization,Kimonix
Personalization,Sizekick
Personalization,Sizey
Personalization,FanPlayr
Personalization,Insparq
Personalization,JustUno
Personalization,Nosto
Personalization,Reflektion
Personalization,Autocommerce
Personalization,Bold Brain
Personalization,EyeFitU
Personalization,Frequently Bought Together
Personalization,Globo Also Bought
Personalization,Obviyo
Personalization,Recomify
Personalization,Oracle Guided Learning
Personalization,SAP Enable Now
Personalization,Whatfix
Personalization,Insightera
Personalization,BrightInfo
Personalization,Convincely
Personalization,Zevioo
Personalization,Maxymiser
Personalization,Monetate
Personalization,Qubit Deliver
Personalization,Intellimize
Personalization,Pretty Damn Quick
Personalization,nRelate
Personalization,Predictry
Personalization,Geo Targetly
Personalization,Hansel
Personalization,Klangoo
Personalization,LOU
Personalization,Perfect Corp
Personalization,Prime AI
Personalization,Userflow
Personalization,Triptease
Personalization,Yieldify
Personalization,Keptify
Personalization,Inline Manual
Personalization,Appcues
Personalization,BlueKnow
Personalization,Avasize
Personalization,Crobox
Publisher Advertising Tools,Ad Unit 160 x 600
Publisher Advertising Tools,Ad Unit 300 x 250
Publisher Advertising Tools,Ad Unit 300 x 600
Publisher Advertising Tools,Ad Unit 728 x 90
Publisher Advertising Tools,Adition Technologies - Publishers
Publisher Advertising Tools,Google Publisher Tag
Publisher Advertising Tools,Luminate
Publisher Advertising Tools,Media.net
Publisher Advertising Tools,Nativo
Publisher Advertising Tools,Parse.ly
Publisher Advertising Tools,Polar
Publisher Advertising Tools,Sharethrough
Publisher Advertising Tools,Sovrn
Publisher Advertising Tools,Thoughtleadr
Publisher Advertising Tools,Funding Choices
Publisher Advertising Tools,Ad Unit 320 x 50
Publisher Advertising Tools,ForensIQ
Publisher Advertising Tools,Integral Ad Science
Publisher Advertising Tools,Marketron
Publisher Advertising Tools,Moat
Publisher Advertising Tools,Onscroll
Publisher Advertising Tools,Ad Lightning
Publisher Advertising Tools,Admost
Publisher Advertising Tools,BlokID
Publisher Advertising Tools,DanAds
Publisher Advertising Tools,Hashtag Labs
Publisher Advertising Tools,Header Bidding Ai
Publisher Advertising Tools,Kueez
Publisher Advertising Tools,Manatee
Publisher Advertising Tools,PubGuru
Publisher Advertising Tools,Pubstack
Publisher Advertising Tools,Quon
Publisher Advertising Tools,RevBid
Publisher Advertising Tools,snigel AdEngine
Publisher Advertising Tools,Sortable
Publisher Advertising Tools,Wehaa
Publisher Advertising Tools,Adomik
Publisher Advertising Tools,Actirise
Publisher Advertising Tools,Ezoic
Publisher Advertising Tools,Marfeel
Publisher Advertising Tools,LinkSmart
Publisher Advertising Tools,SimpleReach
Publisher Advertising Tools,AdPerfect Obituaries
Publisher Advertising Tools,Monetize Pro
Publisher Advertising Tools,DoubleVerify
Publisher Advertising Tools,Admiral
Recruitment,AcquireTM
Recruitment,ADP Applicant Tracking System
Recruitment,Appcast
Recruitment,Applicant Pro
Recruitment,ApplicantStack
Recruitment,Ascendify
Recruitment,ATS OnDemand
Recruitment,Avature
Recruitment,Avionte
Recruitment,Beamery
Recruitment,Bond Adapt
Recruitment,BrightMove
Recruitment,Bullhorn
Recruitment,Bullhorn Connexys ATS
Recruitment,CareerBuilder Talent Network
Recruitment,CareerPlug
Recruitment,Ceipal ATS
Recruitment,Comeet
Recruitment,Compas
Recruitment,Crelate
Recruitment,eRecruit
Recruitment,Findly
Recruitment,Flatchr
Recruitment,Gethired
Recruitment,Gild
Recruitment,Gupy
Recruitment,Hire by WorkWave
Recruitment,HireBridge
Recruitment,hireEZ
Recruitment,Hireology
Recruitment,HireVue
Recruitment,HR Logix
Recruitment,HRMDirect
Recruitment,Hyrell
Recruitment,IBM Kenexa Talent Acquisition Suite
Recruitment,IBM Watson Candidate Assistant
Recruitment,iCIMS
Recruitment,iCIMS Recruit
Recruitment,Indeed for Employers
Recruitment,Indeed Resume
Recruitment,Indeed Sponsored Ads
Recruitment,Infor (PeopleAnswers)
Recruitment,Interviewstream
Recruitment,JobAdder
Recruitment,JobApp
Recruitment,JobDiva
Recruitment,Jobscore
Recruitment,Jobvite
Recruitment,Jobylon
Recruitment,Kwantek
Recruitment,Lever
Recruitment,Luceo
Recruitment,Lumesse
Recruitment,Modern Hire
Recruitment,Monster
Recruitment,myStaffingPro
Recruitment,myTalentLink
Recruitment,Newton Software
Recruitment,PC Recruiter
Recruitment,People Matter
Recruitment,PeopleFluent
Recruitment,PowerToFly
Recruitment,Recruitee
Recruitment,Recruiterbox
Recruitment,Recruitology
Recruitment,ResumeWare
Recruitment,SAP SuccessFactors Recruiting
Recruitment,Sendouts
Recruitment,SilkRoad
Recruitment,SmartRecruiters
Recruitment,SmashFly
Recruitment,Spark Hire
Recruitment,Symphony Talent
Recruitment,Talemetry
Recruitment,TalentReef
Recruitment,Taleo
Recruitment,The Applicant Manager
Recruitment,TMP Worldwide
Recruitment,TrackerRMS
Recruitment,UKG Pro Recruiting
Recruitment,Umantis
Recruitment,Vacancy Filler Recruitment
Recruitment,Veritone Hire Job Distribution
Recruitment,Vincere
Recruitment,Winocular
Recruitment,Workable
Recruitment,Workday Recruit
Recruitment,Workday Recruiting
Recruitment,WP Job Manager
Recruitment,ZipRecruiter
Recruitment,Zoho Recruit
Recruitment,Agorize
Recruitment,Converzee
Recruitment,Dover
Recruitment,Eploy
Recruitment,Getro
Recruitment,HigherMe HR
Recruitment,HrFlow.ai
Recruitment,JBoard
Recruitment,Job Board Fire
Recruitment,JobberBase
Recruitment,Jobiqo
Recruitment,Matchlab
Recruitment,Naukri
Recruitment,Nexxt
Recruitment,onlyfy Application Manager
Recruitment,Phenom
Recruitment,Radancy
Recruitment,Recooty Job Widget
Recruitment,Recruition
Recruitment,Refari
Recruitment,Signals
Recruitment,SnapHop
Recruitment,Talent Clue
Recruitment,TalentBrew
Recruitment,Talention
Recruitment,Webscribble
Recruitment,Zwayam
Recruitment,CareerBuilder
Recruitment,CATS
Recruitment,Greenhouse
Recruitment,Indeed
Recruitment,Paradox
Recruitment,Paradox.ai
Recruitment,Olivia AI
Recruitment,Teamtailor
Recruitment,WP Job Openings
Recruitment,Glassdoor
Recruitment,Glassdoor for Employers
Recruitment,PowerSchool Unified Talent
Recruitment,Breezy HR
Recruitment,Eightfold AI
Recruitment,First Advantage
Recruitment,iCIMS SkillSurvey Reference
Recruitment,JazzHR
Recruitment,Manatal
Recruitment,Microsoft Dynamics 365 for Talent
Recruitment,Saba Talentlink
Recruitment,VNDLY
Recruitment,Taleo Business Edition
Recruitment,TestGorilla
Recruitment,Wonderlic
Recruitment,AgileOne
Recruitment,AngelList
Recruitment,Checkr
Recruitment,SHL
Recruitment,Tenstreet
Recruitment,Madgex
Reservation Software,Bookassist
Reservation Software,BookaTable
Reservation Software,Bookenda
Reservation Software,Checkfront
Reservation Software,Concur Travel
Reservation Software,Ebisol
Reservation Software,Eveve
Reservation Software,FastBooking
Reservation Software,Hotel Spider
Reservation Software,iHotelier
Reservation Software,Livebookings
Reservation Software,NexTable
Reservation Software,Office 24
Reservation Software,Opentable
Reservation Software,OpenTable for Restaurants
Reservation Software,Quandoo
Reservation Software,ResDiary
Reservation Software,Reservit
Reservation Software,RestaurantConnect
Reservation Software,Restorando
Reservation Software,SeatMe
Reservation Software,SevenRooms
Reservation Software,Simplebooking
Reservation Software,Table 37
Reservation Software,TableCheck
Reservation Software,Travelport GDS
Reservation Software,Tripleseat
Reservation Software,Aspio
Reservation Software,BedBooking
Reservation Software,BokaBord
Reservation Software,BookDinners
Reservation Software,Booking Experts
Reservation Software,Bookteq
Reservation Software,CoverManager
Reservation Software,Cubilis
Reservation Software,DISH
Reservation Software,Firefly Reservations
Reservation Software,Foratable
Reservation Software,Formitable
Reservation Software,Funbutler Booking
Reservation Software,Gastronaut
Reservation Software,GlobRes
Reservation Software,Guestonline
Reservation Software,Hostmeapp
Reservation Software,KoobCamp
Reservation Software,Kross Booking
Reservation Software,Lodgify
Reservation Software,Loopi
Reservation Software,Maxxton
Reservation Software,MyRest
Reservation Software,Namastay
Reservation Software,Octorate
Reservation Software,Overfull
Reservation Software,ParkFlow
Reservation Software,Planyo
Reservation Software,Reconline
Reservation Software,Resengo
Reservation Software,Resmio
Reservation Software,Resy
Reservation Software,Revinate
Reservation Software,Roompot
Reservation Software,Simplotel
Reservation Software,Skiperformance
Reservation Software,TableBooker
Reservation Software,TableFever
Reservation Software,Tableo
Reservation Software,Tashi
Reservation Software,Thefork
Reservation Software,TourCMS
Reservation Software,Travello
Reservation Software,Ureserv
Reservation Software,Vacation Labs
Reservation Software,Witbooking
Reservation Software,WuBook
Reservation Software,Yelp Reservations
Reservation Software,Zonal Bookings
Reservation Software,Expedia
Reservation Software,Amadeus
Reservation Software,Condeco
Reservation Software,Skedda
Reservation Software,BookVisit
Reservation Software,ForeUP
Reservation Software,GetYourGuide
Reservation Software,GlampManager
Reservation Software,Matchi
Reservation Software,NightsBridge
Reservation Software,RideBits
Reservation Software,YoPlanning
Reservation Software,Yonder
Reservation Software,Fleetee
Reservation Software,Roller
Reservation Software,Elloha
Reservation Software,Hotbot
Reservation Software,Adalte
Reservation Software,Agoda
Reservation Software,Book N Pay
Reservation Software,Busify
Reservation Software,ClickBus
Reservation Software,Guidap
Reservation Software,Indexic
Reservation Software,Musement
Reservation Software,Starboard Suite
Reservation Software,TuriTop
Reservation Software,Ventrata
Reservation Software,WeTravel
Reservation Software,Convious
Reservation Software,Amex GBT Egencia
Reservation Software,D-EDGE
Reservation Software,MIDAS
Reservation Software,myCWT
Reservation Software,RecTrac
Reservation Software,Trivago
Reservation Software,Xplor Recreation
Reservation Software,Accruent EMS
Reservation Software,Amadeus Hospitality
Reservation Software,Sabre Hospitality
Reservation Software,SiteMinder
Reservation Software,FareHarbor
Reservation Software,Peek
Reservation Software,Booking.com widget
Reservation Software,Mangeznotez
Reservation Software,Regiondo
Reservation Software,Rezdy
Reservation Software,Rezgo
Retargeting,Adcrowd
Retargeting,AdExtent
Retargeting,AdRoll
Retargeting,Buysight
Retargeting,Captify
Retargeting,Chango
Retargeting,Fetchback
Retargeting,Google Remarketing
Retargeting,Heais by Adnologies
Retargeting,Kupona
Retargeting,Leadback
Retargeting,Magnetic
Retargeting,mainADV
Retargeting,mediaFORGE
Retargeting,Merchenta
Retargeting,Meteora
Retargeting,MyThings
Retargeting,NextPerf
Retargeting,Perfect Audience
Retargeting,Realtime Targeting
Retargeting,ReTargeter
Retargeting,RTB House
Retargeting,Sociomantic
Retargeting,Struq
Retargeting,Target Performance
Retargeting,Tellapart
Retargeting,Ve Interactive
Retargeting,Veruta
Retargeting,Vizury
Retargeting,Xplosion
Retargeting,Xplosion Interactive
Retargeting,Yahoo Retargeting
Retargeting,Blue
Retargeting,Fixel
Retargeting,Linx Impulse
Retargeting,Meazy
Retargeting,Notix
Retargeting,PebblePost
Retargeting,Revenue Roll
Retargeting,SharpSpring Ads
Retargeting,Smarter Click
Retargeting,Socioh
Retargeting,Squadata
Retargeting,Uzerly
Retargeting,Criteo for Advertisers
Retargeting,redvertisement
Retargeting,MainAd
Retargeting,AdPilot
Retargeting,Ematch
Retargeting,Mojn
Retargeting,Remintrex
Retargeting,Tedemis
SSL Certificates,AWS Certificate Manager
SSL Certificates,cert-manager
SSL Certificates,DigiCert
SSL Certificates,GeoTrust
SSL Certificates,GlobalSign
SSL Certificates,GoDaddy
SSL Certificates,Thawte SSL
SSL Certificates,Comodo UserTrust
SSL Certificates,EJBCA
SSL Certificates,Thawte
SSL Certificates,Entrust
SSL Certificates,GeoTrust Verification
SSL Certificates,GoDaddy Verified
SSL Certificates,Starfield
Search Appliances,Apache Solr
Search Appliances,Bing
Search Appliances,Elastic Enterprise Search
Search Appliances,Elasticsearch
Search Appliances,Endeca
Search Appliances,Google AFS
Search Appliances,Google Custom Search
Search Appliances,SLI Systems
Search Appliances,SmartSearch
Search Appliances,Addsearch
Search Appliances,Apisearch
Search Appliances,Athena Search
Search Appliances,Attraqt
Search Appliances,Baidu Search Box
Search Appliances,Bloomreach Discovery
Search Appliances,Boost Commerce
Search Appliances,Cludo
Search Appliances,Constructor.io
Search Appliances,Dalue
Search Appliances,ElasticSuite
Search Appliances,ExpertRec
Search Appliances,Fact Finder
Search Appliances,FAST ESP
Search Appliances,FAST Search for SharePoint
Search Appliances,FiboSearch
Search Appliances,Findberry
Search Appliances,Findify
Search Appliances,Goodsearch
Search Appliances,Kapa.ai
Search Appliances,Layers
Search Appliances,MageWorx Search Autocomplete
Search Appliances,Mars Flag
Search Appliances,Nova Busca
Search Appliances,Orama
Search Appliances,Queryly
Search Appliances,Search Magic
Search Appliances,Searchanise
Search Appliances,Searchine
Search Appliances,Searchtap
Search Appliances,SniperFast
Search Appliances,Typesense
Search Appliances,VuFind
Search Appliances,WizSoft
Search Appliances,Zevi
Search Appliances,DuckDuckGo
Search Appliances,Google Search Appliance
Search Appliances,Sooqr
Search Appliances,Better Search
Search Appliances,ElasticPress
Search Appliances,Ivory Search
Search Appliances,NTENT
Search Appliances,GroupBy
Search Appliances,Netcore Unbxd
Search Appliances,Celebros
Search Appliances,Fast Simon
Search Appliances,Impresee
Search Appliances,Shopix
Search Appliances,Visenze
Search Appliances,Nextopia
Search Appliances,SearchSpring
Search Appliances,Rapid Search
Search Appliances,Amazon CloudSearch
Search Appliances,Amazon Kendra
Search Appliances,Amazon OpenSearch Service
Search Appliances,Apache Lucene
Search Appliances,Azure AI Search
Search Appliances,Coveo
Search Appliances,Hawksearch
Search Appliances,Inbenta Search
Search Appliances,Lucidworks Fusion
Search Appliances,Meilisearch
Search Appliances,Findologic
Search Appliances,Algolia
Search Appliances,BloomReach
Search Appliances,Doofinder
Search Appliances,Klevu
Search Appliances,Searchify
Search Appliances,Algolia DocSearch
Search Appliances,Jetboost
Search Marketing,Acquisio
Search Marketing,BrightEdge
Search Marketing,HitTail
Search Marketing,IgnitionOne
Search Marketing,Marin
Search Marketing,SE Ranking
Search Marketing,SearchDex
Search Marketing,SearchMetrics
Search Marketing,Web CEO
Search Marketing,Wordstream
Search Marketing,Yandex.Direct
Search Marketing,YourAmigo
Search Marketing,All in One SEO
Search Marketing,Alli
Search Marketing,Atomseo
Search Marketing,Attracta
Search Marketing,BlogHunch
Search Marketing,Farazi Bilişim
Search Marketing,Mieruca
Search Marketing,Nowfloats
Search Marketing,On The Map
Search Marketing,Realist
Search Marketing,RioSEO
Search Marketing,SEOAnt
Search Marketing,SEOmatic
Search Marketing,SEOmator
Search Marketing,SEOPress
Search Marketing,SiteBooster
Search Marketing,Spotzer
Search Marketing,Submit Express
Search Marketing,The SEO Framework
Search Marketing,Whitespark SEO
Search Marketing,WordLift
Search Marketing,WP SEO AI
Search Marketing,Yoast SEO for Shopify
Search Marketing,Yoast SEO Premium
Search Marketing,Ahrefs
Search Marketing,Semrush
Search Marketing,Yoast SEO
Search Marketing,AdScale
Search Marketing,GenieWords
Search Marketing,Baidu Search Engine
Search Marketing,Bing Webmaster Tools
Search Marketing,Botify
Search Marketing,Google Search Console
Search Marketing,TopSpot
Search Marketing,Woorank
Search Marketing,Topic Intelligence
Search Marketing,Yext
Search Marketing,RankMath SEO
Search Marketing,Slim SEO
Search Marketing,BuzzStream
Search Marketing,BrightLocal
Search Marketing,Synup
Search Marketing,Majestic
Search Marketing,Avada SEO
Search Marketing,SchemaPlus
Search Marketing,NAVER
Search Marketing,AIOSEO
Search Marketing,Schema App
Search Marketing,Yoast
Search Marketing,Alexa Marketing Stack
Search Marketing,Orange Soda
Search Marketing,Squirrly
Search Marketing,Creaitor
Search Marketing,EcomX
Search Marketing,Forsant
Search Marketing,Kliken
Search Marketing,Mega
Search Marketing,Remedo
Search Marketing,HREF Lang
Search Marketing,IntelliAd
Search Marketing,SEO Manager
Search Marketing,Milestone
Security,SpamExperts
Security,Have I Been Pwned
Security,spycloud
Security,mailguard
Security,nordpass
Security,Accertify Fraud Management
Security,Acronis Cyber Protect
Security,Akamai App & API Protector
Security,Akamai Bot Manager
Security,Amazon Inspector
Security,Amazon Macie
Security,Apache Ranger
Security,Arculix by SecureAuth
Security,Auth0
Security,Autopsy
Security,AWS Firewall Manager
Security,AWS Identity and Access Management
Security,AWS Key Management Service
Security,AWS Shield
Security,AWS WAF
Security,Azure Active Directory
Security,Azure DDoS Protection
Security,Azure Firewall
Security,Azure Information Protection
Security,Azure Multi-Factor Authentication
Security,Azure Sphere
Security,Azure Web Application Firewall
Security,Barracuda Networks
Security,BeyondTrust
Security,Biocatch
Security,Bitdefender
Security,Bitsight
Security,Bitwarden
Security,Bugcrowd
Security,Burp Suite
Security,CensorNet
Security,Change Auditor
Security,Check Point Harmony SASE
Security,Cisco Adaptive Security Device Manager
Security,Cisco Anyconnect Secure Mobility Client
Security,Cisco ASA 5500-X Series
Security,Cisco Meraki MX
Security,Cisco Secure Email Threat Defense
Security,Cloud IDS
Security,Cloudflare Bot Management
Security,Cloudflare WAF
Security,CUICK TRAC - DFARS and NIST 800-171 compliance solution
Security,CyberArk
Security,CyberArk Conjur
Security,CyberArk Privileged Access Manager
Security,DataDome
Security,DatAdvantage
Security,Delinea Secret Server
Security,Delinea Server Suite
Security,Dell Encryption
Security,Echoworx Email Encryption Platform
Security,F5 BIG-IP Access Policy Manager
Security,F5 BIG-IP Advanced Web Application Firewall
Security,Falco
Security,FileVault
Security,Firebase Authentication
Security,Fireblocks
Security,FireEye
Security,FireEye Redline
Security,FireMon Security Manager
Security,Forcepoint
Security,Forcepoint DLP for Cloud Email
Security,Forcepoint Enterprise Data Loss Prevention
Security,FortiWeb
Security,FTK Forensic Toolkit
Security,GFI LanGuard
Security,GitHub Advanced Security
Security,Google Cloud Armor
Security,GoSecure
Security,HashiCorp Vault
Security,IBM QRadar
Security,IBM Security Access Manager
Security,Imperva
Security,Imperva Web Application Firewall
Security,Imprivata
Security,Imprivata Enterprise Access Management
Security,JFrog Xray
Security,Juniper vSRX
Security,Kali Linux
Security,Kernelcare
Security,Keycloak
Security,KnowBe4
Security,McAfee
Security,Metasploit
Security,Microsoft 365 E5 Compliance Suite
Security,Microsoft Active Directory
Security,Microsoft Active Directory Certificate Services
Security,Microsoft BitLocker
Security,Microsoft Defender External Attack Surface Management
Security,Microsoft Defender for IoT
Security,Microsoft Defender for Office 365
Security,Microsoft Entra External ID
Security,Microsoft Purview Information Protection
Security,Microsoft Purview Insider Risk Management
Security,Netskope
Security,Network Solutions Seal
Security,Norton Ghost
Security,Okta
Security,Omada Identity
Security,One Identity- Identity Manager
Security,OneLogin
Security,OneSpan
Security,Open Policy Agent
Security,OpenSCAP
Security,OpenText EnCase Forensic
Security,OpenText Fortify WebInspect
Security,OpenVAS
Security,OpenVPN Access Server
Security,OPNsense®
Security,Oracle Advanced Security
Security,Oracle Data Masking and Subsetting
Security,Oracle Identity Management
Security,OWASP Dependency-Check
Security,OWASP Zed Attack Proxy
Security,Palo Alto Networks GlobalProtect
Security,Palo Alto Networks Panorama
Security,Ping Identity
Security,PingAccess
Security,PingFederate
Security,PingID
Security,PingOne Protect
Security,Prisma SASE
Security,Proofpoint
Security,Qualys WAS
Security,Rapid7
Security,Restricted To Adults
Security,Retarus
Security,RSA SecureID Plus
Security,Salesforce Shield
Security,SAP Secure Login Service for SAP GUI
Security,Securiti
Security,Security Onion
Security,SecurityScorecard
Security,SentinelOne Watchtower
Security,"ServiceNow Governance, Risk, and Compliance"
Security,ServiceNow Security Operations
Security,Sift Science
Security,Silversky Managed Security Services
Security,Sitelock
Security,Snyk
Security,SonicWall
Security,SonicWall Email Security
Security,Sophos
Security,Sophos Central
Security,Specops Authentication for O365
Security,SQL Secure
Security,Sucuri
Security,Symantec Data Loss Prevention
Security,Symantec VIP
Security,Thales SafeNet Trusted Access
Security,Thawte Seal
Security,Thycotic Password Reset Server
Security,Tor
Security,Tor Browser
Security,Trellix ePolicy Orchestrator
Security,Trend Micro
Security,Truste
Security,TrustGuard
Security,Trustwave
Security,Trustwave Seal
Security,Tufin Orchestration Suite
Security,Vanta
Security,Verisign Seal
Security,VirusScan for Amazon S3
Security,VirusTotal
Security,WALLIX Bastion
Security,WatchGuard AuthPoint
Security,Wazuh - The Open Source Security Platform
Security,WordFence
Security,WSO2 Identity Server
Security,X-Ways Forensics
Security,Zivver Email Encryption
Security,Zscaler
Security,Cisco Anyconnect
Security,Zscaler DLP
Security,Zscaler Internet Access
Security,Akamai Web Application Protector
Security,Alibaba Cloud Verification Code
Security,Alliance Auth
Security,AntiBot.Cloud
Security,Anubis
Security,Apereo CAS
Security,Apruvd
Security,Arkose Labs
Security,Authy
Security,Blankshield
Security,c/side
Security,CleanTalk
Security,ClickCease
Security,ClickReport
Security,Combahton FlowShield
Security,ComplyAuto
Security,DDoS-Guard
Security,FOCUS WebWall
Security,Forter
Security,Fraud Blocker
Security,FraudLabs Pro
Security,FUGU
Security,GeeTest
Security,HSTS
Security,Human Presence
Security,Imunify360
Security,Jumio
Security,Kiprotect
Security,Konduto
Security,MagicLabs
Security,MetaMap
Security,Negate
Security,NextAuth.js
Security,NexusPIPE
Security,NoFraud
Security,Onfido
Security,Passage
Security,Passport.js
Security,Preeco
Security,Proxmox Mail Gateway
Security,RapidSec
Security,Really Simple SSL & Security
Security,Regula
Security,RingCaptcha
Security,SafeBase
Security,SAP Customer Data Cloud Sign-in
Security,SecureMetrics
Security,Seon
Security,SimpleSAMLphp
Security,Socure
Security,Sqreen
Security,Token of Trust
Security,Trezor
Security,TruValidate
Security,Twilio Authy
Security,Userbase
Security,v4Guard Checkpoint
Security,Variti
Security,Very Good Security
Security,WAR.PE
Security,WWPass
Security,Chronicle
Security,CLEAR
Security,GFI
Security,SailPoint
Security,Anura
Security,Clickbrainiacs
Security,ClickFreeze
Security,ClickGUARD
Security,TrafficGuard
Security,Amazon GuardDuty
Security,Barracuda MSP
Security,Google Apigee Sense
Security,Graylog
Security,MaxMind minFraud®
Security,NVIDIA Morpheus
Security,Sardine
Security,Sift
Security,Splunk User Behavior Analytics
Security,ThreatMetrix
Security,Castle
Security,Riskified
Security,iThemes Security
Security,Limit Login Attempts Reloaded
Security,ProfilePress
Security,SiteGuard WP Plugin
Security,Wordfence Login Security
Security,Akamai Identity Cloud
Security,Altaro
Security,Apache Guacamole
Security,Arcserve UDP
Security,Arctera Backup Exec
Security,Array Networks
Security,Assure MIMIX
Security,AWS Backup
Security,AWS CloudHSM
Security,AWS CloudTrail
Security,AWS Config
Security,AWS Control Tower
Security,AWS Directory Service
Security,AWS Secrets Manager
Security,AWS Security Hub
Security,AWS Single Sign-On
Security,Azure Active Directory B2C
Security,Azure AD P2
Security,Azure Backup
Security,Azure Bastion
Security,Azure Identity Management
Security,Azure Key Vault
Security,Azure Policy
Security,Azure Site Recovery
Security,BeyondTrust Cloud Vault
Security,Blue Coat ProxySG
Security,Check Point CloudGuard Harmony Connect
Security,Chef InSpec
Security,Cisco SASE
Security,Cisco VPN
Security,Citrix Gateway
Security,Cognito
Security,Commvault
Security,Covisint
Security,Drata
Security,Fortinet
Security,Fortinet FortiGate
Security,Google Cloud Identity & Access Management
Security,Google Cloud Key Management Service
Security,Google Cloud Security Command Center
Security,Google Secret Manager
Security,Google VPC Service Controls
Security,Harmony Email & Collaboration
Security,Hornetsecurity Spam and Malware Protection
Security,IBM DataPower Gateway
Security,IBM Security zSecure
Security,IBM WebSphere Automation
Security,Imperva Serverless Protection
Security,Jumpcloud
Security,Juniper Networks SRX110
Security,Juniper Networks SRX-Series Firewalls
Security,Kiteworks
Security,Microsoft ADFS for Genesys Cloud
Security,Microsoft Defender for Cloud
Security,Microsoft DirectAccess
Security,NetApp SnapVault
Security,Netskope SASE
Security,Oracle Cloud Infrastructure Identity and Access Management
Security,Oracle Internet Directory
Security,Oracle Virtual Directory
Security,Palo Alto PA-5200 Series
Security,PerimeterX
Security,PingDirectory
Security,Prisma Access
Security,Quest ActiveRoles Server
Security,Quest Migration Manager
Security,Remedy Single Sign On
Security,SonicWall SRA
Security,Veeam Backup Essentials
Security,Veeam Backup & Replication
Security,Velero
Security,VMware Disaster Recovery
Security,VMware Site Recovery Manager
Security,Wiz
Security,Zscaler ZTNA
Security,F5 Distributed Cloud Services
Security,Akismet
Security,Radware
Security,Cloud Guard
Security,Fireblade
Security,SAP Customer Identity and Access Management for B2B
Security,SheerID
Security,LexisNexis Risk Solutions
Security,Microsoft System Center Data Protection Manager
Security,OneTrust Vendorpedia
Security,Prolexic DNS
Security,Signifyd
Security,Locksmith
Security,Clever
Security,Barracuda Email Security Service
Security,dmarcian
Security,Mailinblack
Security,Valimail
Security,FortiMail
Security,Frontbridge
Security,IntY MailDefender
Security,Mimecast
Security,MX Logic
Security,Postini
Security,Zix
Security,Akamai Web Application & API Protector
Security,AlienVault® OSSIM™
Security,Apache SpamAssassin
Security,Aqua Trivy
Security,AWS IAM Identity Center
Security,AWS Multi-Factor Authentication
Security,AWS Network Firewall
Security,Azure AD Application Proxy
Security,Azure Defender
Security,Azure Security Center
Security,Azure Sentinel
Security,Broadcom ACF2
Security,Broadcom Top Secret
Security,Centrify
Security,Cisco Adaptive Security Appliance Software
Security,Cisco ASA 5555
Security,Cisco ASA Software
Security,Cisco Email Security
Security,Cloud Custodian
Security,CyberArk Enterprise Password Vault
Security,Datadog Cloud SIEM
Security,Delinea
Security,Dependabot
Security,Duo Security
Security,ForgeRock Identity Platform
Security,ForgeRock OpenDJ
Security,Fortify WebInspect
Security,Google Cloud Data Loss Prevention
Security,IBM QRadar SIEM
Security,IBM RACF
Security,IBM Security Identity Governance and Intelligence
Security,IBM Security Identity Manager
Security,IBM Security QRadar SIEM
Security,IBM Sterling Secure Proxy
Security,IBM Tivoli Identity Manager
Security,Iovation
Security,Kona Web Application Firewall
Security,Layer7 Identity Suite
Security,LogRhythm SIEM
Security,McAfee ePO
Security,McAfee Secure
Security,Micro Focus ArcSight ESM
Security,Micro Focus Identity Manager
Security,Microsoft Active Directory Federation Services
Security,Microsoft Always on VPN
Security,Microsoft Forefront
Security,Microsoft Identity Manager
Security,Microsoft Windows Defender Antivirus
Security,NetIQ
Security,One Identity Defender
Security,OpenCTI
Security,Oracle Identity Governance
Security,Oracle Passlogix
Security,Oracle Unified Directory
Security,Palo Alto MineMeld
Security,Palo Alto Networks
Security,Palo Alto Next-Generation Firewall
Security,Palo Alto PA Series
Security,Palo Alto PAN-OS
Security,Palo Alto Wildfire
Security,PortSwigger
Security,Qualys Penetration Testing
Security,RSA SecurID Access
Security,RSA SecurID Suite
Security,SailPoint IdentityIQ
Security,SailPoint IdentityNow
Security,Saviynt IGA
Security,ServiceNow Security Incident Response
Security,ServiceNow Vulnerability Response
Security,Snyk Open Source
Security,Sophos UTM
Security,Splunk Enterprise Security
Security,Splunk Security
Security,Symantec PGP
Security,Tenable Security Center
Security,Tenable.sc
Security,Trend Micro Email Security
Security,Trustwave TrustKeeper
Security,Veracode AppSec Governance
Security,WatchGuard
Security,WatchGuard Firebox
Security,YubiKey
Security,Zscaler Client Connector
Security,Zscaler Web Security
Security,LexisNexis
Security,ServiceNow Business Continuity Management
Security,AccessData
Security,Barracuda Sonian
Security,Dell EMC SourceOne
Security,Google Vault
Security,Smarsh
Security,Veritas Enterprise Vault
Security,Google Cloud Identity
Security,Jamf Connect
Security,ManageEngine M365 Manager Plus
Security,Matrix42 MyWorkspace
Security,Microsoft Entra
Security,Microsoft Entra ID
Security,Pulse Secure
Security,Azure Active Directory Domain Services
Security,Black Lotus
Security,Prolexic
Security,QRATOR
Security,Hydra-Shield
Security,TollBit
Security,1-Click Ready Windows Tool LDAP on Windows 2016
Security,Cisco Prime Access Registrar
Security,ClearSale
Security,Kount
Security,Magnet AXIOM
Security,PlayReady
Security,Samba AD
Security,Sophos Email
Security,Veritas Backup Exec
Security,CopyPoison
Security,SAS Anti-Money Laundering
Security,Solidity Finance
Security,Broadcom Payment Security
Security,Feroot
Security,OpenSSL
Security,Queue-it
Security,Email Encoder for Wordpress
Security,VerifyPass
Security,Oracle Recovery Manager
Shipping,BluJay
Shipping,BluJay Parcel
Shipping,Descartes MacroPoint
Shipping,DHL Global Forwarding
Shipping,FedEx
Shipping,GEODIS
Shipping,Pitney Bowes
Shipping,project44
Shipping,ShipHero
Shipping,Shippo
Shipping,Transporeon
Shipping,UPS
Shipping,Australia Post
Shipping,Bobgo
Shipping,Correos
Shipping,CTT
Shipping,Cubyn
Shipping,Deliverr
Shipping,DHL
Shipping,Enviopack
Shipping,Malomo
Shipping,MapMyChannel
Shipping,Pickrr
Shipping,Planzer
Shipping,PostNL
Shipping,Sherpa
Shipping,Shipup
Shipping,Shoprunner
Shipping,T1 Envios
Shipping,USPS
Shipping,Route
Shipping,TraceLink
Shipping,GreenStory
Shipping,Oracle Transportation Management Cloud
Shipping,Oracle Warehouse Management Cloud
Shipping,ShipStation
Shipping,Shopify Fulfillment
Shipping,ButterMove
Shipping,AfterShip
Shipping,ESW
Shipping,GlobalShopex
Shipping,Happy Returns
Shipping,Packlink PRO
Shipping,ParcelPanel
Shipping,ShippyPro
Shipping,ShipTection
Shipping,SAP Event Management
Shipping,CargoWise
Shipping,Magaya Supply Chain
Shipping,Manhattan Active Supply Chain
Shipping,Tecsys Inc.
Shipping,Package.AI
Shipping,Descartes Systems
Shipping,Manhattan SCALE
Shipping,MercuryGate TMS
Shipping,Paczkomaty
Shipping,Samsara
Shipping,StarShip
Shipping,Trapeze Software
Shipping,BackerKit
Shipping,Resupply
Shipping,Printful
Shipping,E2open
Shipping,IBM Sterling Transparent Supply
Shipping,Manhattan Associates
Shipping,Manhattan Associates WMS
Shipping,SAP Supply Network Collaboration
Shipping,Navidium Shipping Protection
Site and Cart Abandonment,Abandonaid
Site and Cart Abandonment,CartStack
Site and Cart Abandonment,Exitmonitor
Site and Cart Abandonment,Granify
Site and Cart Abandonment,OptiLead
Site and Cart Abandonment,Optimonk
Site and Cart Abandonment,PicReel
Site and Cart Abandonment,Rejoiner
Site and Cart Abandonment,SaleCycle
Site and Cart Abandonment,Upsellit
Site and Cart Abandonment,CareCart
Site and Cart Abandonment,CartRocket
Site and Cart Abandonment,GetRooster
Site and Cart Abandonment,PushOwl Web Push Notifications
Site and Cart Abandonment,Recapture
Site and Cart Abandonment,SpurIT Abandoned Cart Reminder
Site and Cart Abandonment,SweetHelp
Site and Cart Abandonment,Uptain
Site and Cart Abandonment,Jilt plugin
Site and Cart Abandonment,Hook MyVisit
Site and Cart Abandonment,Recart
Site and Cart Abandonment,Exit Intel
Site and Cart Abandonment,SeeWhy
Site and Cart Abandonment,RecoverMyCart
Small Business Marketing Software,EyeCarePro
Small Business Marketing Software,Hibu
Small Business Marketing Software,PetWise Marketing
Small Business Marketing Software,Prosites
Small Business Marketing Software,Thryv
Small Business Marketing Software,VetShout
Small Business Marketing Software,AdWerx
Small Business Marketing Software,Dentalqore
Small Business Marketing Software,Kukui
Small Business Marketing Software,Scorpion
Small Business Marketing Software,Simplero
Small Business Marketing Software,Vistaprint
Small Business Marketing Software,SpotHopper
Small Business Marketing Software,Go Digital Marketing
Small Business Marketing Software,Marketing 360
Small Business Marketing Software,Yodle
Small Business Marketing Software,Linda
Small Business Marketing Software,Mopro
Small Business Marketing Software,Bayshore Solutions
Small Business Marketing Software,BulletinMarketing
Small Business Marketing Software,DexMedia
Small Business Marketing Software,Find Law
Small Business Marketing Software,Firespring
Small Business Marketing Software,Vizergy
Small Business Marketing Software,Websystem2/3
Small Business Marketing Software,Webware.io
Small Business Marketing Software,Chatt
Small Business Marketing Software,Brand Rep
Small Business Marketing Software,Wishpond
Small Business Marketing Software,Madwire
Social Login,CoffeeBean
Social Login,Facebook Login
Social Login,Gigya
Social Login,Google Plus
Social Login,Intuit Login
Social Login,LoginRadius
Social Login,OAuth.io
Social Login,OneAll
Social Login,SocialPlus
Social Login,Twitter Widgets
Social Login,WP-Oauth
Social Login,Yahoo Login
Social Login,Google Identity Services APIs
Social Login,Google Sign-In
Social Login,Gigya Registration
Social Login,Apple Sign-in
Social Login,Auth0 Lock
Social Login,LINE Login
Social Login,Linkedin Sign-in
Social Login,Oxi Social Login
Social Login,Super Socializer
Social Login,MiniOrange Login
Social Media Marketing,Agropulse
Social Media Marketing,BuddyMedia
Social Media Marketing,Buffer
Social Media Marketing,Gleam
Social Media Marketing,Iconosquare
Social Media Marketing,Instagram for Business
Social Media Marketing,Later Social
Social Media Marketing,MassRelevance
Social Media Marketing,Offerpop
Social Media Marketing,Oktopost
Social Media Marketing,Olapic
Social Media Marketing,Pinterest
Social Media Marketing,Pixlee
Social Media Marketing,Planoly
Social Media Marketing,Postano
Social Media Marketing,Readypulse
Social Media Marketing,Salesforce Social Studio
Social Media Marketing,Seesmic
Social Media Marketing,Sendible
Social Media Marketing,SKEEPERS Influencer Marketing
Social Media Marketing,SOCi
Social Media Marketing,SocialBro
Social Media Marketing,Spredfast
Social Media Marketing,Sprinklr
Social Media Marketing,Sprinklr Social
Social Media Marketing,Sprout Social Influencer Marketing
Social Media Marketing,Stackla
Social Media Marketing,Tagboard
Social Media Marketing,ThisMoment
Social Media Marketing,Tint
Social Media Marketing,Traackr
Social Media Marketing,Upfluence
Social Media Marketing,Weibo
Social Media Marketing,X (Twitter)
Social Media Marketing,Xiaohongshu
Social Media Marketing,Later
Social Media Marketing,GRIN
Social Media Marketing,TubeBuddy
Social Media Marketing,Swat.io
Social Media Marketing,Beacons
Social Media Marketing,Fohr
Social Media Marketing,Keymailer
Social Media Marketing,Post Dolphin
Social Media Marketing,RiteKit
Social Media Marketing,SocialLadder
Social Media Marketing,Douyin
Social Media Marketing,ContentStudio
Social Media Marketing,Nosto Visual UGC
Social Media Marketing,Sverve
Social Media Marketing,AddShoppers
Social Media Marketing,Instagram
Social Sharing,AddThis
Social Sharing,Facebook Like Button
Social Sharing,Facebook Social Plugins
Social Sharing,Gigya Share
Social Sharing,Google Plus One
Social Sharing,Hatena Bookmark
Social Sharing,Hupso
Social Sharing,Janrain Social Share
Social Sharing,Shareaholic
Social Sharing,ShareThis
Social Sharing,Twitter Sharing
Social Sharing,Sharpay
Social Sharing,AddToAny Share Buttons
Social Sharing,Better Click To Tweet
Social Sharing,OnePress Social Locker
Social Sharing,UltimatelySocial
Social Sharing,Yummly
Social Sharing,Linkedin Widget
Social Sharing,Open Graph
Social Sharing,SocialTwist
Social Sharing,uSocial
Social Sharing,AddToAny
Social Sharing,Meebo
Social Sharing,Po.st
Social Sharing,Pocket
Social Sharing,Sassy Social Share
Social Sharing,Social9
Supply Side Platforms,"Magnite, for Sellers"
Supply Side Platforms,PubMatic
Supply Side Platforms,Sonobi
Supply Side Platforms,Zedo
Supply Side Platforms,Altitude ARENA
Supply Side Platforms,OpenX
Supply Side Platforms,Bidmatic
Supply Side Platforms,Valuad
Supply Side Platforms,Yieldlab
Supply Side Platforms,Prebid
Supply Side Platforms,Tanx
Supply Side Platforms,AdsNative
Supply Side Platforms,AudienceFuel
Supply Side Platforms,BuySellAds
Supply Side Platforms,Criteo Publisher Marketplace
Supply Side Platforms,Hexagram Exchange
Supply Side Platforms,Komoona
Supply Side Platforms,OpenX - Exchange
Support and Feedback,Bugzilla
Support and Feedback,Desk.com
Support and Feedback,EasyVista Self Help
Support and Feedback,Elevio
Support and Feedback,Feedbackify
Support and Feedback,Freshdesk
Support and Feedback,Freshservice
Support and Feedback,GetFeedback
Support and Feedback,GetSatisfaction
Support and Feedback,Groove
Support and Feedback,HaloITSM
Support and Feedback,Helpscout
Support and Feedback,Helpshift
Support and Feedback,IdeaScale
Support and Feedback,Intercom
Support and Feedback,Jira Service Management
Support and Feedback,Kayako
Support and Feedback,Kustomer
Support and Feedback,LogMeIn - Rescue
Support and Feedback,Moveworks
Support and Feedback,Oracle Support
Support and Feedback,Parature
Support and Feedback,SolarWinds DameWare Remote Support
Support and Feedback,Spigit
Support and Feedback,SysAid
Support and Feedback,TeamDynamix IT Service Management
Support and Feedback,TeamSupport
Support and Feedback,Userback
Support and Feedback,Userecho
Support and Feedback,UserMood
Support and Feedback,Usersnap
Support and Feedback,UserVoice
Support and Feedback,Zendesk
Support and Feedback,Zendesk Support Suite
Support and Feedback,Zoho Assist
Support and Feedback,Clicktools
Support and Feedback,CustomerSure
Support and Feedback,Doorbell
Support and Feedback,Guest Suite
Support and Feedback,Hotjar Incoming Feedback
Support and Feedback,Pulse Insights
Support and Feedback,Qualitando
Support and Feedback,Recommy
Support and Feedback,Onsite Support
Support and Feedback,Glance
Support and Feedback,Salesforce Service Cloud
Support and Feedback,Track-It!
Support and Feedback,Gorgias
Support and Feedback,eGain
Support and Feedback,Kapture CRM
Support and Feedback,Quality Unit Help Desk
Support and Feedback,Replyco
Support and Feedback,Spatie Support Bubble
Support and Feedback,Wix Answers
Support and Feedback,Cherwell Software
Support and Feedback,GoToAssist
Support and Feedback,Ivanti Service Manager
Support and Feedback,Micro Focus Service Manager
Support and Feedback,PagerDuty
Support and Feedback,ServiceNow Configuration Management Database
Support and Feedback,ServiceNow Demand Management
Support and Feedback,ServiceNow IT Service Management
Support and Feedback,ServiceNow Problem Management
Support and Feedback,ServiceNow Request Management
Support and Feedback,Gladly
Support and Feedback,NICE CXone Expert
Support and Feedback,Service Cloud Einstein
Support and Feedback,ServiceNow Customer Service Management
Support and Feedback,Zendesk for Service
Support and Feedback,Deskero
Support and Feedback,HappyFox Helpdesk
Support and Feedback,Helpwise
Support and Feedback,Hesk
Support and Feedback,Hikari CS
Support and Feedback,Hiver
Support and Feedback,Kundo
Support and Feedback,MyAlice
Support and Feedback,Richpanel
Support and Feedback,Salesforce Desk
Support and Feedback,Tender Support
Support and Feedback,Appzi
Support and Feedback,Fider
Support and Feedback,Frill
Support and Feedback,SAP Hybris Service
Support and Feedback,DelightChat
Support and Feedback,Email Center Pro
Support and Feedback,eGain Mail
Support and Feedback,Autotask PSA
Support and Feedback,HEAT Service Management
Support and Feedback,IBM Maximo IT
Support and Feedback,OpenText Service Management Automation X
Support and Feedback,Cisco Webex Support
Support and Feedback,ConnectWise Control
Support and Feedback,Deskpro
Support and Feedback,Atlassian Jira Issue Collector
Support and Feedback,Buglog
Support and Feedback,Canny
Support and Feedback,Combodo iTop
Support and Feedback,Copiny
Support and Feedback,Faveo
Support and Feedback,Feedback Fish
Support and Feedback,LoopedIn
Support and Feedback,Marker
Support and Feedback,Mopinion
Support and Feedback,Nolt
Support and Feedback,Nootiz
Support and Feedback,otrs
Support and Feedback,Ruttl
Support and Feedback,Sleekplan
Support and Feedback,Support Hero
Support and Feedback,Ybug
Support and Feedback,Zammad
Support and Feedback,ServiceNow Incident Management
Support and Feedback,ServiceNow Knowledge Management
Support and Feedback,ServiceNow Service Catalog
Support and Feedback,Zendesk Explore
Support and Feedback,ServiceNow Application Portfolio Management
Support and Feedback,ServiceNow Hardware Asset Management
Support and Feedback,ServiceNow IT Asset Management
Support and Feedback,ServiceNow Software Asset Management
Support and Feedback,ServiceNow Workplace Service Delivery
Support and Feedback,Agiloft Service Desk Suite
Support and Feedback,BMC FootPrints
Support and Feedback,BMC Helix Remedyforce
Support and Feedback,BMC Remedy Service Desk
Support and Feedback,CA Service Management
Support and Feedback,Hornbill Service Manager
Support and Feedback,Incident IQ
Support and Feedback,InvGate Service Management
Support and Feedback,Issuetrak
Support and Feedback,Ivanti Service Desk
Support and Feedback,Jitbit Helpdesk
Support and Feedback,ManageEngine ServiceDesk Plus
Support and Feedback,Mojo Helpdesk
Support and Feedback,osTicket
Support and Feedback,ServiceNow
Support and Feedback,ServiceNow Agent Workspace
Support and Feedback,ServiceNow Case and Knowledge Management
Support and Feedback,SolarWinds Service Desk
Support and Feedback,SolarWinds Web Help Desk
Support and Feedback,Symantec ServiceDesk
Support and Feedback,TOPdesk
Support and Feedback,Vivantio
Support and Feedback,Zoho Desk
Support and Feedback,ServiceNow Employee Center
Support and Feedback,Stonly
Support and Feedback,Zendesk Guide
Support and Feedback,Acquire Cobrowse
Support and Feedback,BMC Helix ITSM
Support and Feedback,BMC Software
Support and Feedback,GLPI
Support and Feedback,ManageEngine
Support and Feedback,ServiceNow Change and Release Management
Support and Feedback,ServiceNow Change Management
Support and Feedback,Spiceworks
Support and Feedback,Featurebase
Support and Feedback,HelpDocs
Support and Feedback,MyPersonas
Support and Feedback,Olvy
Support and Feedback,SightCall
Support and Feedback,Upscope
Support and Feedback,Upvoty
Support and Feedback,BugHerd
Support and Feedback,Reamaze
Support and Feedback,AnswerDash
Tag Management,Adobe DTM
Tag Management,Adobe Tag Management
Tag Management,Datalicious SuperTag
Tag Management,Ensighten
Tag Management,Google Tag Manager
Tag Management,Qubit OpenTag
Tag Management,SearchDiscovery Satellite
Tag Management,Signal by BrightTag
Tag Management,Tag Commander
Tag Management,TagMan
Tag Management,Tealium
Tag Management,UberTags
Tag Management,Tealium iQ Tag Management
Tag Management,Yahoo Tag Manager
Tag Management,Adobe Experience Platform Launch
Tag Management,Commanders Act TagCommander
Tag Management,Matomo Tag Manager
Tag Management,TagPro
Tag Management,Draftpress HFCM
Tag Management,Google Tag Manager for WordPress
Tag Management,PixelYourSite
Tag Management,Adobe Client Data Layer
Tag Management,Yett
Tag Management,Cloudflare Zaraz
Video Advertising Networks,AdapTV
Video Advertising Networks,Amazon Video Ads
Video Advertising Networks,Brightroll
Video Advertising Networks,Coull
Video Advertising Networks,eBuzzing
Video Advertising Networks,Google Interactive Media Ads SDK
Video Advertising Networks,Innovid
Video Advertising Networks,Mediabong
Video Advertising Networks,Mixpo
Video Advertising Networks,NDN
Video Advertising Networks,Selectable Media
Video Advertising Networks,Smartclip
Video Advertising Networks,SpotXchange
Video Advertising Networks,Teads
Video Advertising Networks,Tremor Video
Video Advertising Networks,TubeMogul
Video Advertising Networks,Unicorn Media
Video Advertising Networks,Unruly
Video Advertising Networks,Videology
Video Advertising Networks,Virool
Video Advertising Networks,YouTube Advertising
Video Advertising Networks,YuMe
Video Advertising Networks,LKQD
Video Advertising Networks,Primis
Video Advertising Networks,SpotX
Video Advertising Networks,Liverail
Video Advertising Networks,Aniview Video Ad Player
Video Advertising Networks,Videoo.tv
Web Accelerators,Aptimize
Web Accelerators,Digital Fulcrum GhostWriter
Web Accelerators,mod_page_speed
Web Accelerators,Page Speed Service
Web Accelerators,StrangeLoop
Web Accelerators,Webo
Web Accelerators,FastPixel
Web Accelerators,Google PageSpeed
Web Accelerators,Litespeed Cache
Web Accelerators,NitroPack
Web Accelerators,Oracle Web Cache
Web Accelerators,RabbitLoader
Web Accelerators,RackCache
Web Accelerators,Redis Object Cache
Web Accelerators,W3 Total Cache
Web Accelerators,WordPress Super Cache
Web Accelerators,WP Rocket
Web Accelerators,wpCache
Web Accelerators,WPCacheOn
Web Accelerators,a3 Lazy Load
Web Accelerators,AMP for WordPress
Web Accelerators,Autoptimize
Web Accelerators,Embed Optimizer
Web Accelerators,Endurance Page Cache
Web Accelerators,Enhanced Responsive Images
Web Accelerators,EWWW Image Optimizer
Web Accelerators,Flying Analytics
Web Accelerators,Flying Images
Web Accelerators,Flying Pages
Web Accelerators,FlyingPress
Web Accelerators,Image Placeholders
Web Accelerators,Image Prioritizer
Web Accelerators,Jetpack Boost
Web Accelerators,Modern Image Formats
Web Accelerators,Optimization Detective
Web Accelerators,Perfmatters
Web Accelerators,Performance Lab
Web Accelerators,Performant Translations
Web Accelerators,ShortPixel Image Optimizer
Web Accelerators,Speculative Loading
Web Accelerators,SpeedyCache
Web Accelerators,SuperPWA
Web Accelerators,Web Worker Offloading
Web Accelerators,WP Fastest Cache
Web Accelerators,WP-Optimize
Web Accelerators,WPMU DEV Smush
Web Accelerators,Cloudflare Rocket Loader
Web Accelerators,Yottaa
Web Accelerators,Kleecks
Web Accelerators,Booster Page Speed Optimizer
Web Accelerators,PerfectApps Swift
Web Accelerators,Apache Traffic Server
Web Accelerators,Netcache
Web Accelerators,Varnish
Web Accelerators,AiSpeed
Web Accelerators,BerqWP
Web Accelerators,Blitz
Web Accelerators,Gumlet
Web Accelerators,Hyperspeed
Web Accelerators,Jumbo
Web Accelerators,Loadify
Web Accelerators,Partytown
Web Accelerators,Piio
Web Accelerators,Priority Hints
Web Accelerators,Quicq
Web Accelerators,Render Better
Web Accelerators,Sections.design Shopify App Optimization
Web Accelerators,Speedimize
Web Accelerators,SpeedSize
Web Accelerators,Superspeed
Web Accelerators,Website Speedy
Web Performance Monitoring,Airbrake
Web Performance Monitoring,Akamai mPulse
Web Performance Monitoring,AlertSite by Smartbear
Web Performance Monitoring,AppDynamics
Web Performance Monitoring,Boomerang JS library
Web Performance Monitoring,Bucky
Web Performance Monitoring,CA Sysview Performance Management
Web Performance Monitoring,Catchpoint
Web Performance Monitoring,Cedexis Radar
Web Performance Monitoring,checkmk
Web Performance Monitoring,CopperEgg
Web Performance Monitoring,Datadog
Web Performance Monitoring,Datadog APM
Web Performance Monitoring,DX Application Performance Management
Web Performance Monitoring,dynaTrace
Web Performance Monitoring,Dynatrace Application Monitoring
Web Performance Monitoring,Gomez
Web Performance Monitoring,Google Lighthouse
Web Performance Monitoring,Google Speed Analytics
Web Performance Monitoring,IBM Instana
Web Performance Monitoring,Insight Hub
Web Performance Monitoring,Keynote
Web Performance Monitoring,Lognormal
Web Performance Monitoring,ManageEngine OpManager
Web Performance Monitoring,Netdata
Web Performance Monitoring,New Relic
Web Performance Monitoring,New Relic One
Web Performance Monitoring,OpenNMS Platform
Web Performance Monitoring,Pingdom
Web Performance Monitoring,Quest Foglight
Web Performance Monitoring,R17
Web Performance Monitoring,Raygun
Web Performance Monitoring,Rollbar
Web Performance Monitoring,Site24x7
Web Performance Monitoring,SpeedCurve
Web Performance Monitoring,StatusPage IO
Web Performance Monitoring,System Center Operations Manager
Web Performance Monitoring,ThousandEyes
Web Performance Monitoring,Torbit Insight
Web Performance Monitoring,Better Uptime
Web Performance Monitoring,Uptrends
Web Performance Monitoring,Amazon CloudWatch RUM
Web Performance Monitoring,Atatus
Web Performance Monitoring,Dynatrace RUM
Web Performance Monitoring,Google Cloud Trace
Web Performance Monitoring,Naver RUA
Web Performance Monitoring,Pingdom RUM
Web Performance Monitoring,Quadran
Web Performance Monitoring,Quanta
Web Performance Monitoring,Quicksprout
Web Performance Monitoring,Request Metrics
Web Performance Monitoring,Sematext Experience
Web Performance Monitoring,SpeedOf.Me
Web Performance Monitoring,Splunk RUM
Web Performance Monitoring,StatusCake
Web Performance Monitoring,Wakav Performance Monitoring
Web Performance Monitoring,Nagios
Web Performance Monitoring,Cacti
Web Performance Monitoring,Prometheus
Web Performance Monitoring,New Relic APM
Web Performance Monitoring,Sentry
Web Performance Monitoring,New Relic Infrastructure
Web Performance Monitoring,Amazon CloudWatch
Web Performance Monitoring,Azure Application Insights
Web Performance Monitoring,Azure Log Analytics
Web Performance Monitoring,Conviva Operational Data Platform
Web Performance Monitoring,Coralogix
Web Performance Monitoring,Datadog Dashboards
Web Performance Monitoring,Elastic APM
Web Performance Monitoring,Elastic Stack
Web Performance Monitoring,ELK Stack
Web Performance Monitoring,Google Firebase Crashlytics
Web Performance Monitoring,Grafana
Web Performance Monitoring,Jaeger
Web Performance Monitoring,LogRocket
Web Performance Monitoring,Microsoft Application Insights
Web Performance Monitoring,Microsoft Azure Monitor
Web Performance Monitoring,New Relic Insights
Web Performance Monitoring,OpenTelemetry
Web Performance Monitoring,Splunk
Web Performance Monitoring,Splunk APM
Web Performance Monitoring,Splunk Enterprise
Web Performance Monitoring,Sumologic
Web Performance Monitoring,UptimeRobot
Web Performance Monitoring,VMware Aria Operations for Logs
Web Performance Monitoring,CatchJS
Web Performance Monitoring,Cloudflare Browser Insights
Web Performance Monitoring,Highlight.io
Web Performance Monitoring,ip-label
Web Performance Monitoring,ostr.io
Web Performance Monitoring,TrackJs
Web Performance Monitoring,Vercel Speed Insights
Web Performance Monitoring,Zipkin
Web Performance Monitoring,AWS X-Ray
Web Performance Monitoring,Bitnami AlertManager
Web Performance Monitoring,Bugsnag
Web Performance Monitoring,Datadog Infrastructure Monitoring
Web Performance Monitoring,Google Cloud Logging
Web Performance Monitoring,Google Cloud Monitoring
Web Performance Monitoring,IBM Tivoli OMEGAMON
Web Performance Monitoring,Logz.io
Web Performance Monitoring,Nlyte
Web Performance Monitoring,Opsview
Web Performance Monitoring,PRTG Network Monitor
Web Performance Monitoring,ServiceNow Event Management
Web Performance Monitoring,SolarWinds Observability
Web Performance Monitoring,Splunk IT Cloud
Web Performance Monitoring,Spring Cloud Sleuth
Web Performance Monitoring,Veeam ONE
Web Performance Monitoring,VMware vCenter CapacityIQ
Web Performance Monitoring,VMware vCenter Operations
Web Performance Monitoring,VMware VMmark
Web Performance Monitoring,VMware vRealize Operations
Web Performance Monitoring,Amazon CloudWatch Logs
Web Performance Monitoring,Datadog Log Management
Web Performance Monitoring,Grafana Loki
Web Performance Monitoring,Datadog Real User Monitoring
Web Performance Monitoring,LogDNA
Web Performance Monitoring,Splunk IT Service Intelligence‎
Web Performance Monitoring,TeamViewer
Web Performance Monitoring,Better Stack
Web Performance Monitoring,Cachet
Web Performance Monitoring,cState
Web Performance Monitoring,GlitchTip
Web Performance Monitoring,HetrixTools
Web Performance Monitoring,Hund.io
Web Performance Monitoring,Instatus
Web Performance Monitoring,NodePing
Web Performance Monitoring,Noibu
Web Performance Monitoring,Oh Dear
Web Performance Monitoring,Pingdom Uptime Monitoring
Web Performance Monitoring,RapidSpike
Web Performance Monitoring,Stackify
Web Performance Monitoring,Statping
Web Performance Monitoring,Status.io
Web Performance Monitoring,Statuspal
Web Performance Monitoring,Staytus
Web Performance Monitoring,Upptime
Web Performance Monitoring,Vigil
Web Performance Monitoring,BMC MainView Systems Management
Web Performance Monitoring,Centreon
Web Performance Monitoring,Elastic Observability
Web Performance Monitoring,Honeycomb
Web Performance Monitoring,Micro Focus SiteScope
Web Performance Monitoring,Nagios XI
Web Performance Monitoring,Paessler PRTG
Web Performance Monitoring,Pandora FMS
Web Performance Monitoring,SignalFX
Web Performance Monitoring,Splunk Observability
Web Performance Monitoring,Stackdriver Monitoring
Web Performance Monitoring,Zabbix
Web Performance Monitoring,Oracle Enterprise Management
Web Performance Monitoring,Conviva
Web Performance Monitoring,Mux
Web Performance Monitoring,NicePeopleAtWork
Web Performance Monitoring,Wily
Web Performance Monitoring,Honeybadger
Web Performance Monitoring,Loggly
Web Performance Monitoring,Quest QMX
Web Performance Monitoring,ServiceNow IT Operations Management
Web Performance Monitoring,ServiceNow Service Mapping
Web Performance Monitoring,Oracle Dynamic Monitoring Service
Web Performance Monitoring,Splunkd
Web Performance Monitoring,Acquia Optimize
Web Performance Monitoring,Zscaler ZDX
Web Performance Monitoring,Errorception
Web Performance Monitoring,Sorry
Web Performance Monitoring,Idera SQL Diagnostic Manager
Web Performance Monitoring,Oracle Enterprise Manager
Web Performance Monitoring,Redgate Monitor
Web Performance Monitoring,SentryOne SQL Sentry
Web Presentation Tools,Adobe Acrobat
Web Presentation Tools,Apple Keynote
Web Presentation Tools,Genially
Web Presentation Tools,Knowledge Vision
Web Presentation Tools,Microsoft PowerPoint
Web Presentation Tools,Pano2VR
Web Presentation Tools,Prezi
Web Presentation Tools,FlipBuilder
Web Presentation Tools,Reveal.js
Web Presentation Tools,ArcGIS StoryMaps
Web Presentation Tools,Rise Vision
Web Presentation Tools,Slidebean
Widgets,Amazon Widgets
Widgets,Aviary
Widgets,Bing Accredited Professional Tag
Widgets,eBay eCommerce for Wix
Widgets,Getsitecontrol
Widgets,GitHub Buttons
Widgets,GitHub Fork
Widgets,GitHub Gist
Widgets,Hellobar
Widgets,iTunes
Widgets,Skype Widget
Widgets,Snapwidget
Widgets,TripTease (Price Check)
Widgets,Accessibly
Widgets,AccessiWay
Widgets,Adally
Widgets,All in One Accessibility
Widgets,Allyable
Widgets,Allyant
Widgets,AppuOnline
Widgets,Arena
Widgets,Beyond
Widgets,Browser-Update.org
Widgets,Buttonizer
Widgets,Carbonfact
Widgets,ContentViews
Widgets,Contextual Related Posts
Widgets,Cool Tag Cloud
Widgets,Cool Timeline
Widgets,Countdown Timer Ultimate
Widgets,Crayon Syntax Highlighter
Widgets,CTAwidget
Widgets,Custom Twitter Feeds
Widgets,Develic Omnium Maps
Widgets,digi·access
Widgets,Droxit
Widgets,Elementor Addon Elements
Widgets,Elfsight
Widgets,Embed Any Document
Widgets,Embed PDF Viewer
Widgets,Embedly
Widgets,EmbedPress
Widgets,EmbedSocial
Widgets,Enable
Widgets,Envybox
Widgets,EqualWeb
Widgets,eSSENTIAL Accessibility
Widgets,EverWondr
Widgets,EX.CO
Widgets,Facil-iti
Widgets,FeederNinja
Widgets,FeedSpring
Widgets,FileHippo
Widgets,Flockler
Widgets,Handtalk
Widgets,HikeOrders
Widgets,HT Mega
Widgets,HurryTimer
Widgets,Instagram Feed for WordPress
Widgets,InteractiveCalculator
Widgets,Level Access
Widgets,Lifter Apps Pop-up Window
Widgets,MagicBell
Widgets,Magixite
Widgets,Marshal
Widgets,Meks Simple Flickr Widget
Widgets,Metronet Profile Picture
Widgets,MiloTree
Widgets,Morningtrain
Widgets,MyBlogLog
Widgets,Myhkw player
Widgets,Nagich
Widgets,NagishLi
Widgets,Nextsale
Widgets,NowButtons
Widgets,Ookla Speedtest Custom
Widgets,Owids
Widgets,Piman
Widgets,Pinboard
Widgets,Plum Popup
Widgets,Pojo.me
Widgets,Poloda AI
Widgets,Popupular
Widgets,POWR
Widgets,Prolo Finder
Widgets,RateParity
Widgets,ReadAloud
Widgets,ReadSpeaker
Widgets,Recite Me
Widgets,Seatics
Widgets,Silktide
Widgets,Sporcle
Widgets,Spotify Widgets
Widgets,Stockist
Widgets,Storeify Store Locator
Widgets,StorePoint
Widgets,StorifyMe
Widgets,Supademo
Widgets,Tagembed
Widgets,Taggbox
Widgets,TeamBrain
Widgets,Texthelp
Widgets,Theasys
Widgets,Tiqets
Widgets,Topic'it
Widgets,Tripadviser.Widget
Widgets,uRemediate
Widgets,User Accessibility
Widgets,VideoPal
Widgets,Voice Intuitive
Widgets,Volley
Widgets,Waveform
Widgets,Webestools
Widgets,Wheelio
Widgets,Wisepops
Widgets,Worldz
Widgets,Yelp Review Badge
Widgets,accessiBe
Widgets,AudioEye
Widgets,Proof Factor
Widgets,Ronin Sport
Widgets,Tockify
Widgets,EventOn
Widgets,Age Gate
Widgets,Astra Widgets
Widgets,Breadcrumb NavXT
Widgets,Easy Accordion
Widgets,EmbedPlus
Widgets,FooPlugins FooGallery
Widgets,HollerBox
Widgets,Master Slider Plugin
Widgets,MetaSlider
Widgets,Popup Maker
Widgets,Smash Balloon Instagram Feed
Widgets,Supsystic
Widgets,WP Google Map Embed
Widgets,WP Google Map Plugin
Widgets,Dropbox
Widgets,Gravatar
Widgets,PixaBay
Widgets,Usablenet
Widgets,BBB Dynamic Seal
Widgets,JS-Kit
Widgets,Grammarly
Widgets,MapPress Pro
Widgets,24liveblog
Widgets,Hustle
Widgets,Zotabox
Widgets,Amped
Widgets,ArtPlacer
Widgets,Banana Splash
Widgets,Boei
Widgets,Claspo
Widgets,Convertful
Widgets,Cool Popup
Widgets,Engaga
Widgets,Evidence
Widgets,Fomo
Widgets,Icegram
Widgets,Influence
Widgets,Nudgify
Widgets,Poppins
Widgets,Proofdy
Widgets,TrustLock
Widgets,Trustmaker
Widgets,TrustPulse
Widgets,Wheel of Popups
Widgets,Wheely Sales
Widgets,Yeps
Widgets,AccuWeather
Widgets,Box.net
Widgets,CoinDesk
Widgets,Flickr Badge
Widgets,Locu
Widgets,Provesource
Widgets,UserWay
Widgets,Weforum
Widgets,Wunderground
Widgets,Feednami
Widgets,Juicer
Widgets,Libravatar
Widgets,Poper
Widgets,StoreRocket
Widgets,Zieny
Widgets,Prooven
Widgets,Provely
Widgets,VerifyPress
Widgets,WiserNotify
Widgets,BBB seal
Widgets,CoverItLive
Database,1010data
Database,Accumulo
Database,Amazon Aurora Serverless V2
Database,Amazon DocumentDB
Database,Amazon DynamoDB
Database,Amazon ElastiCache
Database,Amazon Neptune
Database,Amazon RDS for MariaDB
Database,Amazon RDS for Oracle
Database,Amazon RDS for PostgreSQL
Database,Amazon RDS for SQL Server
Database,Amazon RDS
Database,Amazon Relational Database Service
Database,Amazon Timestream
Database,Apache Drill
Database,Apache Druid
Database,Apache Hadoop
Database,Apache Ignite
Database,Apache Impala
Database,Apache Phoenix
Database,Apache Pinot
Database,ArangoDB
Database,Azure Cosmos DB
Database,Azure Database for MySQL
Database,Azure Database for PostgreSQL
Database,Azure Redis Cache
Database,Azure SQL
Database,Azure SQL Data Warehouse
Database,Azure SQL Database
Database,Azure SQL Managed Instance
Database,Azure Table Storage
Database,Broadcom IDMS
Database,Cassandra
Database,Claris FileMaker
Database,ClickHouse
Database,Cloudera CDH
Database,Coherence
Database,Couchbase
Database,CouchDB
Database,DataStax
Database,DuckDB
Database,etcd
Database,Facebook AI Similarity Search
Database,FileMaker Go
Database,GE Historian
Database,Google Cloud BigTable
Database,Google Cloud Datastore
Database,Google Cloud Firestore
Database,Google Cloud Memorystore
Database,Google Cloud Spanner
Database,Google Cloud SQL
Database,Google Firebase Realtime Database
Database,Hazelcast
Database,Hbase
Database,Heroku Redis
Database,HyperSQL
Database,IBM Db2 Connect
Database,IBM Db2 for z/OS Operating System
Database,IBM Db2 Warehouse
Database,IBM Information Management System
Database,InfluxDB
Database,InterSystems
Database,InterSystems Cache
Database,InterSystems IRIS
Database,MarkLogic
Database,Microsoft 365 Access
Database,Microsoft Access
Database,Microsoft FoxPro
Database,Microsoft SQL Server 2000
Database,Microsoft SQL Server 2005
Database,Microsoft SQL Server 2008
Database,Microsoft SQL Server 2012
Database,Microsoft SQL Server 2014
Database,Microsoft SQL Server 2016
Database,Microsoft SQL Server 2017
Database,Milvus
Database,MongoDB Atlas
Database,MongoDB Realm
Database,MySQL 8 With RHEL 8
Database,Neo4j
Database,Neo4j Graph Data Science
Database,OpenTSDB
Database,Oracle9i
Database,Oracle 10g
Database,Oracle 12c
Database,Oracle 8i
Database,Oracle Active Data Guard
Database,Oracle Autonomous Data Warehouse
Database,Oracle Autonomous Database
Database,Oracle Cloud Database Services
Database,Oracle Database 11g Enterprise Edition
Database,Oracle Database 18c
Database,Oracle Database 19c
Database,Oracle Multitenant
Database,Oracle Real Application Clusters
Database,Oracle Spatial and Graph
Database,OrientDB
Database,PostGIS
Database,PostgreSQL
Database,Presto
Database,PrestoDB
Database,Progress OpenEdge
Database,RavenDB
Database,Redis Cloud
Database,Redshift
Database,Riak
Database,RocksDB
Database,SAP HANA
Database,SAP HANA Cloud
Database,SAP HANA One
Database,SingleStore
Database,SQL Server 2019
Database,SQL Server on Virtual Machines
Database,Stardog
Database,Supabase
Database,Tencent Cloud Database
Database,Teradata Vantage Advanced SQL Engine
Database,Terracotta Ehcache
Database,Tick Stack
Database,TiDB
Database,Tigergraph
Database,Timescale
Database,Vertica
Database,VictoriaMetrics
Database,Visual FoxPro
Database,Weaviate
Database,ZippyDB Redis
Database,Dimensions AI
Database,PouchDB
Database,SQL Buddy
Database,Virtuoso
Database,Aurora
Database,Hive
Database,Microsoft Sql Server
Database,ZooKeeper
Database,Azure Data Explorer
Database,Azure Synapse
Database,Azure Synapse Analytics
Database,Epic Clarity
Database,Starburst
Database,Amazon Cloud Directory
Database,Amazon RDS for MySQL
Database,Elastic Cloud
Database,Google AlloyDB for PostgreSQL
Database,IBM VSAM
Database,Oracle Exadata Cloud Service
Database,Oracle Rdb
Database,Snowflake Data Lake
Database,Tanzu GemFire
Database,Vitess
Database,Apache Arrow
Database,Apache Spark SQL
Database,AVEVA Historian
Database,Google Cloud BigQuery
Database,"IBM Db2 for Linux, UNIX, and Microsoft Windows"
Database,Oracle RAC One Node
Database,Oracle XML DB
Database,OSISoft
Database,OSIsoft PI
Database,PI
Database,Proficy Historian
Database,Snowflake
Database,Snowflake Data Warehouse
Database,Socrata Open Data API
Database,Teradata Unity
Database,The PI System
Database,Apache Kylin
Database,Aspen InfoPlus.21
Database,Athena
Database,Dremio
Database,Epic Caboodle
Database,Oracle Essbase
Database,SAP Business Warehouse
Database,SAP BW/4HANA
Database,Teradata Vantage
Database,Apache Hudi
Database,Oracle OLAP
Database,Broadcom RC/Update
Database,IBM IMS
Electronics and Embedded Hardware,Amazon Inferentia
Electronics and Embedded Hardware,NVIDIA Jetson AGX Xavier Series
Electronics and Embedded Hardware,NVIDIA Jetson Nano
Electronics and Embedded Hardware,Arduino
Electronics and Embedded Hardware,IoT
Electronics and Embedded Hardware,NVIDIA Drive
Industrial Automation and Control,Cumulocity
Industrial Automation and Control,PTC ThingWorx
Industrial Automation and Control,SAP Leonardo Internet of Things
Industrial Automation and Control,Siemens SIMATIC S7
Industrial Automation and Control,Siemens SIMATIC S7-1500
Industrial Automation and Control,Siemens SIMATIC S7-400
Industrial Automation and Control,Niagara Framework
Industrial Automation and Control,GE Proficy
Industrial Automation and Control,Inductive Automation Ignition
Industrial Automation and Control,GE iFIX
Industrial Automation and Control,ABB Ability System 800xA
Industrial Automation and Control,Siemens TIA
Industrial Automation and Control,ABB Distributed Control Systems
Industrial Automation and Control,AVEVA InTouch HMI
Industrial Automation and Control,CIMPLICITY
Industrial Automation and Control,CygNet
Industrial Automation and Control,FactoryTalk
Industrial Automation and Control,FactoryTalk View
Industrial Automation and Control,Honeywell Enterprise Buildings Integrator
Industrial Automation and Control,iFix
Industrial Automation and Control,InTouch
Industrial Automation and Control,KEPServerEX
Industrial Automation and Control,Mitsubishi Adroit Process Suite
Industrial Automation and Control,PlantPAx DCS
Industrial Automation and Control,RSLogix
Industrial Automation and Control,Siemens SIMATIC HMI
Industrial Automation and Control,Siemens SIMATIC PCS
Industrial Automation and Control,Siemens SIMATIC PCS 7
Industrial Automation and Control,Siemens SIMATIC SCADA
Industrial Automation and Control,Siemens SIMATIC STEP 7
Industrial Automation and Control,SIMATIC WinCC
Industrial Automation and Control,Studio 5000
Industrial Automation and Control,System Platform
Industrial Automation and Control,VTScada
Industrial Automation and Control,WebAccess/CNC
Industrial Automation and Control,Yokogawa Centum VP Distributed Control System
Industrial Automation and Control,zenon
Test and Measurement Instruments,CANalyzer
Test and Measurement Instruments,AEM Elements™ 360
Test and Measurement Instruments,FitBit
Test and Measurement Instruments,Itron
Test and Measurement Instruments,Keysight VEE
Test and Measurement Instruments,VeriStand
Auto-ID and Data Capture,RFgen
Surveying and Geospatial,ArcGIS Image Server
Surveying and Geospatial,ArcGIS Network Analyst
Surveying and Geospatial,ArcGIS Spatial Analyst
Surveying and Geospatial,DroneDeploy
Surveying and Geospatial,Foursquare Studio
Surveying and Geospatial,Spotzi
Surveying and Geospatial,InstantGeo
Surveying and Geospatial,ArcGIS Enterprise
Surveying and Geospatial,ArcGIS Online
Surveying and Geospatial,Azure Maps
Surveying and Geospatial,Google Maps Platform
Surveying and Geospatial,MapTiler Cloud
Surveying and Geospatial,ArcGIS
Surveying and Geospatial,Where2getit
Surveying and Geospatial,ArcGIS Field Maps
Surveying and Geospatial,ArcGIS QuickCapture
Surveying and Geospatial,Schneider ArcFM
Surveying and Geospatial,GeoMedia
Surveying and Geospatial,MapInfo Pro
Surveying and Geospatial,Maptitude
Surveying and Geospatial,Google Geocoding API
Surveying and Geospatial,ArcGIS Collector
Surveying and Geospatial,MaxMind
Surveying and Geospatial,Apple Maps
Surveying and Geospatial,ArcGIS 3D Analyst
Surveying and Geospatial,ArcGIS Aviation Charting
Surveying and Geospatial,ArcGIS Desktop
Surveying and Geospatial,ArcGIS Desktop Basic
Surveying and Geospatial,ArcGIS Pro
Surveying and Geospatial,ArcGIS Utility Network
Surveying and Geospatial,ArcIMS
Surveying and Geospatial,Bing Maps
Surveying and Geospatial,ERDAS IMAGINE
Surveying and Geospatial,Esri
Surveying and Geospatial,FARO SCENE
Surveying and Geospatial,Geocortex
Surveying and Geospatial,Global Mapper
Surveying and Geospatial,Google Maps
Surveying and Geospatial,Google Maps (Non Paid Users)
Surveying and Geospatial,Google Maps (Paid Users)
Surveying and Geospatial,Google Places
Surveying and Geospatial,Kingdom
Surveying and Geospatial,Leica Cyclone
Surveying and Geospatial,Map Quest
Surveying and Geospatial,Mapbox
Surveying and Geospatial,Matterport
Surveying and Geospatial,OpenStreetMap
Surveying and Geospatial,QGIS
Surveying and Geospatial,Surfer
Surveying and Geospatial,what3words
Surveying and Geospatial,BigDataCloud IP Geolocation
Surveying and Geospatial,Bullseye
Surveying and Geospatial,db-ip
Surveying and Geospatial,Geobytes
Surveying and Geospatial,ipify
Surveying and Geospatial,IPinfo
Surveying and Geospatial,Radar
Surveying and Geospatial,Amap
Surveying and Geospatial,Apple MapKit JS
Surveying and Geospatial,ArcGIS API for JavaScript
Surveying and Geospatial,EagleView
Surveying and Geospatial,Geoapify
Surveying and Geospatial,Here
Surveying and Geospatial,Mapme
Surveying and Geospatial,Mappedin
Surveying and Geospatial,Maptiler
Surveying and Geospatial,Naver Maps
Surveying and Geospatial,Neshan
Surveying and Geospatial,TomTom Maps
Surveying and Geospatial,ZeeMaps
Machine Tools and Fabrication Equipment,Ultimaker Cura
Laboratory Equipment and Techniques,Shimadzu LabSolutions
Laboratory Equipment and Techniques,Thermo Scientific Chromeleon Chromatography Data System
Healthcare Data Standards,FHIR
Network Protocols and Standards,Citrix ICA
Network Protocols and Standards,IPFS
Network Protocols and Standards,HTTP/2
Network Protocols and Standards,SPDY
Network Protocols and Standards,Websocket
Network Protocols and Standards,X-Clacks-Overhead
Network Protocols and Standards,WalletConnect
Network Protocols and Standards,Basic
Network Protocols and Standards,Digest
Network Protocols and Standards,Kerberos
Network Protocols and Standards,NTLM
Network Protocols and Standards,SPNEGO
Network Protocols and Standards,OpenID
Network Protocols and Standards,HTTP/3
Physical Security and Surveillance,Dahua
Physical Security and Surveillance,Symmetry Security Platform
Physical Security and Surveillance,Avigilon Unity
Physical Security and Surveillance,Genetec Security Center
Physical Security and Surveillance,Hikvision iVMS-5200
Physical Security and Surveillance,Pro-Watch
Physical Security and Surveillance,Verkada
Automotive Dealer Software,Dealer Spike
Automotive Dealer Software,Black Book
Automotive Dealer Software,Auto Vitals
Automotive Dealer Software,ClickMotive
Automotive Dealer Software,Cobalt
Automotive Dealer Software,Dealer.com
Automotive Dealer Software,DealerOn
Automotive Dealer Software,DriverSide
Automotive Dealer Software,Jazel
Automotive Dealer Software,Autoconf
Automotive Dealer Software,AutoManager
Automotive Dealer Software,i-motor
Automotive Dealer Software,DealerSocket
Automotive Dealer Software,CDK Global
Automotive Dealer Software,DX1
Automotive Dealer Software,MDS Brand
Automotive Dealer Software,OperateBeyond
Automotive Dealer Software,Tradepending
Automotive Dealer Software,Carussel
Automotive Dealer Software,Eveho
Automotive Dealer Software,GetAuto
Automotive Dealer Software,Inventrue
Automotive Dealer Software,Mattaki
Automotive Dealer Software,Tekion
Automotive Dealer Software,Transax
Automotive Dealer Software,LivePerson Automotive
Automotive Dealer Software,Motive
Automotive Dealer Software,eLead
Automotive Dealer Software,Intice
Automotive Dealer Software,Pixel Motion
Automotive Dealer Software,Smartpoint
Automotive Dealer Software,Karmak Fusion
Automotive Dealer Software,Protractor.NET
Automotive Dealer Software,Purecars
Automotive Dealer Software,RouteOne
Automotive Dealer Software,Auto HQ
Automotive Dealer Software,Kelly Blue Book Widget
Online Communities and Forums,Internet Brands
Online Communities and Forums,VerticalScope
Online Communities and Forums,BuddyPress
Online Communities and Forums,Ning
Online Communities and Forums,Secured MVC Forum on Windows 2012 R2
Online Communities and Forums,vBulletin
Online Communities and Forums,Asgaros Forum
Online Communities and Forums,Disciple
Online Communities and Forums,Duopana
Online Communities and Forums,Elgg
Online Communities and Forums,EngagementHQ
Online Communities and Forums,Invision Community
Online Communities and Forums,NamelessMC
Online Communities and Forums,NexusPHP
Online Communities and Forums,phpwind
Online Communities and Forums,Skool
Online Communities and Forums,Social Pinpoint
Online Communities and Forums,Telescope
Online Communities and Forums,UNA CMS
Online Communities and Forums,Woltlab Community Framework
Online Communities and Forums,Xiuno BBS
Online Communities and Forums,Chord
Online Communities and Forums,Discourse
Online Communities and Forums,Invision Power
Online Communities and Forums,Question2Answer
Online Communities and Forums,Khoros
Online Communities and Forums,Telligent
Online Communities and Forums,Bettermode
Online Communities and Forums,Sympa
Online Communities and Forums,Hivebrite
Online Communities and Forums,Adobe Behance
Online Communities and Forums,Discord
Online Communities and Forums,Facebook Groups
Online Communities and Forums,GitHub Discussions
Online Communities and Forums,Google Groups
Online Communities and Forums,Higher Logic Thrive
Online Communities and Forums,LinkedIn Groups
Online Communities and Forums,Stack Overflow
Online Communities and Forums,bbPress
Online Communities and Forums,Countable
Online Communities and Forums,Discuz! X
Online Communities and Forums,ElkArte
Online Communities and Forums,Flarum
Online Communities and Forums,FluxBB
Online Communities and Forums,Forumbee
Online Communities and Forums,FUDforum
Online Communities and Forums,Linen
Online Communities and Forums,Mastodon
Online Communities and Forums,Mighty Network
Online Communities and Forums,Misskey
Online Communities and Forums,MyBB
Online Communities and Forums,NodeBB
Online Communities and Forums,PeerBoard
Online Communities and Forums,Philomena
Online Communities and Forums,phpBB
Online Communities and Forums,PixelFed
Online Communities and Forums,Pleroma
Online Communities and Forums,Popvox
Online Communities and Forums,punBB
Online Communities and Forums,Reddit
Online Communities and Forums,Simple Machines Forum
Online Communities and Forums,Tapatalk
Online Communities and Forums,Ultimate Bulletin Board
Online Communities and Forums,Web Wiz Forums
Online Communities and Forums,XMB
Online Communities and Forums,YaBB
Online Communities and Forums,Higher Logic Vanilla
Online Communities and Forums,Zapnito
Online Communities and Forums,Simple Machines
Online Communities and Forums,Stackshare
Online Communities and Forums,Tribe Community Platform
Online Communities and Forums,Xenforo
Online Communities and Forums,Douban
Online Communities and Forums,Threadles
Online Communities and Forums,Circle
Online Communities and Forums,Mighty Networks
Online Communities and Forums,Product Hunt
Online Communities and Forums,coUrbanize
Online Communities and Forums,Strava
Application Integration and Middleware,CloudSponge
Application Integration and Middleware,Red Hat JBoss Enterprise SOA Platform
Application Integration and Middleware,Tray.ai
Application Integration and Middleware,Amazon API Gateway
Application Integration and Middleware,Amazon AppFlow
Application Integration and Middleware,Amazon MQ
Application Integration and Middleware,Amazon Simple Notification Service
Application Integration and Middleware,Amazon Simple Queue Service
Application Integration and Middleware,Amazon Simple Workflow Service
Application Integration and Middleware,Anypoint API Manager
Application Integration and Middleware,Anypoint MQ
Application Integration and Middleware,Apache RocketMQ
Application Integration and Middleware,Apigee
Application Integration and Middleware,AWS AppSync
Application Integration and Middleware,AWS EventBridge
Application Integration and Middleware,AWS Step Functions
Application Integration and Middleware,AWS Transfer for SFTP
Application Integration and Middleware,Axway
Application Integration and Middleware,Axway SecureTransport
Application Integration and Middleware,Azure API Management
Application Integration and Middleware,Azure Event Grid
Application Integration and Middleware,Azure IoT Hub
Application Integration and Middleware,Azure Logic Apps
Application Integration and Middleware,Azure Notification Hubs
Application Integration and Middleware,Azure Queue Storage
Application Integration and Middleware,Azure SignalR Service
Application Integration and Middleware,Bevywise MQTT Broker
Application Integration and Middleware,BizTalk Server
Application Integration and Middleware,Boomi AtomSphere
Application Integration and Middleware,Cleo Integration Cloud
Application Integration and Middleware,Globalscape
Application Integration and Middleware,GoAnywhere MFT
Application Integration and Middleware,Google Cloud Apigee
Application Integration and Middleware,Google Cloud Workflows
Application Integration and Middleware,Google Firebase Cloud Messaging
Application Integration and Middleware,Gravitee.io
Application Integration and Middleware,IBM API Connect
Application Integration and Middleware,IBM Aspera on Cloud
Application Integration and Middleware,IBM Cloud Pak for Integration
Application Integration and Middleware,IBM Sterling File Gateway
Application Integration and Middleware,Infor ION
Application Integration and Middleware,Jitterbit
Application Integration and Middleware,Kong
Application Integration and Middleware,Kong Gateway
Application Integration and Middleware,Layer7 API Gateway
Application Integration and Middleware,Microsoft Graph
Application Integration and Middleware,MOVEit MFT
Application Integration and Middleware,Mule ESB
Application Integration and Middleware,MuleSoft Anypoint Platform
Application Integration and Middleware,NATS
Application Integration and Middleware,Netflix Conductor
Application Integration and Middleware,NextGen Connect Integration Engine
Application Integration and Middleware,Oracle Integration Cloud
Application Integration and Middleware,"Oracle SOA Cloud Service, SOA Suite"
Application Integration and Middleware,PubSub+
Application Integration and Middleware,RabbitMQ
Application Integration and Middleware,RapidAPI
Application Integration and Middleware,Red Hat 3scale API Management
Application Integration and Middleware,Red Hat Fuse
Application Integration and Middleware,Salesforce Connect
Application Integration and Middleware,SAP Cloud Platform Integration
Application Integration and Middleware,SAP Gateway
Application Integration and Middleware,SAP Integration Suite
Application Integration and Middleware,ServiceNow Integration Hub
Application Integration and Middleware,TIBCO Mashery
Application Integration and Middleware,Tray.io
Application Integration and Middleware,Tyk
Application Integration and Middleware,Workday Integration Cloud
Application Integration and Middleware,WSO2 API Manager
Application Integration and Middleware,Boomi
Application Integration and Middleware,Mulesoft
Application Integration and Middleware,PubNub
Application Integration and Middleware,Pusher
Application Integration and Middleware,Conexa
Application Integration and Middleware,Informatica API and Application Integration
Application Integration and Middleware,Informatica B2B Data Exchange
Application Integration and Middleware,ServiceNow Service Graph Connectors
Application Integration and Middleware,SnapLogic- Data Integration and Automation
Application Integration and Middleware,Merge
Application Integration and Middleware,Unito Hub
Application Integration and Middleware,Oracle API Gateway
Application Integration and Middleware,Node-RED
Application Integration and Middleware,TIBCO
Application Integration and Middleware,Apache ActiveMQ
Application Integration and Middleware,Cleo Communications
Application Integration and Middleware,Crossfuze TFS Integration
Application Integration and Middleware,Google Cloud Tasks
Application Integration and Middleware,IFTTT
Application Integration and Middleware,Red Hat AMQ
Application Integration and Middleware,Software AG Universal Messaging
Application Integration and Middleware,Zoho Flow
Application Integration and Middleware,CometD
Application Integration and Middleware,Apache Camel
Application Integration and Middleware,Azure Service Bus
Application Integration and Middleware,Infor OS
Application Integration and Middleware,Mule runtime engine
Application Integration and Middleware,oracle service bus OSB
Application Integration and Middleware,SAP Ariba Cloud Integration Gateway
Application Integration and Middleware,SAP Ariba Integration
Application Integration and Middleware,SAP BTP for Spend Management
Application Integration and Middleware,SAP Manufacturing Integration and Intelligence
Application Integration and Middleware,SAP Process Orchestration
Application Integration and Middleware,SEEBURGER Business Integration Suite
Application Integration and Middleware,webMethods Integration Server
Application Integration and Middleware,Workday Cloud Platform
Application Integration and Middleware,Epic Bridges
Application Integration and Middleware,Apache ServiceMix
Application Integration and Middleware,TIBCO ActiveMatrix
Application Integration and Middleware,TIBCO ActiveMatrix BusinessWorks
Application Integration and Middleware,Workato
Application Integration and Middleware,Make
Application Integration and Middleware,Apache APISIX
Application Integration and Middleware,Integrately
Application Integration and Middleware,Outfunnel
Application Integration and Middleware,SAP Process Integration
Application Integration and Middleware,Apollo Graph
Application Integration and Middleware,Corepoint Integration Engine
Application Integration and Middleware,IBM Sterling B2B Integrator
Application Integration and Middleware,ServiceNow APIs and Integration Tools
Application Integration and Middleware,Software AG
Application Integration and Middleware,webMethods ApplinX
Application Integration and Middleware,webMethods Broker
Application Integration and Middleware,webMethods Trading Networks
Application Integration and Middleware,API Spreadsheets
Application Integration and Middleware,Progress WS_FTP
Application Integration and Middleware,Sheety
Application Integration and Middleware,Zapier
Application Integration and Middleware,Hasura
Application Integration and Middleware,InterSystems Ensemble
Real Estate Software,Partner Driven
Real Estate Software,LeaseHawk
Real Estate Software,ListTrac
Real Estate Software,Zentap
Real Estate Software,Catylist SiteLink
Real Estate Software,LoopNet
Real Estate Software,Crexi
Real Estate Software,Delta Media
Real Estate Software,Flexmls
Real Estate Software,Streamroll
Real Estate Software,AroSoftware
Real Estate Software,Automabots
Real Estate Software,EasyBroker
Real Estate Software,Gestim
Real Estate Software,Lasso CRM
Real Estate Software,Mashore Method
Real Estate Software,MRI Box and Dice
Real Estate Software,MRI Eagle
Real Estate Software,NOCNOK
Real Estate Software,Percy
Real Estate Software,Perfect Storm
Real Estate Software,Praedium
Real Estate Software,Property Shell
Real Estate Software,PropFlo
Real Estate Software,RE-OS.com
Real Estate Software,Sierra Interactive
Real Estate Software,SM Sold
Real Estate Software,StoragePug
Real Estate Software,TRIBUS
Real Estate Software,Kenlo
Real Estate Software,Real Geeks
Real Estate Software,AgentFire
Real Estate Software,Alohome
Real Estate Software,CasaSoft
Real Estate Software,Catylist
Real Estate Software,Dakno
Real Estate Software,Homefiniti
Real Estate Software,CINC
Real Estate Software,CoStar Connect
Real Estate Software,Diverse Solutions
Real Estate Software,eNeighborhoods
Real Estate Software,G5
Real Estate Software,Homebot
Real Estate Software,iHomeFinder
Real Estate Software,Qualia
Real Estate Software,Wolfnet
Real Estate Software,Xceligent
Real Estate Software,Nido Tecnologia
Real Estate Software,Paperless Pipeline
Real Estate Software,Apartments247
Real Estate Software,dotloop
Real Estate Software,Lone Wolf Real Estate
Real Estate Software,onOffice
Real Estate Software,RealScout
Real Estate Software,VTS Platform
Real Estate Software,Zillow
Healthcare Software,athenaOne
Healthcare Software,Intergy
Healthcare Software,Jarvis Analytics
Healthcare Software,AdvancedMD
Healthcare Software,Cerner Registration Management
Healthcare Software,Cerner Scheduling Management
Healthcare Software,ChiroTouch
Healthcare Software,ClearCare
Healthcare Software,Cliniko
Healthcare Software,Doxy.me
Healthcare Software,eCentral
Healthcare Software,EpicCare Ambulatory
Healthcare Software,Eyefinity OfficeMate
Healthcare Software,ezyVet
Healthcare Software,Kareo
Healthcare Software,MDLIVE
Healthcare Software,MD-Staff
Healthcare Software,Netsmart OrderConnect
Healthcare Software,Phreesia
Healthcare Software,Practice Fusion
Healthcare Software,RevenueWell
Healthcare Software,SimplePractice
Healthcare Software,SolutionReach
Healthcare Software,Counseling Kit
Healthcare Software,Kalix
Healthcare Software,Need Street
Healthcare Software,Smile Virtual
Healthcare Software,Jane
Healthcare Software,Denticon
Healthcare Software,Epic MyChart
Healthcare Software,Dr. Leonardo
Healthcare Software,getUBetter
Healthcare Software,Kleer
Healthcare Software,Privia Health
Healthcare Software,Klara
Healthcare Software,TuoTempo
Healthcare Software,Medidata Rave Clinical Cloud
Healthcare Software,Bask Health
Healthcare Software,AthenaHealth
Healthcare Software,Greenway Health Patient Portal
Healthcare Software,CareCloud
Healthcare Software,Caremerge
Healthcare Software,ClinicSense
Healthcare Software,Cosmedcloud
Healthcare Software,Lenus
Healthcare Software,Plait
Healthcare Software,Practice Perfect
Healthcare Software,Spruce
Healthcare Software,TDO Software
Healthcare Software,Tebra
Healthcare Software,REDCap
Healthcare Software,CentralReach
Healthcare Software,Lexicomp Online
Healthcare Software,UpToDate
Healthcare Software,MatrixCare MealTracker
Healthcare Software,PowerScribe 360 Reporting
Healthcare Software,NaviNet Open
Healthcare Software,NextGen Office
Healthcare Software,SystmOne
Healthcare Software,TeleVox
Healthcare Software,Cegedim
Healthcare Software,Cerner i.s.h.med
Healthcare Software,AlayaCare
Healthcare Software,CareLogic EHR
Healthcare Software,Casamba
Healthcare Software,Cerner FirstNet
Healthcare Software,Cerner SurgiNet
Healthcare Software,Elekta MOSAIQ
Healthcare Software,Epic Care Everywhere
Healthcare Software,Epic ClinDoc
Healthcare Software,Epic Health Information Management
Healthcare Software,EpicCare
Healthcare Software,EpicCare Inpatient
Healthcare Software,Homecare Homebase
Healthcare Software,Interqual
Healthcare Software,Netsmart MyEvolv
Healthcare Software,Netsmart myUnity
Healthcare Software,Nuance PowerScribe
Healthcare Software,OncoEMR
Healthcare Software,OnCore CTMS
Healthcare Software,Surgical Information Systems
Healthcare Software,TherapyNotes
Healthcare Software,Veeva CTMS
Healthcare Software,WebPT
Healthcare Software,WellSky
Healthcare Software,WellSky Home Health
Healthcare Software,Cerner
Healthcare Software,Change Healthcare
Healthcare Software,OptumRx
Healthcare Software,Steer Health
Healthcare Software,thera-LINK
Healthcare Software,3M APC Grouper
Healthcare Software,3M KODIP
Healthcare Software,AdvancedEHR
Healthcare Software,AGFA ORBIS
Healthcare Software,Allscripts
Healthcare Software,Availity
Healthcare Software,Canon Vitrea
Healthcare Software,CAQH ProView
Healthcare Software,Cerner CareAware
Healthcare Software,Cerner PathNet
Healthcare Software,Cerner PharmNet
Healthcare Software,Cerner PowerChart
Healthcare Software,Cerner RadNet
Healthcare Software,Covetrus Avimark
Healthcare Software,Covetrus Impromed
Healthcare Software,CPSI
Healthcare Software,Dentrix
Healthcare Software,DrFirst
Healthcare Software,Eaglesoft
Healthcare Software,eClinicalWorks
Healthcare Software,eMDs
Healthcare Software,EMIS Web
Healthcare Software,Epic
Healthcare Software,Epic Anesthesia
Healthcare Software,Epic ASAP
Healthcare Software,Epic Beacon
Healthcare Software,Epic Beaker
Healthcare Software,Epic Cadence
Healthcare Software,Epic Cupid
Healthcare Software,Epic Hyperdrive
Healthcare Software,Epic Identity
Healthcare Software,Epic Optime
Healthcare Software,Epic Prelude
Healthcare Software,Epic Radiant
Healthcare Software,Epic Resolute
Healthcare Software,Epic Stork
Healthcare Software,Epic Willow
Healthcare Software,eScription One
Healthcare Software,Fujifilm Synapse
Healthcare Software,GE MUSE
Healthcare Software,Greenway Health
Healthcare Software,Healthy Planet
Healthcare Software,Intelerad
Healthcare Software,InterSystems HealthShare
Healthcare Software,InterSystems TrakCare
Healthcare Software,Lighthouse 360
Healthcare Software,Lyra Health
Healthcare Software,MEDENT
Healthcare Software,MEDHOST
Healthcare Software,Medisoft
Healthcare Software,MediSYS
Healthcare Software,MEDITECH BBK
Healthcare Software,MEDITECH EHR
Healthcare Software,Meditech Expanse
Healthcare Software,MEDITECH RAD
Healthcare Software,Medrio EDC
Healthcare Software,Medtronic Paceart
Healthcare Software,Mend
Healthcare Software,Modernizing Medicine
Healthcare Software,Netsmart myAvatar
Healthcare Software,Nextech EMR
Healthcare Software,NextGen Healthcare
Healthcare Software,OBIX Perinatal Data System
Healthcare Software,Office Practicum
Healthcare Software,Open Dental
Healthcare Software,OpenClinica
Healthcare Software,Oracle Health Sciences InForm
Healthcare Software,Orchard Software
Healthcare Software,Philips IntelliSpace
Healthcare Software,Philips Tasy
Healthcare Software,Philips Xcelera
Healthcare Software,PracticeWorks
Healthcare Software,Provation MD
Healthcare Software,Raintree Systems
Healthcare Software,RL Suite
Healthcare Software,Sectra PACS
Healthcare Software,SoftDent
Healthcare Software,STARLIMS
Healthcare Software,symplr
Healthcare Software,Thrive EHR
Healthcare Software,Varian ARIA
Healthcare Software,Veradigm EHR
Healthcare Software,Waystar
Healthcare Software,WebMD
Healthcare Software,"Welligent, Part of ContinuumCloud"
Healthcare Software,Mentaya
Healthcare Software,athenahealth Revenue Cycle Services
Healthcare Software,Kroll PMS
Healthcare Software,PointClickCare Senior Living Platform
Healthcare Software,Yardi EHR
Healthcare Software,Testflow
Healthcare Software,drchrono
Healthcare Software,ePet Health
Healthcare Software,SOAP Vault
Data Engineering and Streaming,Alteryx
Data Engineering and Streaming,Alteryx Server
Data Engineering and Streaming,Amazon Kinesis
Data Engineering and Streaming,Amazon Kinesis Data Analytics
Data Engineering and Streaming,Amazon Kinesis Data Streams
Data Engineering and Streaming,Apache Pig
Data Engineering and Streaming,Apache Spark Streaming
Data Engineering and Streaming,Azure Data Lake Analytics
Data Engineering and Streaming,Azure Event Hubs
Data Engineering and Streaming,Azure Stream Analytics
Data Engineering and Streaming,Databricks
Data Engineering and Streaming,Google Cloud Pub/Sub
Data Engineering and Streaming,Supermetrics
Data Engineering and Streaming,Tinybird
Data Engineering and Streaming,Amazon Elastic MapReduce
Data Engineering and Streaming,Amazon EMR
Data Engineering and Streaming,Amazon Kinesis Data Firehose
Data Engineering and Streaming,Amazon Managed Streaming for Apache Kafka
Data Engineering and Streaming,Amazon Managed Workflows for Apache Airflow
Data Engineering and Streaming,Apache Flink
Data Engineering and Streaming,Apache Samza
Data Engineering and Streaming,Apache Storm
Data Engineering and Streaming,Aryson MySQL to MSSQL Converter
Data Engineering and Streaming,AWS Data Pipeline
Data Engineering and Streaming,AWS Database Migration Service
Data Engineering and Streaming,AWS DataSync
Data Engineering and Streaming,AWS Schema Conversion Tool
Data Engineering and Streaming,Azure Data Factory
Data Engineering and Streaming,Azure HDInsight
Data Engineering and Streaming,Cloudera
Data Engineering and Streaming,CloudMover™ for AWS S3
Data Engineering and Streaming,Cloudwatch Logs connector for AWS Glue
Data Engineering and Streaming,Confluent
Data Engineering and Streaming,Confluent Cloud
Data Engineering and Streaming,Flyte
Data Engineering and Streaming,Google Cloud Composer
Data Engineering and Streaming,Google Cloud Data Fusion
Data Engineering and Streaming,Google Cloud Dataflow
Data Engineering and Streaming,Google Cloud Dataproc
Data Engineering and Streaming,HiveMQ
Data Engineering and Streaming,Informatica Cloud Mass Ingestion
Data Engineering and Streaming,Oracle Data Integrator Enterprise Edition
Data Engineering and Streaming,Pravega
Data Engineering and Streaming,Strimzi
Data Engineering and Streaming,Syncsort MFX
Data Engineering and Streaming,uLinga for Kafka
Data Engineering and Streaming,Airbyte
Data Engineering and Streaming,Apache Flume
Data Engineering and Streaming,Apache Kafka
Data Engineering and Streaming,Apache NiFi
Data Engineering and Streaming,Apache Sqoop
Data Engineering and Streaming,ArcGIS GeoEvent Server
Data Engineering and Streaming,AWS Glue
Data Engineering and Streaming,AWS Glue DataBrew
Data Engineering and Streaming,BIOVIA Pipeline Pilot
Data Engineering and Streaming,Cloudera Data Platform
Data Engineering and Streaming,CloverDX
Data Engineering and Streaming,Confluent Open Source
Data Engineering and Streaming,Cribl
Data Engineering and Streaming,Dagster
Data Engineering and Streaming,Flatfile
Data Engineering and Streaming,Fluentd
Data Engineering and Streaming,FME Platform
Data Engineering and Streaming,GDAL
Data Engineering and Streaming,Google Cloud Dataprep
Data Engineering and Streaming,Hightouch
Data Engineering and Streaming,Hortonworks Data Platform
Data Engineering and Streaming,Informatica Cloud Data Integration
Data Engineering and Streaming,Informatica Data Integration Hub
Data Engineering and Streaming,Logstash
Data Engineering and Streaming,Meltano
Data Engineering and Streaming,Oracle Data Integrator
Data Engineering and Streaming,SAP Data Intelligence
Data Engineering and Streaming,Stitch
Data Engineering and Streaming,StreamSets
Data Engineering and Streaming,Striim
Data Engineering and Streaming,Talend Data Integration
Data Engineering and Streaming,Talend Open Studio
Data Engineering and Streaming,Teradata Kylo
Data Engineering and Streaming,Ab Initio
Data Engineering and Streaming,Conduit
Data Engineering and Streaming,Fivetran
Data Engineering and Streaming,Altair Monarch
Data Engineering and Streaming,Databricks Data Intelligence Platform
Data Engineering and Streaming,Datameer
Data Engineering and Streaming,dbt
Data Engineering and Streaming,Informatica RulePoint
Data Engineering and Streaming,Pentaho Data Integration
Data Engineering and Streaming,SSIS Integration Toolkit
Data Engineering and Streaming,Tableau Prep
Data Engineering and Streaming,WhereScape 3D
Data Engineering and Streaming,Alteryx Designer
Data Engineering and Streaming,SAP Central Finance Transaction Replication by insightsoftware
Data Engineering and Streaming,SAP CO-PA Accelerator
Data Engineering and Streaming,SAP Landscape Transformation replication server
Data Engineering and Streaming,Prefect
Data Engineering and Streaming,Airflow
Data Engineering and Streaming,Apache Oozie
Data Engineering and Streaming,Astro by Astronomer
Data Engineering and Streaming,Pulsar
Data Engineering and Streaming,Dimml
Data Engineering and Streaming,Google Cloud IoT Core
Data Engineering and Streaming,Apache Spark
Data Engineering and Streaming,Microsoft SQL Server Integration Services
Data Engineering and Streaming,Oracle Data Pump
Data Engineering and Streaming,Talend
CAD and Engineering Software,Aspen Flare System Analyzer
CAD and Engineering Software,Carrier Hourly Analysis Program
CAD and Engineering Software,3DEXPERIENCE Platform
CAD and Engineering Software,Altium 365
CAD and Engineering Software,Autodesk 360
CAD and Engineering Software,NVIDIA Omniverse
CAD and Engineering Software,Onshape
CAD and Engineering Software,MathWorks
CAD and Engineering Software,OpenFOAM
CAD and Engineering Software,Rhino
CAD and Engineering Software,Simulink
CAD and Engineering Software,Altair HyperView
CAD and Engineering Software,PREEvision
CAD and Engineering Software,CSiBridge
CAD and Engineering Software,Revizto
CAD and Engineering Software,Tekla Model Sharing
CAD and Engineering Software,Siemens COMOS
CAD and Engineering Software,Planoplan
CAD and Engineering Software,ALLPLAN
CAD and Engineering Software,Archicad
CAD and Engineering Software,AutoCAD LT
CAD and Engineering Software,Autodesk AEC Collection
CAD and Engineering Software,Autodesk Civil 3D
CAD and Engineering Software,Autodesk InfraWorks 360
CAD and Engineering Software,AutoPIPE
CAD and Engineering Software,AVEVA Bocad
CAD and Engineering Software,AVEVA E3D Design
CAD and Engineering Software,Bentley
CAD and Engineering Software,Bentley AutoPLANT
CAD and Engineering Software,Bentley GEOPAK
CAD and Engineering Software,Bentley gINT
CAD and Engineering Software,Bentley Hevacomp
CAD and Engineering Software,Bentley MicroStation
CAD and Engineering Software,Bentley OpenFlows
CAD and Engineering Software,Bentley OpenRoads
CAD and Engineering Software,Bentley PondPack
CAD and Engineering Software,Bentley RAM
CAD and Engineering Software,Bentley RAM Connection
CAD and Engineering Software,Bentley SewerGEMS
CAD and Engineering Software,Bentley STAAD
CAD and Engineering Software,Bentley View
CAD and Engineering Software,Bentley WaterCAD
CAD and Engineering Software,CABINET VISION
CAD and Engineering Software,CADWorx
CAD and Engineering Software,CADWorx Plant
CAD and Engineering Software,CAESAR II
CAD and Engineering Software,Civil 3D
CAD and Engineering Software,Covadis
CAD and Engineering Software,DDS-CAD
CAD and Engineering Software,DesignBuilder
CAD and Engineering Software,Dlubal Software
CAD and Engineering Software,Graphisoft
CAD and Engineering Software,GT STRUDL
CAD and Engineering Software,HydroCAD
CAD and Engineering Software,InRoads
CAD and Engineering Software,Intergraph Spoolgen
CAD and Engineering Software,Kujiale
CAD and Engineering Software,MagiCAD
CAD and Engineering Software,midas Civil
CAD and Engineering Software,Navisworks
CAD and Engineering Software,OpenBuildings Designer
CAD and Engineering Software,OpenRoads Designer
CAD and Engineering Software,Revit
CAD and Engineering Software,Rocscience
CAD and Engineering Software,SDS/2
CAD and Engineering Software,Tekla
CAD and Engineering Software,Tekla Structural Designer
CAD and Engineering Software,Trane TRACE
CAD and Engineering Software,Trane TRACE 3D
CAD and Engineering Software,Trane TRACE 700
CAD and Engineering Software,Autodesk
CAD and Engineering Software,ALPHACAM
CAD and Engineering Software,Altair OptiStruct
CAD and Engineering Software,Altium
CAD and Engineering Software,Altium Designer
CAD and Engineering Software,Ansys CFX
CAD and Engineering Software,Ansys Fluent
CAD and Engineering Software,Ansys Fluids
CAD and Engineering Software,Ansys Icepak
CAD and Engineering Software,Ansys Mechanical
CAD and Engineering Software,Ansys medini analyze
CAD and Engineering Software,Ansys SpaceClaim
CAD and Engineering Software,Ansys Workbench
CAD and Engineering Software,AnyLogic
CAD and Engineering Software,ArcGIS CityEngine
CAD and Engineering Software,Arena Simulation
CAD and Engineering Software,ArtiosCAD
CAD and Engineering Software,Aspen Exchanger Design & Rating
CAD and Engineering Software,Aspen HYSYS
CAD and Engineering Software,Aspen Plus
CAD and Engineering Software,Autodesk 3ds Max
CAD and Engineering Software,Autodesk CFD
CAD and Engineering Software,Autodesk Fusion
CAD and Engineering Software,Autodesk Fusion 360
CAD and Engineering Software,Autodesk PartMaker
CAD and Engineering Software,Autodesk PowerShape
CAD and Engineering Software,Autodesk Showcase
CAD and Engineering Software,AutoTURN
CAD and Engineering Software,Bentley RAM Concept
CAD and Engineering Software,Bentley WaterGEMS
CAD and Engineering Software,BobCAD-CAM
CAD and Engineering Software,Cadence Innovus
CAD and Engineering Software,Cadence Virtuoso
CAD and Engineering Software,CADSTAR
CAD and Engineering Software,Cameo Systems Modeler
CAD and Engineering Software,CAMWorks
CAD and Engineering Software,CANoe
CAD and Engineering Software,Chaos Enscape
CAD and Engineering Software,CHEMCAD
CAD and Engineering Software,Cimatron
CAD and Engineering Software,CLO3D
CAD and Engineering Software,CR-8000 Design Force
CAD and Engineering Software,Creo Parametric
CAD and Engineering Software,CYME Power Engineering Software
CAD and Engineering Software,Dassault GEOVIA
CAD and Engineering Software,Dassault MagicDraw
CAD and Engineering Software,Dassault SOLIDWORKS
CAD and Engineering Software,Delcam
CAD and Engineering Software,DriveWorks
CAD and Engineering Software,DynaSCAPE Design
CAD and Engineering Software,EasternGraphics
CAD and Engineering Software,EDGECAM
CAD and Engineering Software,Enscape
CAD and Engineering Software,ePlan
CAD and Engineering Software,ESPRIT
CAD and Engineering Software,ETAP
CAD and Engineering Software,FeatureCAM
CAD and Engineering Software,FlexSim
CAD and Engineering Software,Fred Optical Engineering Software
CAD and Engineering Software,FreeCAD
CAD and Engineering Software,Fuzor
CAD and Engineering Software,GibbsCAM
CAD and Engineering Software,GoldSim
CAD and Engineering Software,HEC-PACK
CAD and Engineering Software,HEC-RAS
CAD and Engineering Software,hyperMILL
CAD and Engineering Software,iBwave Design
CAD and Engineering Software,imos iX
CAD and Engineering Software,Inventor
CAD and Engineering Software,KeyShot
CAD and Engineering Software,LogiKal
CAD and Engineering Software,Lumion
CAD and Engineering Software,Maptek
CAD and Engineering Software,Mastercam
CAD and Engineering Software,Materialise Magics
CAD and Engineering Software,Mathcad Prime
CAD and Engineering Software,Micromine
CAD and Engineering Software,MicroStation
CAD and Engineering Software,Mozaik
CAD and Engineering Software,nTop
CAD and Engineering Software,OpenFlows SewerCAD
CAD and Engineering Software,OpenFlows StormCAD
CAD and Engineering Software,OpticStudio
CAD and Engineering Software,OrCAD Capture
CAD and Engineering Software,OrCAD PCB Designer
CAD and Engineering Software,OrCAD PSpice Designer
CAD and Engineering Software,PADS Professional
CAD and Engineering Software,PCSWMM
CAD and Engineering Software,PHDwin
CAD and Engineering Software,PIPE-FLO
CAD and Engineering Software,PowerMill
CAD and Engineering Software,Proteus
CAD and Engineering Software,PTC Creo
CAD and Engineering Software,PTC Creo Elements/Direct
CAD and Engineering Software,PTC Creo Simulate
CAD and Engineering Software,PTC Mathcad
CAD and Engineering Software,PTC Mathcad Express
CAD and Engineering Software,PTC Mathcad Prime
CAD and Engineering Software,PTV Vissim
CAD and Engineering Software,PV Elite
CAD and Engineering Software,PVsyst
CAD and Engineering Software,RADAN
CAD and Engineering Software,RISA
CAD and Engineering Software,SAP2000
CAD and Engineering Software,Schlumberger Petrel
CAD and Engineering Software,Schrodinger PyMol
CAD and Engineering Software,SCIA
CAD and Engineering Software,SigmaNEST
CAD and Engineering Software,SignCAD
CAD and Engineering Software,Simio
CAD and Engineering Software,SIMUL8
CAD and Engineering Software,Solid Edge
CAD and Engineering Software,SolidWorks Flow Simulation
CAD and Engineering Software,Surfcam
CAD and Engineering Software,Synopsys CODE V
CAD and Engineering Software,Synopsys LightTools
CAD and Engineering Software,Tebis
CAD and Engineering Software,Tecnomatix
CAD and Engineering Software,Thermal Desktop
CAD and Engineering Software,Tinkercad
CAD and Engineering Software,Twinmotion
CAD and Engineering Software,VISI
CAD and Engineering Software,WorkNC
CAD and Engineering Software,Zuken
CAD and Engineering Software,Modelo
CAD and Engineering Software,Vectary
CAD and Engineering Software,Dassault 3DVIA
CAD and Engineering Software,SketchUp
CAD and Engineering Software,SOLIDWORKS Visualize
CAD and Engineering Software,Visual Components
CAD and Engineering Software,ReliaSoft
Network Infrastructure,Scrutinizer
Network Infrastructure,3-GIS | Web
Network Infrastructure,Arista EOS
Network Infrastructure,Arista Extensible Operating System
Network Infrastructure,AWS Cloud WAN
Network Infrastructure,AWS PrivateLink
Network Infrastructure,AWS Transit Gateway
Network Infrastructure,AWS VPN
Network Infrastructure,Azure Network Watcher
Network Infrastructure,Cisco 1700 Series Routers
Network Infrastructure,Cisco 1800 Series Routers
Network Infrastructure,Cisco 2500
Network Infrastructure,Cisco 2600 Series Routers
Network Infrastructure,Cisco 2900 Series Routers
Network Infrastructure,Cisco 2960S
Network Infrastructure,Cisco 3600 Series Routers
Network Infrastructure,Cisco Catalyst 2900 Series
Network Infrastructure,Cisco EnergyWise
Network Infrastructure,Cisco Integrated Services Routers
Network Infrastructure,Cisco Meraki
Network Infrastructure,Cisco Prime Infrastructure
Network Infrastructure,DX Spectrum
Network Infrastructure,Huawei iMaster NCE
Network Infrastructure,Ipswitch WhatsUp Gold
Network Infrastructure,Juniper Networks EX-Series Switches
Network Infrastructure,Juniper Networks MX-Series Routers
Network Infrastructure,Juniper Networks QFX-Series Switches
Network Infrastructure,Micro Focus Network Node Manager i
Network Infrastructure,OpenText Network Automation
Network Infrastructure,SolarWinds NPM
Network Infrastructure,Ubiquiti Network Management System
Network Infrastructure,UniFi SDN
Network Infrastructure,VMware NSX Data Center for vSphere
Network Infrastructure,ThingPark Enterprise
Network Infrastructure,NetScout AirMagnet
Network Infrastructure,Brocade SANnav Management
Network Infrastructure,ServiceNow Discovery
Network Infrastructure,V2Board
Network Infrastructure,DrayTek
Network Infrastructure,IBM VTAM
Network Infrastructure,ManageEngine OpUtils
Network Infrastructure,NetBox
Network Infrastructure,Netgear NGOS
Network Infrastructure,Hirschmann HiOS
Network Infrastructure,UniFi OS
Network Infrastructure,SolarWinds Network Configuration Manager
Network Infrastructure,Spiceworks IP Scanner
Media and Market Monitoring,Google Trends
Media and Market Monitoring,Prowly
Media and Market Monitoring,Sensor Tower
Media and Market Monitoring,Critical Mention
Media and Market Monitoring,Netvibes
Media and Market Monitoring,Reverse Market Insight
Media and Market Monitoring,Sentifi
Media and Market Monitoring,Varos
Media and Market Monitoring,Cision
Media and Market Monitoring,Feedly News Reader
Media and Market Monitoring,Forrester
Media and Market Monitoring,Meltwater
Media and Market Monitoring,Mynewsdesk
Media and Market Monitoring,Presspage
Media and Market Monitoring,Prezly
Media and Market Monitoring,Launchmetrics
Media and Market Monitoring,Netbase
Contact Center Software,NICE inContact
Contact Center Software,Five9
Contact Center Software,Callgear
Contact Center Software,Phonon
Contact Center Software,Sameday
Contact Center Software,Sharpen
Contact Center Software,Voizee
Contact Center Software,Aircall
Contact Center Software,Oracle Scripting
Contact Center Software,Talkdesk
Contact Center Software,Dixa
Contact Center Software,Contact Center Solution
Contact Center Software,Microsoft Customer Care Framework
Contact Center Software,NICE CXone Mpower
Contact Center Software,Daktela Omnichannel
Contact Center Software,ICE
Contact Center Software,Asapp
Contact Center Software,Amazon Connect
Contact Center Software,Anywhere365
Contact Center Software,Avaya Aura Contact Center
Contact Center Software,Avaya Aura Experience Portal
Contact Center Software,Avaya Call Management System
Contact Center Software,Avaya Contact Center
Contact Center Software,Avaya Contact Center Control Manager
Contact Center Software,Cisco Finesse
Contact Center Software,Cisco Packaged Contact Center Enterprise
Contact Center Software,Cisco Unified Contact Center Enterprise
Contact Center Software,Cisco Unified Contact Center Express
Contact Center Software,Cisco Unified Customer Voice Portal
Contact Center Software,Cisco Unified Intelligent Contact Management Enterprise
Contact Center Software,Cisco Unified IP Interactive Voice Response
Contact Center Software,Cisco Unified Web Interaction Manager
Contact Center Software,Exotel Customer Communication Platform
Contact Center Software,Five9 Intelligent Cloud Contact Center Platform
Contact Center Software,Genesys Cloud CX
Contact Center Software,Genesys Contact Center
Contact Center Software,Genesys Engage
Contact Center Software,Genesys PureConnect
Contact Center Software,Google Contact Center AI
Contact Center Software,NICE AIR and Engage
Contact Center Software,SAP Contact Center
Contact Center Software,Twilio Flex
Contact Center Software,VICIdial
Contact Center Software,Webex Contact Center
Contact Center Software,Zendesk Talk
Contact Center Software,Zoom Contact Center
Contact Center Software,SAP BCM
Contact Center Software,Calabrio Workforce Management
Contact Center Software,NICE Workforce Management
Contact Center Software,Verint Workforce Engagement
Contact Center Software,NICE
Contact Center Software,Cardina
Contact Center Software,Chaser
Contact Center Software,Intervo
Contact Center Software,Genesys
Contact Center Software,Ruby Receptionists
AI and Machine Learning Platforms,KNIME
AI and Machine Learning Platforms,Oracle Data Mining
AI and Machine Learning Platforms,Weights & Biases
AI and Machine Learning Platforms,Sistem
AI and Machine Learning Platforms,Vidora
AI and Machine Learning Platforms,Google AI Platform
AI and Machine Learning Platforms,Amazon Comprehend
AI and Machine Learning Platforms,Amazon Elastic Interface
AI and Machine Learning Platforms,Amazon Polly
AI and Machine Learning Platforms,Amazon Rekognition
AI and Machine Learning Platforms,Amazon SageMaker
AI and Machine Learning Platforms,Amazon Textract
AI and Machine Learning Platforms,Amazon Transcribe
AI and Machine Learning Platforms,AWS Bedrock
AI and Machine Learning Platforms,AWS DeepComposer
AI and Machine Learning Platforms,AWS Machine Learning
AI and Machine Learning Platforms,Azure AI Studio
AI and Machine Learning Platforms,Azure AI Translator
AI and Machine Learning Platforms,Azure Cognitive Services
AI and Machine Learning Platforms,Azure Face API
AI and Machine Learning Platforms,Azure Form Recognizer
AI and Machine Learning Platforms,Azure Language Understanding
AI and Machine Learning Platforms,Azure Machine Learning
AI and Machine Learning Platforms,Azure OpenAI Service
AI and Machine Learning Platforms,Azure QnA Maker
AI and Machine Learning Platforms,Charmed Kubeflow
AI and Machine Learning Platforms,ClearML
AI and Machine Learning Platforms,Databricks ML
AI and Machine Learning Platforms,Dataiku
AI and Machine Learning Platforms,Google Cloud AI Platform
AI and Machine Learning Platforms,Google Cloud AutoML
AI and Machine Learning Platforms,Google Cloud Document AI
AI and Machine Learning Platforms,Google Cloud Machine Learning Engine
AI and Machine Learning Platforms,Google Cloud Speech-to-Text
AI and Machine Learning Platforms,Google Cloud Vertex AI
AI and Machine Learning Platforms,Google Cloud Vision API
AI and Machine Learning Platforms,Google Speech API
AI and Machine Learning Platforms,Groq
AI and Machine Learning Platforms,Kubeflow
AI and Machine Learning Platforms,OCI Vision
AI and Machine Learning Platforms,Red Hat Enterprise Linux AI
AI and Machine Learning Platforms,OpenAI
AI and Machine Learning Platforms,Kaggle
AI and Machine Learning Platforms,Hugging Face
AI and Machine Learning Platforms,TFX
AI and Machine Learning Platforms,Amazon DSSTNE
AI and Machine Learning Platforms,H2O Driverless AI
AI and Machine Learning Platforms,IBM Watson
AI and Machine Learning Platforms,IBM Watson Studio
AI and Machine Learning Platforms,RapidMiner
AI and Machine Learning Platforms,SAS Enterprise Miner
AI and Machine Learning Platforms,Microsoft Bing Speech API
AI and Machine Learning Platforms,WellSaid Labs
AI and Machine Learning Platforms,Azure Cognitive Service for Vision
AI and Machine Learning Platforms,TIBCO Statistica
AI and Machine Learning Platforms,BentoML
AI and Machine Learning Platforms,MLflow
AI and Machine Learning Platforms,Mistral AI
AI and Machine Learning Platforms,Gemini Enterprise
AI and Machine Learning Platforms,AI
AI and Machine Learning Platforms,Amazon Mechanical Turk
AI and Machine Learning Platforms,Anthropic Claude
AI and Machine Learning Platforms,Chai Research
AI and Machine Learning Platforms,DALL-E
AI and Machine Learning Platforms,DALL·E 2
AI and Machine Learning Platforms,Gemini
AI and Machine Learning Platforms,Google DeepMind
AI and Machine Learning Platforms,Microsoft Language Understanding Intelligent Service
AI and Machine Learning Platforms,Midjourney
AI and Machine Learning Platforms,NVIDIA TensorRT
AI and Machine Learning Platforms,Open Neural Network Exchange
AI and Machine Learning Platforms,OpenAI GPT-3
AI and Machine Learning Platforms,OpenAI Gym
AI and Machine Learning Platforms,Seldon
AI and Machine Learning Platforms,Clarifai
AI and Machine Learning Platforms,Stammer.ai
AI and Machine Learning Platforms,YourGPT
AI and Machine Learning Platforms,Domino Data Science Platform
AI and Machine Learning Platforms,vLLM
Surveys and User Research,Forsta
Surveys and User Research,InMoment Text Analytics
Surveys and User Research,Loop11
Surveys and User Research,Optimal Workshop
Surveys and User Research,Sprig
Surveys and User Research,Verint
Surveys and User Research,Medallia
Surveys and User Research,Task Analytics
Surveys and User Research,Citizen Space
Surveys and User Research,Thrive Quiz Builder
Surveys and User Research,Ushahidi
Surveys and User Research,Compusense Cloud
Surveys and User Research,Crowdsignal
Surveys and User Research,Press Ganey HX Platform
Surveys and User Research,Verint Voice of the Customer
Surveys and User Research,AskNicely
Surveys and User Research,Poll Maker
Surveys and User Research,Rockee
Surveys and User Research,Wootric
Surveys and User Research,Knocommerce
Surveys and User Research,Poll Everywhere
Surveys and User Research,Qualtrics Strategy & Research
Surveys and User Research,Interact
Surveys and User Research,Qualtrics XM
Surveys and User Research,Slido
Surveys and User Research,Culture Amp
Surveys and User Research,Qualtrics Employee Experience
Surveys and User Research,Workday Peakon Employee Voice
Surveys and User Research,Confirmit
Surveys and User Research,SmartSurvey
Surveys and User Research,Survicate
Surveys and User Research,Formtoro
Surveys and User Research,Google Surveys
Surveys and User Research,LimeSurvey
Surveys and User Research,Maze
Surveys and User Research,QuestionPro
Surveys and User Research,SimplyCast Survey
Surveys and User Research,Useberry
Surveys and User Research,Userlytics
Surveys and User Research,UserTesting
Surveys and User Research,UserZoom
Surveys and User Research,Medallia Video
Surveys and User Research,Alchemer EFM
Surveys and User Research,Fairing
Surveys and User Research,GWI
Surveys and User Research,SurveyCTO
Surveys and User Research,Cint
Surveys and User Research,Enalyzer
Surveys and User Research,Ethnio
Surveys and User Research,ForeSee
Surveys and User Research,InMoment
Surveys and User Research,iPerceptions
Surveys and User Research,Kampyle
Surveys and User Research,Qualaroo
Surveys and User Research,Qualtrics
Surveys and User Research,Questback
Surveys and User Research,SurveyMonkey
Surveys and User Research,Surveypal
Surveys and User Research,UserNeeds
Surveys and User Research,UserReport
Surveys and User Research,Webropol
Surveys and User Research,Bestie
Surveys and User Research,EasyPolls
Surveys and User Research,Informizely
Surveys and User Research,Iterate
Surveys and User Research,Mosio
Surveys and User Research,OpinionBar
Surveys and User Research,Pollster
Surveys and User Research,Refiner
Surveys and User Research,Segmanta
Surveys and User Research,Service Management Group
Surveys and User Research,SimpleSat
Surveys and User Research,Mentimeter
Surveys and User Research,Zoho Survey
Enterprise Data Management,Ckan
Enterprise Data Management,AWS Glue Data Catalog
Enterprise Data Management,Cloudingo
Enterprise Data Management,IBM InfoSphere Platform
Enterprise Data Management,Informatica Data as a Service
Enterprise Data Management,DemandTools
Enterprise Data Management,1WorldSync
Enterprise Data Management,Alation Data Catalog
Enterprise Data Management,Apache Atlas
Enterprise Data Management,Atlan
Enterprise Data Management,AWS Lake Formation
Enterprise Data Management,Azure Data Catalog
Enterprise Data Management,Azure Purview
Enterprise Data Management,D365 Data Quality
Enterprise Data Management,Databricks Unity Catalog
Enterprise Data Management,Denodo
Enterprise Data Management,Google Dataplex
Enterprise Data Management,IBM Cloud Pak for Data
Enterprise Data Management,IBM InfoSphere Information Governance Catalog
Enterprise Data Management,IBM InfoSphere Information Server
Enterprise Data Management,IBM InfoSphere Master Data Management
Enterprise Data Management,IBM InfoSphere QualityStage
Enterprise Data Management,Informatica
Enterprise Data Management,Informatica Cloud Data Quality
Enterprise Data Management,Informatica Data Quality
Enterprise Data Management,Informatica Enterprise Data Catalog
Enterprise Data Management,Informatica MDM – Product 360
Enterprise Data Management,Oracle Data Quality
Enterprise Data Management,Oracle Enterprise Data Management
Enterprise Data Management,Oracle Product Data Hub Cloud
Enterprise Data Management,Oracle Product Master Data Management Cloud
Enterprise Data Management,Profisee
Enterprise Data Management,SAP Advanced Data Migration and Management (SAP ADMM) by Syniti
Enterprise Data Management,"SAP Data Quality Management, microservices for location data"
Enterprise Data Management,SAP Information Steward
Enterprise Data Management,SAS Data Management
Enterprise Data Management,Stibo STEP
Enterprise Data Management,Talend MDM
Enterprise Data Management,TIBCO Data Virtualization
Enterprise Data Management,TIBCO EBX
Enterprise Data Management,TIBCO MDM
Enterprise Data Management,Stibo
Enterprise Data Management,Akeneo PIM
Enterprise Data Management,inriver PIM
Enterprise Data Management,Salsify
Enterprise Data Management,BriteVerify
Enterprise Data Management,NeverBounce
Enterprise Data Management,QuerySurge
Enterprise Data Management,SAP Data Maintenance for ERP by Vistex
Enterprise Data Management,"SAP Master Data Governance, Retail and Fashion Management extension by Utopia"
Enterprise Data Management,Blippa
Enterprise Data Management,Bluestone PIM
Enterprise Data Management,Plytix
Enterprise Data Management,apsona
Enterprise Data Management,SKOS
Enterprise Data Management,SimCorp Gain
Enterprise Data Management,ER/Studio
Enterprise Data Management,Riversand
Enterprise Data Management,SAP NetWeaver Master Data Management
Enterprise Data Management,Stibo MDM
Enterprise Data Management,Stibo PIM
Enterprise Data Management,Stibo Systems
Enterprise Data Management,Veeva Network
Developer Tools,SSMS Tools Pack
Developer Tools,Atlassian Bitbucket
Developer Tools,GitLab
Developer Tools,CasperJS
Developer Tools,Eslint
Developer Tools,Nighwatch.js
Developer Tools,Qunit
Developer Tools,Rails Assets
Developer Tools,Storybook
Developer Tools,webpack
Developer Tools,Chai
Developer Tools,PSPad
Developer Tools,RunKit
Developer Tools,Enzyme
Developer Tools,parcel
Developer Tools,Vite
Developer Tools,AWS Cloud9
Developer Tools,AWS CodeCommit
Developer Tools,AWS Device Farm
Developer Tools,Azure Artifacts
Developer Tools,Azure Container Registry
Developer Tools,Azure Load Testing
Developer Tools,Azure Repos
Developer Tools,Broadcom Service Virtualization
Developer Tools,Cyberduck
Developer Tools,Docker Hub
Developer Tools,GitKraken
Developer Tools,Google Artifact Registry
Developer Tools,Google Colab
Developer Tools,Google Container Registry
Developer Tools,Google Firebase Test Lab
Developer Tools,Micro Focus Performance Center
Developer Tools,Microsoft SQL Server Management Studio
Developer Tools,Microsoft WinDbg
Developer Tools,Navicat for Redis
Developer Tools,pgAdmin
Developer Tools,Repl.it
Developer Tools,SonarQube Cloud
Developer Tools,BMC Compuware File-AID
Developer Tools,Jupyter
Developer Tools,JupyterHub
Developer Tools,JupyterLab
Developer Tools,Android Studio
Developer Tools,Appium
Developer Tools,Babel
Developer Tools,Calabash
Developer Tools,Capybara
Developer Tools,CocoaPods
Developer Tools,ColdFusion Builder
Developer Tools,Composer
Developer Tools,Conan
Developer Tools,Create React App
Developer Tools,Cypress
Developer Tools,Easymock
Developer Tools,Eclipse
Developer Tools,Eclipse IDE
Developer Tools,Espresso
Developer Tools,GitHub Copilot
Developer Tools,Gulp
Developer Tools,IntelliJ IDEA
Developer Tools,JaCoCo
Developer Tools,Jasmine
Developer Tools,Jest
Developer Tools,JUnit
Developer Tools,Maven
Developer Tools,Microsoft Visual C++
Developer Tools,Microsoft Visual Studio Community
Developer Tools,Mocha
Developer Tools,Mockito
Developer Tools,MyEclipse
Developer Tools,NetBeans
Developer Tools,npm
Developer Tools,NuGet
Developer Tools,NUnit
Developer Tools,Oracle JDeveloper
Developer Tools,Puppeteer
Developer Tools,PyCharm
Developer Tools,Pytest
Developer Tools,Radzen Blazor Studio
Developer Tools,Robot Framework
Developer Tools,Selenide
Developer Tools,Selenium WebDriver
Developer Tools,Specflow
Developer Tools,Testng
Developer Tools,Visual Studio
Developer Tools,Xcode
Developer Tools,WebDriverIO
Developer Tools,XCUITest
Developer Tools,Xunit
Developer Tools,WireMock
Developer Tools,Yarn
Developer Tools,Yocto
Developer Tools,Opal
Developer Tools,Progress Software
Developer Tools,RStudio
Developer Tools,SAS Studio
Developer Tools,GitHub Enterprise
Developer Tools,Karma
Developer Tools,Kong Insomnia
Developer Tools,PuTTY
Developer Tools,Visual Studio Team Services
Developer Tools,Phabricator
Developer Tools,Crucible
Developer Tools,FishEye
Developer Tools,Gerrit
Developer Tools,ENTERPRISE ARCHITECT
Developer Tools,SAP eCATT
Developer Tools,SAP PowerBuilder
Developer Tools,SAP PowerDesigner
Developer Tools,Helix ALM
Developer Tools,SpiraTest
Developer Tools,TechExcel DevSuite
Developer Tools,Azure Boards
Developer Tools,Android Debug Bridge
Developer Tools,Apache Ant
Developer Tools,Bazel
Developer Tools,Git
Developer Tools,Gradle
Developer Tools,Gradle Build Tool
Developer Tools,Grunt
Developer Tools,IBM Rational Application Developer
Developer Tools,IBM Rational Software Architect Designer
Developer Tools,InstallShield
Developer Tools,JFrog
Developer Tools,Selenium Grid
Developer Tools,Subversion
Developer Tools,Code Climate
Developer Tools,Microsoft Team Foundation Server
Developer Tools,TortoiseSVN
Developer Tools,Mercurial
Developer Tools,Leapwork
Developer Tools,OpenText UFT One
Developer Tools,QMetry Automation Studio
Developer Tools,Worksoft Certify
Developer Tools,Apache Subversion (SVN) Server on Ubuntu 18.04 LTS
Developer Tools,Codebase
Developer Tools,GitHub
Developer Tools,JetBrains
Developer Tools,JetBrains Space
Developer Tools,SourceForge
Developer Tools,Locust
Developer Tools,Azure Test Plans
Developer Tools,IBM Rational Performance Tester
Developer Tools,IBM Rational Quality Manager
Developer Tools,Katalon Studio
Developer Tools,Keysight Eggplant
Developer Tools,Micro Focus QuickTest Professional
Developer Tools,Oracle Application Testing Suite
Developer Tools,Qase
Developer Tools,QTest
Developer Tools,Saucelabs
Developer Tools,Selenium IDE
Developer Tools,ServiceNow Automated Testing Framework
Developer Tools,Telerik Test Studio
Developer Tools,TestCafe
Developer Tools,TestComplete
Developer Tools,TestLink
Developer Tools,Testmo
Developer Tools,TestRail
Developer Tools,Tricentis qTest
Developer Tools,Tricentis Tosca
Developer Tools,Allure
Developer Tools,Browserstack
Developer Tools,ReadyAPI
Developer Tools,SOAPUI
Developer Tools,BMC Compuware Abend-AID
Developer Tools,BMC Compuware Xpediter
Developer Tools,CA 2E
Developer Tools,CA Endevor
Developer Tools,CA LISA
Developer Tools,codebeamer
Developer Tools,CONDA
Developer Tools,Cursor
Developer Tools,Helix QAC
Developer Tools,IBM ISPF
Developer Tools,IBM Rational Developer for i
Developer Tools,Jama Connect for Requirements Management
Developer Tools,JAWS Inspect
Developer Tools,Karate Labs
Developer Tools,Micro Focus Quality Center Enterprise
Developer Tools,Microsoft Visual SourceSafe
Developer Tools,MobaXTerm
Developer Tools,NaturalONE
Developer Tools,Nexus Repository Manager
Developer Tools,Notepad++
Developer Tools,Polarion
Developer Tools,Posit
Developer Tools,Postman
Developer Tools,PTC Integrity
Developer Tools,Sonatype Nexus Repository
Developer Tools,WinRunner
Developer Tools,Zephyr Enterprise
Developer Tools,Acquia Cloud IDE
Developer Tools,Apiary
Developer Tools,Bluefish
Developer Tools,cgit
Developer Tools,Clockwork
Developer Tools,EditPlus
Developer Tools,Forgejo
Developer Tools,Gitea
Developer Tools,Gitiles
Developer Tools,gitlist
Developer Tools,gitweb
Developer Tools,Gogs
Developer Tools,Module Federation
Developer Tools,OpenGrok
Developer Tools,PHPDebugBar
Developer Tools,Rspack
Developer Tools,ShellInABox
Developer Tools,Turbopack
Developer Tools,Windsurf
Developer Tools,Claude Code
Developer Tools,SonarQube
Developer Tools,Apache JMeter
Developer Tools,Charles Proxy
Developer Tools,Gatling
Developer Tools,Adobe Dreamweaver
Developer Tools,CodePen
Developer Tools,CoffeeCup HTML Editor
Developer Tools,CodeSandbox
Developer Tools,Azure Data Studio
Developer Tools,DataGrip
Developer Tools,DBeaver
Developer Tools,DbVisualizer
Developer Tools,Hue
Developer Tools,Mysql workbench
Developer Tools,phpMyAdmin
Developer Tools,Redgate SQL
Developer Tools,SQL Developer
Developer Tools,SQLpro for Postgres
Developer Tools,Toad DevOps Toolkit
Developer Tools,XMLSpy
Developer Tools,Adminer
Developer Tools,phpPgAdmin
Consent and Privacy Management,Cookie Assistant
Consent and Privacy Management,Borlabs Cookie
Consent and Privacy Management,Cookie Information plugin
Consent and Privacy Management,Cookie Notice
Consent and Privacy Management,Moove GDPR Consent
Consent and Privacy Management,Ultimate GDPR & CCPA
Consent and Privacy Management,CookiePro
Consent and Privacy Management,Crownpeak Universal Consent Platform
Consent and Privacy Management,OneTrust Privacy Automation
Consent and Privacy Management,Osano
Consent and Privacy Management,TrustArc
Consent and Privacy Management,Usercentrics
Consent and Privacy Management,HulkApps GDPR/CCPA Compliance Manager
Consent and Privacy Management,Pandectes
Consent and Privacy Management,Shopify Consent Management
Consent and Privacy Management,Complianz
Consent and Privacy Management,iubenda
Consent and Privacy Management,Sourcepoint Dialogue
Consent and Privacy Management,tarteaucitron
Consent and Privacy Management,2B Advice
Consent and Privacy Management,Acconsento.click
Consent and Privacy Management,AdOpt
Consent and Privacy Management,Alfright
Consent and Privacy Management,Axeptio
Consent and Privacy Management,biskoui
Consent and Privacy Management,Byscuit
Consent and Privacy Management,c15t
Consent and Privacy Management,Clarip
Consent and Privacy Management,clickio
Consent and Privacy Management,Clym
Consent and Privacy Management,Commanders Act TrustCommander
Consent and Privacy Management,Conversant Consent Tool
Consent and Privacy Management,Cookie Control
Consent and Privacy Management,Cookie Script
Consent and Privacy Management,Cookie Seal
Consent and Privacy Management,CookieBAR
Consent and Privacy Management,Cookiebot
Consent and Privacy Management,CookieFirst
Consent and Privacy Management,CookieHub
Consent and Privacy Management,Cybot
Consent and Privacy Management,Didomi
Consent and Privacy Management,Efilli
Consent and Privacy Management,Enzuzo
Consent and Privacy Management,eucookie.eu
Consent and Privacy Management,GDPR Cookie Consent Plugin by Webtoffee
Consent and Privacy Management,GetTerms
Consent and Privacy Management,HubSpot Cookie Policy Banner
Consent and Privacy Management,Ketch
Consent and Privacy Management,Klaro
Consent and Privacy Management,Legal Monster
Consent and Privacy Management,LiveRamp PCM
Consent and Privacy Management,Metomic
Consent and Privacy Management,My Agile Privacy
Consent and Privacy Management,Normi
Consent and Privacy Management,Pandectes GDPR Compliance
Consent and Privacy Management,PieEye
Consent and Privacy Management,Privado
Consent and Privacy Management,Privasee
Consent and Privacy Management,PubTech
Consent and Privacy Management,Quantcast Choice
Consent and Privacy Management,Seers
Consent and Privacy Management,Segment Consent Manager
Consent and Privacy Management,snigel AdConsent
Consent and Privacy Management,Sourcepoint
Consent and Privacy Management,Spatie Laravel Cookie Consent
Consent and Privacy Management,Tealium Consent Management
Consent and Privacy Management,Termly
Consent and Privacy Management,Tramoce
Consent and Privacy Management,TRUENDO
Consent and Privacy Management,Uniconsent
Consent and Privacy Management,VeraSafe
Consent and Privacy Management,Visible Privacy
Consent and Privacy Management,BigID
Consent and Privacy Management,Datagrail
Consent and Privacy Management,Evidon Seal
Consent and Privacy Management,Dataships
Consent and Privacy Management,Vera
Consent and Privacy Management,CookieYes
Consent and Privacy Management,Ghostery
Consent and Privacy Management,OneTrust
Consent and Privacy Management,Q4 Cookie Monster
No-Code App Builders,GoodBarber
No-Code App Builders,Outsystems
No-Code App Builders,Base44
No-Code App Builders,Emergent
No-Code App Builders,MacroActive
No-Code App Builders,Oracle Visual Builder Cloud Service
No-Code App Builders,Betty Blocks
No-Code App Builders,FlutterFlow
No-Code App Builders,GeneXus
No-Code App Builders,Nordcraft
No-Code App Builders,Appian
No-Code App Builders,Google AppSheet
No-Code App Builders,Microsoft Power Apps
No-Code App Builders,Microsoft Power Platform
No-Code App Builders,Microsoft Power Platform AI Builder
No-Code App Builders,Retool
No-Code App Builders,Kintone
No-Code App Builders,SAP Build
No-Code App Builders,ServiceNow Now Platform
No-Code App Builders,BMC Remedy ARS
No-Code App Builders,Pega Platform
No-Code App Builders,ServiceNow UI Builder
No-Code App Builders,Adalo
No-Code App Builders,Appy Pie Builder
No-Code App Builders,Beezer
No-Code App Builders,Hostinger Horizons
No-Code App Builders,Kapix Studio
No-Code App Builders,Lovable
No-Code App Builders,Pickaxe
No-Code App Builders,Softr
No-Code App Builders,StackerHQ
No-Code App Builders,Tunosite
No-Code App Builders,Vitrin.me
No-Code App Builders,WeWeb
No-Code App Builders,Wized
No-Code App Builders,Ycode
No-Code App Builders,Mendix
No-Code App Builders,Formaloo
No-Code App Builders,Apollo Apps
No-Code App Builders,Zoho Creator
No-Code App Builders,Famous
No-Code App Builders,Glide
No-Code App Builders,ServiceNow App Engine
No-Code App Builders,Unqork
No-Code App Builders,Visual LANSA
No-Code App Builders,Appifiny
No-Code App Builders,FintechOS
No-Code App Builders,FormWise
No-Code App Builders,MarsX
No-Code App Builders,Temenos Quantum
No-Code App Builders,Bubble.io
No-Code App Builders,Appsmith
No-Code App Builders,ArcGIS Web AppBuilder
No-Code App Builders,Community Box
No-Code App Builders,Caspio
No-Code App Builders,Oracle APEX
No-Code App Builders,Quickbase
No-Code App Builders,Knack
No-Code App Builders,Airtable
Point of Sale and Retail Management,TouchBistro
Point of Sale and Retail Management,MyDryCleaner
Point of Sale and Retail Management,RepairShopr
Point of Sale and Retail Management,Aloha POS
Point of Sale and Retail Management,Jonas POS
Point of Sale and Retail Management,Lightspeed
Point of Sale and Retail Management,Lightspeed Retail
Point of Sale and Retail Management,Manhattan Active Omni
Point of Sale and Retail Management,NCR Counterpoint
Point of Sale and Retail Management,Oracle Retail Xstore Point-of-Service
Point of Sale and Retail Management,Retail Pro
Point of Sale and Retail Management,Revel iPad POS
Point of Sale and Retail Management,Shopify POS
Point of Sale and Retail Management,BinderPOS
Point of Sale and Retail Management,BLAZE
Point of Sale and Retail Management,BookManager
Point of Sale and Retail Management,Bsale
Point of Sale and Retail Management,Innovorder
Point of Sale and Retail Management,Rain
Point of Sale and Retail Management,Rezku
Point of Sale and Retail Management,Sitoo
Point of Sale and Retail Management,Touch2Success
Point of Sale and Retail Management,Celerant
Point of Sale and Retail Management,Upserve
Point of Sale and Retail Management,Linga rOS
Point of Sale and Retail Management,ORNATE-NX
Point of Sale and Retail Management,Toast
Point of Sale and Retail Management,Yellow Dog Inventory
Point of Sale and Retail Management,NewStore
Point of Sale and Retail Management,QuickBooks POS
Point of Sale and Retail Management,Agilysys InfoGenesis
Point of Sale and Retail Management,Oracle Hospitality RES
Point of Sale and Retail Management,Clover
Point of Sale and Retail Management,Square POS
Point of Sale and Retail Management,SpotOn
Point of Sale and Retail Management,Salesfloor
Localization and Translation,WPML
Localization and Translation,GTranslate
Localization and Translation,Polylang
Localization and Translation,Translate WordPress
Localization and Translation,TranslatePress
Localization and Translation,WooCommerce Multilingual
Localization and Translation,LangShop
Localization and Translation,Google Translate
Localization and Translation,Microsoft Translator
Localization and Translation,TransPerfect Services
Localization and Translation,Bablic
Localization and Translation,Crowdin
Localization and Translation,Lokalise
Localization and Translation,memoQ
Localization and Translation,memoQ server
Localization and Translation,One Link by Translations.com
Localization and Translation,Trados Studio
Localization and Translation,DeepL
Localization and Translation,Easyling
Localization and Translation,MotionPoint
Localization and Translation,Slate Desktop
Localization and Translation,Smartling
Localization and Translation,Transifex
Localization and Translation,ConveyThis
Localization and Translation,Conword
Localization and Translation,langify
Localization and Translation,Linguise
Localization and Translation,Pluglin
Localization and Translation,Weblate
Localization and Translation,Weglot
Localization and Translation,Linguana
Localization and Translation,Google translate API
Localization and Translation,Google translate widget
Localization and Translation,Multilingual
Technical Documentation,BetterDocs plugin
Technical Documentation,Swagger UI
Technical Documentation,Quarto
Technical Documentation,Javadoc
Technical Documentation,IT Glue
Technical Documentation,Zoomin
Technical Documentation,Docusaurus
Technical Documentation,Oracle UPK
Technical Documentation,Adobe FrameMaker
Technical Documentation,Adobe RoboHelp
Technical Documentation,Document360
Technical Documentation,Helpjuice
Technical Documentation,HelpNDoc
Technical Documentation,MadCap
Technical Documentation,Oxygen XML Editor
Technical Documentation,Paligo
Technical Documentation,PTC Arbortext
Technical Documentation,Readme
Technical Documentation,zeroheight
Technical Documentation,Released
Technical Documentation,Headway
Technical Documentation,ReDoc
Technical Documentation,Stoplight
Technical Documentation,SwaggerHub
Technical Documentation,AnnounceKit
Technical Documentation,Asciidoctor
Technical Documentation,BetterDocs
Technical Documentation,BookStack
Technical Documentation,Bump
Technical Documentation,ClickHelp
Technical Documentation,DocFX
Technical Documentation,Docsify
Technical Documentation,Doctave
Technical Documentation,Doxygen
Technical Documentation,Furo
Technical Documentation,GitBook
Technical Documentation,Haddock
Technical Documentation,LaunchNotes
Technical Documentation,Manula
Technical Documentation,mdBook
Technical Documentation,MkDocs
Technical Documentation,Noticeable
Technical Documentation,phpDocumentor
Technical Documentation,Postman API Documentation
Technical Documentation,PyData Sphinx Theme
Technical Documentation,Raneto
Technical Documentation,RDoc
Technical Documentation,Read the Docs
Technical Documentation,ReSpec
Technical Documentation,Scalar
Technical Documentation,Speca
Technical Documentation,Sphinx
Technical Documentation,Starlight
Technical Documentation,TypeDoc
Technical Documentation,YUI Doc
Technical Documentation,Zensical
Design and Publishing Software,Tooning
Design and Publishing Software,Flyvi
Design and Publishing Software,Spline
Design and Publishing Software,Avid Sibelius
Design and Publishing Software,MuseScore
Design and Publishing Software,Draw.io
Design and Publishing Software,Figma
Design and Publishing Software,Gliffy
Design and Publishing Software,InVision
Design and Publishing Software,Xmind
Design and Publishing Software,Adobe Creative Cloud Express
Design and Publishing Software,Adobe Creative Suite
Design and Publishing Software,Adobe Express
Design and Publishing Software,Adobe InCopy
Design and Publishing Software,Adobe InDesign
Design and Publishing Software,Canva
Design and Publishing Software,Lucidpress
Design and Publishing Software,Pixlr
Design and Publishing Software,Venngage
Design and Publishing Software,Adobe Fresco
Design and Publishing Software,Adobe Photoshop
Design and Publishing Software,Adobe Photoshop Lightroom
Design and Publishing Software,Adobe Photoshop Lightroom Classic
Design and Publishing Software,ChemDraw
Design and Publishing Software,Corel PaintShop Pro
Design and Publishing Software,Krita
Design and Publishing Software,Oculus Medium
Design and Publishing Software,Procreate
Design and Publishing Software,BannerBoo
Design and Publishing Software,Pixc
Design and Publishing Software,Adobe Aero
Design and Publishing Software,Adobe Animate
Design and Publishing Software,Adobe Dimension
Design and Publishing Software,Adobe Fireworks
Design and Publishing Software,Adobe Illustrator
Design and Publishing Software,Adobe Photoshop CC
Design and Publishing Software,Adobe XD
Design and Publishing Software,Axure RP
Design and Publishing Software,Balsamiq
Design and Publishing Software,Bannersnack
Design and Publishing Software,Flinto
Design and Publishing Software,Google Web Designer
Design and Publishing Software,HTML5 Maker
Design and Publishing Software,Infogram
Design and Publishing Software,Justinmind
Design and Publishing Software,Microsoft Publisher
Design and Publishing Software,Mockplus
Design and Publishing Software,Moqups
Design and Publishing Software,Piktochart Visual
Design and Publishing Software,Proto.io
Design and Publishing Software,ProtoPie
Design and Publishing Software,Sketch
Design and Publishing Software,SmartDraw
Design and Publishing Software,UXPin
Design and Publishing Software,Visme
Design and Publishing Software,Xara
Design and Publishing Software,Xara 3D Maker 7
Design and Publishing Software,Principle
Design and Publishing Software,Chameleon Power
Server and Endpoint Hardware,Dell Technologies
Server and Endpoint Hardware,Dell EMC Vblock
Server and Endpoint Hardware,Dell EMC VCE
Server and Endpoint Hardware,HTC VIVE
Server and Endpoint Hardware,IBM System i Midrange Computing Server
Server and Endpoint Hardware,Realwear
Server and Endpoint Hardware,VxRail
Server and Endpoint Hardware,Dell EMC VxRail
Server and Endpoint Hardware,Oracle Database Appliance
Server and Endpoint Hardware,VMware vSAN ReadyNode
Server and Endpoint Hardware,Oracle SuperCluster
Server and Endpoint Hardware,HP iLO
Server and Endpoint Hardware,Intel Active Management Technology
Server and Endpoint Hardware,Apple iPhone
Server and Endpoint Hardware,Apple Mac Pro
Server and Endpoint Hardware,Apple MacBook Air
Server and Endpoint Hardware,Apple MacBook Pro
Server and Endpoint Hardware,Apple Watch
Server and Endpoint Hardware,NVIDIA DGX-1
Server and Endpoint Hardware,Samsung Tablets
Operating Systems,Amazon Linux 2
Operating Systems,Amazon Linux AMI
Operating Systems,Apple OS X Server
Operating Systems,CoreOS
Operating Systems,HTCondor 8.9.9 on Amazon Linux 2
Operating Systems,IBM JES2
Operating Systems,IGEL Endpoints
Operating Systems,Microsoft Windows Server 2000
Operating Systems,Microsoft Windows Server 2003
Operating Systems,Microsoft Windows Server 2008
Operating Systems,Microsoft Windows Server 2012
Operating Systems,Microsoft Windows Server 2016
Operating Systems,Microsoft Windows Server 2019
Operating Systems,Microsoft Windows Server 2022
Operating Systems,Red Hat
Operating Systems,Red Hat Cluster Suite
Operating Systems,SUSE
Operating Systems,Windows 10 IoT Core Services
Operating Systems,Android
Operating Systems,Arm Mbed OS
Operating Systems,Zephyr
Operating Systems,Apple iOS
Operating Systems,Tizen
Operating Systems,IBM i
Operating Systems,IGEL
Operating Systems,CentOS
Operating Systems,Debian
Operating Systems,FreeBSD
Operating Systems,Rocky Linux
Operating Systems,Oracle Linux
Operating Systems,Red Hat Enterprise Linux
Operating Systems,Windows Server
Operating Systems,Ubuntu
Operating Systems,Apple macOS Big Sur
Operating Systems,Apple macOS Server
Operating Systems,Apple OS X Yosemite
Operating Systems,Fedora
Operating Systems,IBM i on Power Systems
Operating Systems,IBM z/OS Operating System
Operating Systems,IBM z/VSE Operating System
Operating Systems,Linux OS
Operating Systems,macOS Sierra
Operating Systems,Microsoft Windows 10
Operating Systems,Microsoft Windows Vista
Operating Systems,Microsoft Windows XP
Operating Systems,OpenVMS
Operating Systems,Oracle Solaris
Operating Systems,Oracle Solaris 10
Operating Systems,Oracle Solaris 11
Operating Systems,Oracle Solaris 8
Operating Systems,Oracle Solaris 9
Operating Systems,SLURM Workload Manager
Operating Systems,Solaris 7
Operating Systems,Unix
Operating Systems,WebOS
Operating Systems,Windows 11
Operating Systems,Windows 7
Operating Systems,Windows 8
Operating Systems,Windows for IoT
Operating Systems,AlmaLinux
Operating Systems,Alpine Linux
Operating Systems,Darwin
Operating Systems,Gentoo
Operating Systems,Raspbian
Operating Systems,Scientific Linux
Operating Systems,SunOS
Operating Systems,Windows CE
Operating Systems,YunoHost
Operating Systems,Microsoft Windows
Virtualization and Containers,Amazon AppStream 2.0
Virtualization and Containers,Amazon EC2 Container Service
Virtualization and Containers,Amazon EKS Anywhere
Virtualization and Containers,Amazon Elastic Container Registry
Virtualization and Containers,Amazon Elastic Container Service
Virtualization and Containers,Amazon Elastic Kubernetes Service
Virtualization and Containers,Amazon VPC Lattice
Virtualization and Containers,Amazon WorkSpaces
Virtualization and Containers,Apache CloudStack
Virtualization and Containers,Apache Mesos
Virtualization and Containers,AWS App Mesh
Virtualization and Containers,Azure IoT Edge
Virtualization and Containers,Azure Stack HCI
Virtualization and Containers,Canonical LXD
Virtualization and Containers,Canonical MicroK8s
Virtualization and Containers,Cilium
Virtualization and Containers,Citrix
Virtualization and Containers,Citrix DaaS
Virtualization and Containers,Citrix Provisioning
Virtualization and Containers,Citrix Virtual Apps
Virtualization and Containers,Citrix Virtual Desktops
Virtualization and Containers,Cloud Foundry
Virtualization and Containers,D2iQ
Virtualization and Containers,DC/OS
Virtualization and Containers,Docker EE
Virtualization and Containers,Gloo Mesh
Virtualization and Containers,Google Cloud Anthos
Virtualization and Containers,Google Cloud Knative
Virtualization and Containers,Google Hybrid Cloud
Virtualization and Containers,Google Kubernetes Engine
Virtualization and Containers,HashiCorp Consul
Virtualization and Containers,Istio
Virtualization and Containers,Istio on GKE
Virtualization and Containers,K3s
Virtualization and Containers,Kong Mesh
Virtualization and Containers,KVM
Virtualization and Containers,Linkerd
Virtualization and Containers,Mesosphere
Virtualization and Containers,Microsoft App-V
Virtualization and Containers,Microsoft Hyper-V Server
Virtualization and Containers,Microsoft Virtual Server
Virtualization and Containers,Microsoft Windows 365 Cloud PC
Virtualization and Containers,Microsoft Windows Virtual Desktop
Virtualization and Containers,Nerdio Manager
Virtualization and Containers,Nutanix AHV
Virtualization and Containers,Nutanix Move
Virtualization and Containers,Nutanix Prism
Virtualization and Containers,Omnissa Horizon
Virtualization and Containers,OpenNebula
Virtualization and Containers,OpenStack
Virtualization and Containers,Oracle Container Engine for Kubernetes
Virtualization and Containers,Oracle Virtualization
Virtualization and Containers,Parallels
Virtualization and Containers,Parallels DaaS
Virtualization and Containers,Proxmox VE
Virtualization and Containers,Rancher Labs
Virtualization and Containers,Rancher RKE
Virtualization and Containers,Red Hat OpenShift
Virtualization and Containers,Red Hat OpenShift 3.x
Virtualization and Containers,Red Hat OpenShift 4.x
Virtualization and Containers,Red Hat OpenShift Dedicated
Virtualization and Containers,Red Hat OpenStack Platform
Virtualization and Containers,Red Hat Virtualization
Virtualization and Containers,Remote Desktop Services
Virtualization and Containers,Tanzu
Virtualization and Containers,Tanzu Kubernetes Grid
Virtualization and Containers,VMware
Virtualization and Containers,VMware App Volumes
Virtualization and Containers,VMware Cloud Director
Virtualization and Containers,VMware Cloud Foundation
Virtualization and Containers,VMware Distributed Resource Scheduler
Virtualization and Containers,VMware Enterprise PKS
Virtualization and Containers,VMware ESX 3.0
Virtualization and Containers,VMware ESX 3.5
Virtualization and Containers,VMware ESXi
Virtualization and Containers,VMware ESXi 5.0
Virtualization and Containers,VMware HCI
Virtualization and Containers,VMware HCX
Virtualization and Containers,VMware Horizon
Virtualization and Containers,VMware Horizon Client
Virtualization and Containers,VMware Storage vMotion
Virtualization and Containers,VMware ThinApp
Virtualization and Containers,VMware vCenter
Virtualization and Containers,VMware vCenter Converter
Virtualization and Containers,VMware vCloud
Virtualization and Containers,VMware vCloud Director
Virtualization and Containers,VMware Virtual Desktop Infrastructure
Virtualization and Containers,vSphere Fault Tolerance
Virtualization and Containers,vSphere High Availability
Virtualization and Containers,vSphere vMotion
Virtualization and Containers,Windows Azure Pack
Virtualization and Containers,vSphere
Virtualization and Containers,Azure Virtual Desktop
Virtualization and Containers,Nutanix Acropolis
Virtualization and Containers,Kiali
Virtualization and Containers,Citrix StoreFront
Virtualization and Containers,Docker Compose
Virtualization and Containers,Docker Swarm
Virtualization and Containers,Hashicorp Nomad
Virtualization and Containers,Microsoft System Center Virtual Machine Manager
Virtualization and Containers,Podman
Virtualization and Containers,Portainer
Virtualization and Containers,Docker
Virtualization and Containers,Kubernetes
Virtualization and Containers,Citrix Director
Virtualization and Containers,Citrix Profile Management
Virtualization and Containers,Citrix Workspace
Virtualization and Containers,VirtFusion
Virtualization and Containers,cri-o
Virtualization and Containers,EKS-Milpa
Virtualization and Containers,IBM z/VM Operating System
Virtualization and Containers,Lens
Virtualization and Containers,Kubernetes Dashboard
Enterprise Storage,Amazon Elastic File System
Enterprise Storage,Amazon S3 Glacier
Enterprise Storage,Apache Hadoop HDFS
Enterprise Storage,AWS Data Lake Storage
Enterprise Storage,Azure Blob Storage
Enterprise Storage,Azure Data Lake Storage
Enterprise Storage,Azure Disk Storage
Enterprise Storage,Azure Files
Enterprise Storage,Azure NetApp Files
Enterprise Storage,Azure StorSimple
Enterprise Storage,BeeGFS
Enterprise Storage,Cloudian HyperStore
Enterprise Storage,Datacore SDS
Enterprise Storage,Dell ECS Enterprise Object Storage
Enterprise Storage,GlusterFS
Enterprise Storage,IBM DFSMS
Enterprise Storage,IBM Storage Suite for IBM Cloud Paks
Enterprise Storage,Microsoft Distributed File System
Enterprise Storage,MinIO
Enterprise Storage,NetApp Common Internet File System
Enterprise Storage,NetApp MetroCluster
Enterprise Storage,NetApp SnapLock
Enterprise Storage,NetApp SnapMirror
Enterprise Storage,NetApp SnapShot
Enterprise Storage,NetApp StorageGRID
Enterprise Storage,Portworx
Enterprise Storage,Qnap
Enterprise Storage,Qumulo Core
Enterprise Storage,Rancher Longhorn
Enterprise Storage,Red Hat Gluster Server
Enterprise Storage,Scality Artesca
Enterprise Storage,VMware vSAN
Enterprise Storage,Synology DiskStation
Enterprise Storage,Amazon S3
Enterprise Storage,Digital Ocean Spaces
Enterprise Storage,Google Cloud Storage
Enterprise Storage,Azure Data Box
Enterprise Storage,Ceph File System
Enterprise Storage,Microsoft Windows Storage Spaces Direct
Enterprise Storage,Oracle Automatic Storage Management
Enterprise Storage,Synology
Enterprise Storage,Acronis Disk Director
Enterprise Storage,CA 1 Tape Management
Enterprise Storage,Data Storage
Enterprise Storage,Rook.io
Enterprise Storage,Ceph
Enterprise Storage,Dell EMC Elastic Cloud Storage
Enterprise Storage,Oracle ZFS
Printers and Imaging Hardware,Epson
Printers and Imaging Hardware,HP Web Jetadmin
Printers and Imaging Hardware,Loftware NiceLabel
Printers and Imaging Hardware,PaperCut
Printers and Imaging Hardware,YSoft SAFEQ
Printers and Imaging Hardware,Zebra Print
Telecommunications Carriers,Level 3 Communications
Telecommunications Carriers,Masergy
Telecommunications Carriers,MegaPath
Telecommunications Carriers,Tata Communications
Telecommunications Carriers,TPx Managed Services
Telecommunications Carriers,IELO
Telecommunications Carriers,Sprint
Telecommunications Carriers,TDC
Telecommunications Carriers,LG Uplus
Telecommunications Carriers,Swisscom
Telecommunications Carriers,Telstra
Telecommunications Carriers,Vodafone Ziggo
Telecommunications Carriers,AboveNet
Telecommunications Carriers,Cogent
Telecommunications Carriers,Colt
Telecommunications Carriers,Comcast
Telecommunications Carriers,Telepacific
Telecommunications Carriers,Verizon
Telecommunications Carriers,XO Communications
Web and Application Servers,IBM WebSphere Hybrid Edition
Web and Application Servers,IBM WebSphere Virtual Enterprise
Web and Application Servers,Oracle Fusion Middleware
Web and Application Servers,Oracle Internet Application Server
Web and Application Servers,Oracle Java Cloud Service
Web and Application Servers,Oracle WebLogic Server
Web and Application Servers,Payara Server
Web and Application Servers,Pivotal tc Server
Web and Application Servers,Apache Tomcat
Web and Application Servers,Develatio's ExpressJS AMI
Web and Application Servers,Standalone Tomcat - Java Servlet and JSP Platform by TurnKey Linux
Web and Application Servers,Wildfly
Web and Application Servers,H2O
Web and Application Servers,SAP NetWeaver
Web and Application Servers,Red Hat JBoss Enterprise Application Platform
Web and Application Servers,IBM Websphere
Web and Application Servers,Apache HTTP Server
Web and Application Servers,Eclipse Jetty
Web and Application Servers,Oracle GlassFish
Web and Application Servers,Oracle HTTP Server
Web and Application Servers,Red Hat JBoss Web Server
Web and Application Servers,Zend Server
Web and Application Servers,Angie
Web and Application Servers,AOLserver
Web and Application Servers,Artifactory Web Server
Web and Application Servers,Caddy
Web and Application Servers,Cherokee
Web and Application Servers,Cowboy
Web and Application Servers,Daphne
Web and Application Servers,ELOG HTTP
Web and Application Servers,EmbedThis Appweb
Web and Application Servers,EZproxy
Web and Application Servers,Ferron
Web and Application Servers,GoAhead
Web and Application Servers,Google Web Server
Web and Application Servers,Hiawatha
Web and Application Servers,HP Compact Server
Web and Application Servers,Hypercorn
Web and Application Servers,IIS
Web and Application Servers,JBoss Application Server
Web and Application Servers,Kangle
Web and Application Servers,Kestrel
Web and Application Servers,libwww-perl-daemon
Web and Application Servers,lighttpd
Web and Application Servers,LiteSpeed
Web and Application Servers,LlamaLink Cloud Server
Web and Application Servers,Microsoft HTTPAPI
Web and Application Servers,mini_httpd
Web and Application Servers,MiniServ
Web and Application Servers,MochiWeb
Web and Application Servers,Mongrel
Web and Application Servers,Monkey HTTP Server
Web and Application Servers,OpenBSD httpd
Web and Application Servers,OpenGSE
Web and Application Servers,RoadRunner
Web and Application Servers,RX Web Server
Web and Application Servers,SimpleHTTP
Web and Application Servers,Starlet
Web and Application Servers,Tengine
Web and Application Servers,thttpd
Web and Application Servers,TornadoServer
Web and Application Servers,TwistedWeb
Web and Application Servers,Uvicorn
Web and Application Servers,Warp
Web and Application Servers,WEBrick
Web and Application Servers,Winstone Servlet Container
Web and Application Servers,XAMPP
Web and Application Servers,Xitami
Web and Application Servers,Yaws
Web and Application Servers,Zope
Web and Application Servers,Apache
Web and Application Servers,BT Web Server
Web and Application Servers,Gunicorn
Web and Application Servers,IBM HTTP Server
Web and Application Servers,Microsoft-IIS
Web and Application Servers,Nginx
Web and Application Servers,Oracle Application Server
Web and Application Servers,Oracle iPlanet Web Server
Web and Application Servers,Phusion Passenger
Web and Application Servers,Zeus
Web and Application Servers,IBM CICS Transaction Server
Web and Application Servers,Posit Connect
Web and Application Servers,Resin
Web and Application Servers,Appwrite
Web and Application Servers,Engintron
Web and Application Servers,h5ai
Web and Application Servers,mod_auth_pam
Web and Application Servers,mod_dav
Web and Application Servers,mod_fastcgi
Web and Application Servers,mod_jk
Web and Application Servers,mod_perl
Web and Application Servers,mod_python
Web and Application Servers,mod_rack
Web and Application Servers,mod_rails
Web and Application Servers,mod_ssl
Web and Application Servers,mod_wsgi
Web and Application Servers,OpenResty
Web and Application Servers,SAP Sybase EAServer
